modelo,bloco,mes_alvo,ano,mes,regiao,n,sse,soma_erro,soma_erro_absoluto,sse_area,peso_area
unet,H1,2007-01-01,2007,1,dominio_inteiro,78561,252813.4586426329,18448.496235519648,88414.97943687811,237316.3079767804,67475.78503925544
unet,H1,2007-01-01,2007,1,lat_menor_que_menos35,26100,26462.825601996312,2095.497803494334,18153.74264059961,19149.22142323976,17451.68248953376
unet,H1,2007-01-01,2007,1,lat_menos35_a_menos15,20880,85497.08698674057,-7006.864868156612,26552.83303138241,78296.7864987408,18808.59412325443
unet,H1,2007-01-01,2007,1,lat_maior_igual_menos15,31581,140853.54605389605,23359.863300181925,43708.403764896095,139870.30005479982,31215.50842646724
unet,H1,2007-02-01,2007,2,dominio_inteiro,78561,360761.7660705571,7698.652322448092,106820.177691126,344039.3896353772,67475.78503925544
unet,H1,2007-02-01,2007,2,lat_menor_que_menos35,26100,30563.03146776424,1674.086950391531,21405.077570170164,22082.89284501517,17451.68248953376
unet,H1,2007-02-01,2007,2,lat_menos35_a_menos15,20880,72792.07795065016,-3476.3757311000954,24625.27631050884,66510.06339753348,18808.59412325443
unet,H1,2007-02-01,2007,2,lat_maior_igual_menos15,31581,257406.6566521428,9500.941103156656,60789.82381044701,255446.43339282853,31215.50842646724
unet,H1,2007-03-01,2007,3,dominio_inteiro,78561,348828.40855413565,-5968.005813099444,96364.90710223466,328407.1508377838,67475.78503925544
unet,H1,2007-03-01,2007,3,lat_menor_que_menos35,26100,27285.61358248799,-4160.388754099608,17901.088426560163,20005.30343644085,17451.68248953376
unet,H1,2007-03-01,2007,3,lat_menos35_a_menos15,20880,106735.83601645772,5834.602982737124,29760.819073960185,94716.68293197516,18808.59412325443
unet,H1,2007-03-01,2007,3,lat_maior_igual_menos15,31581,214806.95895519,-7642.22004173696,48702.99960171431,213685.16446936785,31215.50842646724
unet,H1,2007-04-01,2007,4,dominio_inteiro,78561,165096.3600663377,-5292.969720738009,69047.37445710786,153600.81182662296,67475.78503925544
unet,H1,2007-04-01,2007,4,lat_menor_que_menos35,26100,28383.69673955764,-5622.285224378109,18717.755958855152,19197.856729476676,17451.68248953376
unet,H1,2007-04-01,2007,4,lat_menos35_a_menos15,20880,16678.434241157112,1989.2018703650683,12843.281386451796,14817.827276949072,18808.59412325443
unet,H1,2007-04-01,2007,4,lat_maior_igual_menos15,31581,120034.2290856229,-1659.886366724968,37486.33711180091,119585.1278201972,31215.50842646724
unet,H1,2007-05-01,2007,5,dominio_inteiro,78561,287413.25092370604,153.2139742206782,86596.29968598671,269107.79796610895,67475.78503925544
unet,H1,2007-05-01,2007,5,lat_menor_que_menos35,26100,54125.03281328517,7623.974949121475,24042.053723335262,40143.951692890456,17451.68248953376
unet,H1,2007-05-01,2007,5,lat_menos35_a_menos15,20880,24520.768217753437,-2296.9469949621707,14333.061806039885,21265.280398450584,18808.59412325443
unet,H1,2007-05-01,2007,5,lat_maior_igual_menos15,31581,208767.44989266744,-5173.813979938626,48221.18415661156,207698.565874768,31215.50842646724
unet,H1,2007-06-01,2007,6,dominio_inteiro,78561,205519.33649806224,19126.228018213063,75186.26703513786,194213.76651498227,67475.78503925544
unet,H1,2007-06-01,2007,6,lat_menor_que_menos35,26100,25767.015706782367,-578.3614877462387,18033.71031987667,18197.419035090683,17451.68248953376
unet,H1,2007-06-01,2007,6,lat_menos35_a_menos15,20880,23636.163637463786,7048.884733568877,14738.460158031434,21033.502252999915,18808.59412325443
unet,H1,2007-06-01,2007,6,lat_maior_igual_menos15,31581,156116.15715381608,12655.704772390423,42414.09655722976,154982.84522689163,31215.50842646724
unet,H1,2007-07-01,2007,7,dominio_inteiro,78561,149238.89861256097,12234.074669528753,63922.61194750294,138560.78499562005,67475.78503925544
unet,H1,2007-07-01,2007,7,lat_menor_que_menos35,26100,25986.251940510138,2143.531771183014,17973.991917729378,18822.977525025133,17451.68248953376
unet,H1,2007-07-01,2007,7,lat_menos35_a_menos15,20880,21042.369011006824,1059.432390805334,14419.020162764937,18338.62081262341,18808.59412325443
unet,H1,2007-07-01,2007,7,lat_maior_igual_menos15,31581,102210.277661044,9031.110507540405,31529.599867008623,101399.18665797151,31215.50842646724
unet,H1,2007-08-01,2007,8,dominio_inteiro,78561,221302.3842899484,-12683.838275609538,74177.69929883815,209743.04377446085,67475.78503925544
unet,H1,2007-08-01,2007,8,lat_menor_que_menos35,26100,22928.142497509947,-5735.418234139681,17855.790032237768,15681.514381189292,17451.68248953376
unet,H1,2007-08-01,2007,8,lat_menos35_a_menos15,20880,17691.752138472635,8003.9231703057885,13665.011781081555,15560.42926945256,18808.59412325443
unet,H1,2007-08-01,2007,8,lat_maior_igual_menos15,31581,180682.48965396575,-14952.343211775646,42656.89748551883,178501.10012381902,31215.50842646724
unet,H1,2007-09-01,2007,9,dominio_inteiro,78561,181428.9830705232,18108.263396089897,74070.29799768515,170393.80981937083,67475.78503925544
unet,H1,2007-09-01,2007,9,lat_menor_que_menos35,26100,20114.87092122244,-1023.193617463112,16597.725458681583,14393.433644336,17451.68248953376
unet,H1,2007-09-01,2007,9,lat_menos35_a_menos15,20880,41603.97745322888,15684.894368072972,20744.1748815123,37619.41016297104,18808.59412325443
unet,H1,2007-09-01,2007,9,lat_maior_igual_menos15,31581,119710.13469607188,3446.5626454800367,36728.39765749127,118380.9660120638,31215.50842646724
unet,H1,2007-10-01,2007,10,dominio_inteiro,78561,253938.020362312,-10477.31696032174,83719.24412300996,238912.4584402804,67475.78503925544
unet,H1,2007-10-01,2007,10,lat_menor_que_menos35,26100,29628.942004762124,-10842.99503466487,19255.32359597087,20951.28454573254,17451.68248953376
unet,H1,2007-10-01,2007,10,lat_menos35_a_menos15,20880,42961.31524497089,11233.42501117289,20466.539695683867,38296.23898192548,18808.59412325443
unet,H1,2007-10-01,2007,10,lat_maior_igual_menos15,31581,181347.76311257892,-10867.74693682976,43997.38083135523,179664.9349126224,31215.50842646724
unet,H1,2007-11-01,2007,11,dominio_inteiro,78561,222083.01462066523,-8713.816287845373,82677.9575066287,205510.2982016753,67475.78503925544
unet,H1,2007-11-01,2007,11,lat_menor_que_menos35,26100,39189.50034745125,-10820.485256537797,21896.18653161824,28462.49811293789,17451.68248953376
unet,H1,2007-11-01,2007,11,lat_menos35_a_menos15,20880,52570.944958543216,-954.8631404228508,21304.9020461943,47904.73260557337,18808.59412325443
unet,H1,2007-11-01,2007,11,lat_maior_igual_menos15,31581,130322.56931467076,3061.5321091152728,39476.86892881617,129143.067483164,31215.50842646724
unet,H1,2007-12-01,2007,12,dominio_inteiro,78561,243984.5134591145,-10370.180082648993,77661.0670581758,235208.73615909528,67475.78503925544
unet,H1,2007-12-01,2007,12,lat_menor_que_menos35,26100,11648.337744779585,3480.2519223093987,12533.555408030748,8452.447252831022,17451.68248953376
unet,H1,2007-12-01,2007,12,lat_menos35_a_menos15,20880,47071.58297257039,4831.098565489054,20424.96999296546,42710.22327649822,18808.59412325443
unet,H1,2007-12-01,2007,12,lat_maior_igual_menos15,31581,185264.5927417645,-18681.530570447445,44702.5416571796,184046.065629766,31215.50842646724
unet,H1,2008-01-01,2008,1,dominio_inteiro,78561,260768.89982382304,-5998.767056576908,83053.14672931284,246966.05682832075,67475.78503925544
unet,H1,2008-01-01,2008,1,lat_menor_que_menos35,26100,22937.826092380372,5098.337396338582,16999.83294056356,15788.337603333126,17451.68248953376
unet,H1,2008-01-01,2008,1,lat_menos35_a_menos15,20880,70125.01275669417,-7936.318449765444,24032.944899350405,64274.397235100405,18808.59412325443
unet,H1,2008-01-01,2008,1,lat_maior_igual_menos15,31581,167706.06097474849,-3160.786003150046,42020.36888939887,166903.3219898872,31215.50842646724
unet,H1,2008-02-01,2008,2,dominio_inteiro,78561,264229.0320022445,-30242.968831948936,89690.52494549751,248880.8135186854,67475.78503925544
unet,H1,2008-02-01,2008,2,lat_menor_que_menos35,26100,20404.805272223923,-4378.107685953379,17093.22754687071,14083.093630720216,17451.68248953376
unet,H1,2008-02-01,2008,2,lat_menos35_a_menos15,20880,86233.45976803076,-12667.171028725805,26398.819857500494,77951.24739567954,18808.59412325443
unet,H1,2008-02-01,2008,2,lat_maior_igual_menos15,31581,157590.76696198984,-13197.690117269754,46198.47754112631,156846.47249228563,31215.50842646724
unet,H1,2008-03-01,2008,3,dominio_inteiro,78561,181977.57412923552,-9047.934868486598,74996.05804523267,170566.96762731034,67475.78503925544
unet,H1,2008-03-01,2008,3,lat_menor_que_menos35,26100,24358.66304042079,2532.4881079494958,17350.04538449645,16898.209009800554,17451.68248953376
unet,H1,2008-03-01,2008,3,lat_menos35_a_menos15,20880,33839.77319081383,-2412.3516279459,17480.37010142207,30430.033417943712,18808.59412325443
unet,H1,2008-03-01,2008,3,lat_maior_igual_menos15,31581,123779.1378980009,-9168.071348490192,40165.64255931415,123238.72519956603,31215.50842646724
unet,H1,2008-04-01,2008,4,dominio_inteiro,78561,252259.2190736635,-18003.46873152256,90748.93311448397,235232.79480357337,67475.78503925544
unet,H1,2008-04-01,2008,4,lat_menor_que_menos35,26100,37493.66980990829,-10395.034633606672,23941.07970765233,25948.250467347265,17451.68248953376
unet,H1,2008-04-01,2008,4,lat_menos35_a_menos15,20880,46440.89005179891,-5046.841512978077,21079.592295363545,41522.04863444158,18808.59412325443
unet,H1,2008-04-01,2008,4,lat_maior_igual_menos15,31581,168324.6592119563,-2561.592584937811,45728.26111146808,167762.4957017845,31215.50842646724
unet,H1,2008-05-01,2008,5,dominio_inteiro,78561,215031.5626674791,-19149.519126832485,84136.63640220463,197920.4895762667,67475.78503925544
unet,H1,2008-05-01,2008,5,lat_menor_que_menos35,26100,45177.74473686348,-12082.053809702396,24719.8300114274,33279.669168578934,17451.68248953376
unet,H1,2008-05-01,2008,5,lat_menos35_a_menos15,20880,34131.19405372784,-1004.99223870039,18123.57882720232,29584.69186289107,18808.59412325443
unet,H1,2008-05-01,2008,5,lat_maior_igual_menos15,31581,135722.62387688778,-6062.473078429699,41293.22756357491,135056.1285447967,31215.50842646724
unet,H1,2008-06-01,2008,6,dominio_inteiro,78561,234849.60196399863,-7948.989264555275,70800.99016778916,226603.32907340195,67475.78503925544
unet,H1,2008-06-01,2008,6,lat_menor_que_menos35,26100,25699.171518119463,8548.69237202406,16702.891327917576,18964.13918160272,17451.68248953376
unet,H1,2008-06-01,2008,6,lat_menos35_a_menos15,20880,8192.70606574705,789.7091324329376,8740.034673601389,7250.24341784209,18808.59412325443
unet,H1,2008-06-01,2008,6,lat_maior_igual_menos15,31581,200957.7243801321,-17287.390769012272,45358.0641662702,200388.9464739572,31215.50842646724
unet,H1,2008-07-01,2008,7,dominio_inteiro,78561,173410.53219465053,-12764.5083803311,69812.79586554319,161686.5099548414,67475.78503925544
unet,H1,2008-07-01,2008,7,lat_menor_que_menos35,26100,32023.586437656784,-4333.430282115936,19291.95733058453,23778.171811986715,17451.68248953376
unet,H1,2008-07-01,2008,7,lat_menos35_a_menos15,20880,19713.12515706609,5039.66334592551,13719.295711435378,17287.12917339758,18808.59412325443
unet,H1,2008-07-01,2008,7,lat_maior_igual_menos15,31581,121673.82059992764,-13470.741444140673,36801.54282352328,120621.20896945712,31215.50842646724
unet,H1,2008-08-01,2008,8,dominio_inteiro,78561,165995.21971491646,-23316.478407558054,69089.51243906096,149557.96373041108,67475.78503925544
unet,H1,2008-08-01,2008,8,lat_menor_que_menos35,26100,43828.427337302965,-15735.867733180525,23124.73421895504,31570.42584970325,17451.68248953376
unet,H1,2008-08-01,2008,8,lat_menos35_a_menos15,20880,24123.360400318656,-6127.64440186508,13792.35401671566,20957.62876563068,18808.59412325443
unet,H1,2008-08-01,2008,8,lat_maior_igual_menos15,31581,98043.43197729482,-1452.9662725124508,32172.424203390256,97029.90911507716,31215.50842646724
unet,H1,2008-09-01,2008,9,dominio_inteiro,78561,159598.80869326173,23687.700018286705,71104.89432542026,144502.3412318436,67475.78503925544
unet,H1,2008-09-01,2008,9,lat_menor_que_menos35,26100,36052.22759052036,15947.633003592491,23285.93992346525,24651.055725191796,17451.68248953376
unet,H1,2008-09-01,2008,9,lat_menos35_a_menos15,20880,27574.26399990929,3326.102458421141,16012.803222868592,24864.92810076248,18808.59412325443
unet,H1,2008-09-01,2008,9,lat_maior_igual_menos15,31581,95972.31710283208,4413.964556273073,31806.151179086417,94986.35740588934,31215.50842646724
unet,H1,2008-10-01,2008,10,dominio_inteiro,78561,246158.8577339774,-20616.75280497782,80927.96937676333,234077.3149482504,67475.78503925544
unet,H1,2008-10-01,2008,10,lat_menor_que_menos35,26100,17480.976240147513,-918.5834477543832,16049.3257086277,11981.843883965706,17451.68248953376
unet,H1,2008-10-01,2008,10,lat_menos35_a_menos15,20880,38323.524942714575,4416.784178590402,18245.52721139975,34629.75712475741,18808.59412325443
unet,H1,2008-10-01,2008,10,lat_maior_igual_menos15,31581,190354.3565511153,-24114.95353581384,46633.11645673588,187465.71393952728,31215.50842646724
unet,H1,2008-11-01,2008,11,dominio_inteiro,78561,402723.2148283168,-14333.584229953589,99536.02734342964,385998.3699036818,67475.78503925544
unet,H1,2008-11-01,2008,11,lat_menor_que_menos35,26100,25000.801484920168,2227.4017636030912,17441.29197151959,18481.814463995583,17451.68248953376
unet,H1,2008-11-01,2008,11,lat_menos35_a_menos15,20880,77018.7576589833,1552.6302951201797,25448.116070337597,70050.48602253616,18808.59412325443
unet,H1,2008-11-01,2008,11,lat_maior_igual_menos15,31581,300703.6556844134,-18113.616288676854,56646.61930157244,297466.06941715005,31215.50842646724
unet,H1,2008-12-01,2008,12,dominio_inteiro,78561,282680.4896460468,-15056.961801089346,91926.29347421974,268645.85929289827,67475.78503925544
unet,H1,2008-12-01,2008,12,lat_menor_que_menos35,26100,17433.089368650973,1962.040685802698,14942.940013945105,12395.853865326577,17451.68248953376
unet,H1,2008-12-01,2008,12,lat_menos35_a_menos15,20880,71583.72778936684,-1958.8050823435187,25736.574589900672,64187.52239400077,18808.59412325443
unet,H1,2008-12-01,2008,12,lat_maior_igual_menos15,31581,193663.67248802897,-15060.197404548526,51246.77887037397,192062.48303357096,31215.50842646724
hybrid,H1,2007-01-01,2007,1,dominio_inteiro,78561,247371.8533826878,9808.628173226409,86103.47420881575,232199.84585912997,67475.78503925544
hybrid,H1,2007-01-01,2007,1,lat_menor_que_menos35,26100,26162.612395096046,-1354.7238455315023,17364.527072542318,19063.40839389228,17451.68248953376
hybrid,H1,2007-01-01,2007,1,lat_menos35_a_menos15,20880,85536.59677162045,-8398.189636808558,26326.624820496385,78377.20422264625,18808.59412325443
hybrid,H1,2007-01-01,2007,1,lat_maior_igual_menos15,31581,135672.64421597135,19561.54165556647,42412.32231577704,134759.2332425914,31215.50842646724
hybrid,H1,2007-02-01,2007,2,dominio_inteiro,78561,359498.84446164785,5965.6187525906425,106999.38267974644,342837.6068081609,67475.78503925544
hybrid,H1,2007-02-01,2007,2,lat_menor_que_menos35,26100,30350.85156678474,-870.5537334463689,21314.00389373394,21822.686624117767,17451.68248953376
hybrid,H1,2007-02-01,2007,2,lat_menos35_a_menos15,20880,71913.26949772578,-5414.587784988617,24111.547635030296,65734.1249053567,18808.59412325443
hybrid,H1,2007-02-01,2007,2,lat_maior_igual_menos15,31581,257234.72339713736,12250.760271025623,61573.83115098219,255280.7952786865,31215.50842646724
hybrid,H1,2007-03-01,2007,3,dominio_inteiro,78561,342829.37710381486,-5750.586884216427,94918.29366406093,322418.6516122843,67475.78503925544
hybrid,H1,2007-03-01,2007,3,lat_menor_que_menos35,26100,27097.56716302532,-4641.829187572824,17999.06693257982,19832.369310394515,17451.68248953376
hybrid,H1,2007-03-01,2007,3,lat_menos35_a_menos15,20880,106574.95280885862,6967.091799083235,29334.156532237204,94518.493857457,18808.59412325443
hybrid,H1,2007-03-01,2007,3,lat_maior_igual_menos15,31581,209156.85713193088,-8075.849495726837,47585.0701992439,208067.78844443275,31215.50842646724
hybrid,H1,2007-04-01,2007,4,dominio_inteiro,78561,172049.86406907855,-8194.39899422024,70208.98633188875,161266.67541777578,67475.78503925544
hybrid,H1,2007-04-01,2007,4,lat_menor_que_menos35,26100,25744.449901811822,-5418.96797974371,18167.60714415604,17326.08768250006,17451.68248953376
hybrid,H1,2007-04-01,2007,4,lat_menos35_a_menos15,20880,17586.305022216024,2607.212680826405,13110.516812493885,15680.64966048741,18808.59412325443
hybrid,H1,2007-04-01,2007,4,lat_maior_igual_menos15,31581,128719.1091450507,-5382.643695302934,38930.86237523883,128259.93807478833,31215.50842646724
hybrid,H1,2007-05-01,2007,5,dominio_inteiro,78561,294955.3499662207,-3578.235869997109,86705.0691039824,277062.310022586,67475.78503925544
hybrid,H1,2007-05-01,2007,5,lat_menor_que_menos35,26100,52506.77358903908,8512.160876651935,24205.40950206102,38929.00610575738,17451.68248953376
hybrid,H1,2007-05-01,2007,5,lat_menos35_a_menos15,20880,24331.536128578937,372.9017175612241,14552.009045287356,21110.59877063224,18808.59412325443
hybrid,H1,2007-05-01,2007,5,lat_maior_igual_menos15,31581,218117.04024860263,-12463.298464210267,47947.65055663402,217022.7051461964,31215.50842646724
hybrid,H1,2007-06-01,2007,6,dominio_inteiro,78561,198802.6526903196,18002.130323190016,74778.81813615443,187512.15126944816,67475.78503925544
hybrid,H1,2007-06-01,2007,6,lat_menor_que_menos35,26100,26403.65535933653,441.1568678925549,18329.643224756597,18845.46877574396,17451.68248953376
hybrid,H1,2007-06-01,2007,6,lat_menos35_a_menos15,20880,24467.03197775116,7834.247522961542,15329.492031212205,21796.30575563793,18808.59412325443
hybrid,H1,2007-06-01,2007,6,lat_maior_igual_menos15,31581,147931.96535323188,9726.72593233592,41119.68288018563,146870.3767380663,31215.50842646724
hybrid,H1,2007-07-01,2007,7,dominio_inteiro,78561,147013.587768294,11275.759907066216,62845.78288240236,136087.69950723817,67475.78503925544
hybrid,H1,2007-07-01,2007,7,lat_menor_que_menos35,26100,26615.041049772703,4313.882635055082,18418.590012352663,19293.516272091754,17451.68248953376
hybrid,H1,2007-07-01,2007,7,lat_menos35_a_menos15,20880,21510.00689467107,840.5112400796013,14435.334645733274,18739.974367622977,18808.59412325443
hybrid,H1,2007-07-01,2007,7,lat_maior_igual_menos15,31581,98888.53982385024,6121.366031931535,29991.85822431643,98054.20886752346,31215.50842646724
hybrid,H1,2007-08-01,2007,8,dominio_inteiro,78561,237370.33473302564,-16973.72084128895,74891.47512447764,225906.3858728796,67475.78503925544
hybrid,H1,2007-08-01,2007,8,lat_menor_que_menos35,26100,22555.024432402548,-4090.0662890990816,17801.305853145,15571.670846789171,17451.68248953376
hybrid,H1,2007-08-01,2007,8,lat_menos35_a_menos15,20880,16716.091943576957,7192.490399253211,13287.601252990018,14647.520332602477,18808.59412325443
hybrid,H1,2007-08-01,2007,8,lat_maior_igual_menos15,31581,198099.2183570461,-20076.14495144308,43802.568018342616,195687.1946934879,31215.50842646724
hybrid,H1,2007-09-01,2007,9,dominio_inteiro,78561,182662.7237141348,15478.071335028812,73384.451743157,171716.25465894915,67475.78503925544
hybrid,H1,2007-09-01,2007,9,lat_menor_que_menos35,26100,20663.650103437983,683.4913154607443,17027.026792186247,14795.501307057024,17451.68248953376
hybrid,H1,2007-09-01,2007,9,lat_menos35_a_menos15,20880,38279.25935670685,14710.434198625047,19660.151790080818,34591.2174556057,18808.59412325443
hybrid,H1,2007-09-01,2007,9,lat_maior_igual_menos15,31581,123719.81425398994,84.1458209430175,36697.27316088995,122329.53589628646,31215.50842646724
hybrid,H1,2007-10-01,2007,10,dominio_inteiro,78561,242313.47289844125,-8678.714828053562,81506.95012180824,228453.0125549106,67475.78503925544
hybrid,H1,2007-10-01,2007,10,lat_menor_que_menos35,26100,26389.429932278068,-7878.542784730325,18263.810419279627,18850.23321420887,17451.68248953376
hybrid,H1,2007-10-01,2007,10,lat_menos35_a_menos15,20880,43917.081770279474,11432.920639614627,20791.424629309546,39169.62786423208,18808.59412325443
hybrid,H1,2007-10-01,2007,10,lat_maior_igual_menos15,31581,172006.96119588375,-12233.092682937866,42451.71507321908,170433.15147646965,31215.50842646724
hybrid,H1,2007-11-01,2007,11,dominio_inteiro,78561,215774.7949227936,-10716.084280856569,79954.95402890039,200838.7903523884,67475.78503925544
hybrid,H1,2007-11-01,2007,11,lat_menor_que_menos35,26100,34527.98074241266,-8745.290358241573,20516.31276268868,25119.740832408646,17451.68248953376
hybrid,H1,2007-11-01,2007,11,lat_menos35_a_menos15,20880,51007.88882319153,-1227.9324597080615,20698.97816730068,46672.676343793246,18808.59412325443
hybrid,H1,2007-11-01,2007,11,lat_maior_igual_menos15,31581,130238.92535718942,-742.8614629069316,38739.66309891103,129046.37317618648,31215.50842646724
hybrid,H1,2007-12-01,2007,12,dominio_inteiro,78561,240417.0853208385,903.8561499402164,79546.66933317317,231216.58510506293,67475.78503925544
hybrid,H1,2007-12-01,2007,12,lat_menor_que_menos35,26100,13119.034387936194,7841.44820822266,13642.05447009036,9622.725837175783,17451.68248953376
hybrid,H1,2007-12-01,2007,12,lat_menos35_a_menos15,20880,47848.24575341133,5026.404672003516,20516.6324096599,43393.31516162481,18808.59412325443
hybrid,H1,2007-12-01,2007,12,lat_maior_igual_menos15,31581,179449.80517949094,-11963.99673028596,45387.9824534229,178200.54410626236,31215.50842646724
hybrid,H1,2008-01-01,2008,1,dominio_inteiro,78561,278662.15320065664,-7385.055837150856,86139.88902761467,264674.34548966907,67475.78503925544
hybrid,H1,2008-01-01,2008,1,lat_menor_que_menos35,26100,21903.315196872743,7997.018149272404,17729.5541197328,15113.350457186769,17451.68248953376
hybrid,H1,2008-01-01,2008,1,lat_menos35_a_menos15,20880,77574.32613023795,-11037.23652763594,24407.075737986863,71299.34944476151,18808.59412325443
hybrid,H1,2008-01-01,2008,1,lat_maior_igual_menos15,31581,179184.5118735459,-4344.837458787321,44003.25916989501,178261.64558772076,31215.50842646724
hybrid,H1,2008-02-01,2008,2,dominio_inteiro,78561,267388.9932692175,-20374.920738653866,89812.9017487055,252320.5624968345,67475.78503925544
hybrid,H1,2008-02-01,2008,2,lat_menor_que_menos35,26100,19095.60704452336,254.7429678779593,16607.33912711237,13532.136956788903,17451.68248953376
hybrid,H1,2008-02-01,2008,2,lat_menos35_a_menos15,20880,91513.4073706234,-12998.514426962543,27013.66670830955,82770.28369585953,18808.59412325443
hybrid,H1,2008-02-01,2008,2,lat_maior_igual_menos15,31581,156779.97885407077,-7631.149279569277,46191.895913283566,156018.14184418606,31215.50842646724
hybrid,H1,2008-03-01,2008,3,dominio_inteiro,78561,179298.0719556198,3056.620826691734,75699.43883168192,167654.56662481948,67475.78503925544
hybrid,H1,2008-03-01,2008,3,lat_menor_que_menos35,26100,25925.753811108,7994.784889567592,18365.13972270027,18169.57810422738,17451.68248953376
hybrid,H1,2008-03-01,2008,3,lat_menos35_a_menos15,20880,33169.64879420774,464.73751153924354,17263.265982672496,29819.33087367292,18808.59412325443
hybrid,H1,2008-03-01,2008,3,lat_maior_igual_menos15,31581,120202.66935030406,-5402.9015744151,40071.033126309165,119665.65764691916,31215.50842646724
hybrid,H1,2008-04-01,2008,4,dominio_inteiro,78561,249750.03847668183,959.619974874012,91671.76126548844,233824.95836444935,67475.78503925544
hybrid,H1,2008-04-01,2008,4,lat_menor_que_menos35,26100,34079.9646516092,-5518.125537303215,22674.423516101524,23974.2537584584,17451.68248953376
hybrid,H1,2008-04-01,2008,4,lat_menos35_a_menos15,20880,47752.821804032326,-2505.8286110651115,21213.52582216156,42602.49326229134,18808.59412325443
hybrid,H1,2008-04-01,2008,4,lat_maior_igual_menos15,31581,167917.2520210403,8983.574123242339,47783.81192722534,167248.2113436996,31215.50842646724
hybrid,H1,2008-05-01,2008,5,dominio_inteiro,78561,213943.6466958633,-1591.3393848997428,83880.21354109826,197567.7719482514,67475.78503925544
hybrid,H1,2008-05-01,2008,5,lat_menor_que_menos35,26100,43371.27618404044,-8180.177682693014,23304.449957588124,32110.265968122625,17451.68248953376
hybrid,H1,2008-05-01,2008,5,lat_menos35_a_menos15,20880,34820.924014038654,3792.333889032928,18804.53094201391,30389.99669537355,18808.59412325443
hybrid,H1,2008-05-01,2008,5,lat_maior_igual_menos15,31581,135751.44649778426,2796.504408760344,41771.23264149623,135067.50928475524,31215.50842646724
hybrid,H1,2008-06-01,2008,6,dominio_inteiro,78561,224137.0068071983,6133.487604565688,72298.79879116117,215012.33111135676,67475.78503925544
hybrid,H1,2008-06-01,2008,6,lat_menor_que_menos35,26100,28220.820134574853,12240.94032589638,18276.5881139702,20734.752373685573,17451.68248953376
hybrid,H1,2008-06-01,2008,6,lat_menos35_a_menos15,20880,9095.03276653358,4099.554493543168,9340.82923058128,8037.004436036803,18808.59412325443
hybrid,H1,2008-06-01,2008,6,lat_maior_igual_menos15,31581,186821.15390608984,-10207.007214873864,44681.381446609696,186240.57430163436,31215.50842646724
hybrid,H1,2008-07-01,2008,7,dominio_inteiro,78561,166626.28689454147,-8416.533905566204,69551.25434296097,155197.147385264,67475.78503925544
hybrid,H1,2008-07-01,2008,7,lat_menor_que_menos35,26100,31168.976319377816,-3925.488211466394,18749.049680245236,23106.94179936213,17451.68248953376
hybrid,H1,2008-07-01,2008,7,lat_menos35_a_menos15,20880,19285.05187374275,5966.890383585181,13559.775171317364,16959.92058832684,18808.59412325443
hybrid,H1,2008-07-01,2008,7,lat_maior_igual_menos15,31581,116172.25870142091,-10457.93607768499,37242.42949139837,115130.284997575,31215.50842646724
hybrid,H1,2008-08-01,2008,8,dominio_inteiro,78561,169878.6933011625,-25427.351834315952,69358.27713788148,152914.87669246588,67475.78503925544
hybrid,H1,2008-08-01,2008,8,lat_menor_que_menos35,26100,46519.388080601886,-16239.348327008664,23387.72905325809,33769.761318112665,17451.68248953376
hybrid,H1,2008-08-01,2008,8,lat_menos35_a_menos15,20880,24137.14774476273,-6621.975937865486,13766.478350739822,20967.09696146107,18808.59412325443
hybrid,H1,2008-08-01,2008,8,lat_maior_igual_menos15,31581,99222.15747579793,-2566.027569441801,32204.06973388356,98178.01841289215,31215.50842646724
hybrid,H1,2008-09-01,2008,9,dominio_inteiro,78561,152758.99858349675,21787.39545987801,69422.32391489856,138811.9538206217,67475.78503925544
hybrid,H1,2008-09-01,2008,9,lat_menor_que_menos35,26100,32448.53533195437,15210.079552160005,22638.55395592193,22085.160398116903,17451.68248953376
hybrid,H1,2008-09-01,2008,9,lat_menos35_a_menos15,20880,26740.80360684221,3288.0087543391737,15482.642794483698,24104.58541941241,18808.59412325443
hybrid,H1,2008-09-01,2008,9,lat_maior_igual_menos15,31581,93569.65964470016,3289.3071533788343,31301.12716449293,92622.20800309238,31215.50842646724
hybrid,H1,2008-10-01,2008,10,dominio_inteiro,78561,253368.2225685853,-25081.23208359232,82136.1302645384,241207.56299183465,67475.78503925544
hybrid,H1,2008-10-01,2008,10,lat_menor_que_menos35,26100,17112.500314409754,-1645.86801985617,15881.815089967027,11692.178783621215,17451.68248953376
hybrid,H1,2008-10-01,2008,10,lat_menos35_a_menos15,20880,38634.28204228752,4009.8609793779297,18267.914715900344,34934.77865445724,18808.59412325443
hybrid,H1,2008-10-01,2008,10,lat_maior_igual_menos15,31581,197621.44021188805,-27445.22504311408,47986.40045867102,194580.6055537562,31215.50842646724
hybrid,H1,2008-11-01,2008,11,dominio_inteiro,78561,393039.690534977,-10801.445609082572,98720.84818631085,376829.0238282456,67475.78503925544
hybrid,H1,2008-11-01,2008,11,lat_menor_que_menos35,26100,23962.616134421303,4704.447905630284,17137.289730743978,17774.30820263725,17451.68248953376
hybrid,H1,2008-11-01,2008,11,lat_menos35_a_menos15,20880,75452.6690668634,2545.988733032037,24813.691615008906,68584.22559607537,18808.59412325443
hybrid,H1,2008-11-01,2008,11,lat_maior_igual_menos15,31581,293624.4053336922,-18051.8822477449,56769.86684055796,290470.49002953304,31215.50842646724
hybrid,H1,2008-12-01,2008,12,dominio_inteiro,78561,287475.24634941004,-3638.8816534392618,94101.35695478848,273116.90895495383,67475.78503925544
hybrid,H1,2008-12-01,2008,12,lat_menor_que_menos35,26100,18410.678907689537,6111.29748731799,15791.029435490467,13164.570867821449,17451.68248953376
hybrid,H1,2008-12-01,2008,12,lat_menos35_a_menos15,20880,72013.12663506568,584.027916446649,25216.333433426676,64522.17700958129,18808.59412325443
hybrid,H1,2008-12-01,2008,12,lat_maior_igual_menos15,31581,197051.44080665475,-10334.2070572039,53093.99408587134,195430.16107755108,31215.50842646724
climatology,H1,2007-01-01,2007,1,dominio_inteiro,78561,243727.0171049712,15843.211771037662,85997.42456723785,229197.5254961048,67475.78503925544
climatology,H1,2007-01-01,2007,1,lat_menor_que_menos35,26100,27648.8465272066,-337.2764429003,17793.275801360607,20049.81231311329,17451.68248953376
climatology,H1,2007-01-01,2007,1,lat_menos35_a_menos15,20880,71603.04432652556,-7327.6487991584,24054.19349036773,65410.670115764326,18808.59412325443
climatology,H1,2007-01-01,2007,1,lat_maior_igual_menos15,31581,144475.12625123898,23508.13701309636,44149.95527550951,143737.0430672272,31215.50842646724
climatology,H1,2007-02-01,2007,2,dominio_inteiro,78561,380213.9321015296,4923.407014134107,108777.75360213337,363791.8104677605,67475.78503925544
climatology,H1,2007-02-01,2007,2,lat_menor_que_menos35,26100,29069.556796687568,-1050.6165217757225,20857.72514501214,20912.25030703441,17451.68248953376
climatology,H1,2007-02-01,2007,2,lat_menos35_a_menos15,20880,69583.02872058829,-4453.401524867164,23653.187537211223,63520.03614057136,18808.59412325443
climatology,H1,2007-02-01,2007,2,lat_maior_igual_menos15,31581,281561.34658425365,10427.425060776994,64266.84091991,279359.5240201548,31215.50842646724
climatology,H1,2007-03-01,2007,3,dominio_inteiro,78561,428567.50484308985,-7735.020480127074,104197.39545666892,407636.9493910697,67475.78503925544
climatology,H1,2007-03-01,2007,3,lat_menor_que_menos35,26100,28773.30431828261,-2714.8787795603275,18538.88986930251,21103.52155633196,17451.68248953376
climatology,H1,2007-03-01,2007,3,lat_menos35_a_menos15,20880,108711.26379481913,9185.178616856225,30424.26122935768,96637.08970761568,18808.59412325443
climatology,H1,2007-03-01,2007,3,lat_maior_igual_menos15,31581,291082.93672998814,-14205.320317422971,55234.24435800873,289896.338127122,31215.50842646724
climatology,H1,2007-04-01,2007,4,dominio_inteiro,78561,198839.32986509567,-7737.425438072532,74125.25543967634,188384.4457872083,67475.78503925544
climatology,H1,2007-04-01,2007,4,lat_menor_que_menos35,26100,24131.02499954436,-5417.824785768986,17784.00160139799,16260.827711906531,17451.68248953376
climatology,H1,2007-04-01,2007,4,lat_menos35_a_menos15,20880,19424.4337569788,4075.882695797831,14247.773349933326,17425.13644090478,18808.59412325443
climatology,H1,2007-04-01,2007,4,lat_maior_igual_menos15,31581,155283.87110857252,-6395.4833481013775,42093.48048834503,154698.48163439697,31215.50842646724
climatology,H1,2007-05-01,2007,5,dominio_inteiro,78561,319806.0905065427,-2130.2817009962164,90310.57968776532,301843.3054957601,67475.78503925544
climatology,H1,2007-05-01,2007,5,lat_menor_que_menos35,26100,52122.0872481024,8601.958325326443,24139.53222411871,38651.1807650426,17451.68248953376
climatology,H1,2007-05-01,2007,5,lat_menos35_a_menos15,20880,24732.94216662096,1878.313825224992,15111.586761561688,21503.92654339096,18808.59412325443
climatology,H1,2007-05-01,2007,5,lat_maior_igual_menos15,31581,242951.0610918193,-12610.553851547653,51059.460702084936,241688.19818732652,31215.50842646724
climatology,H1,2007-06-01,2007,6,dominio_inteiro,78561,232107.83685730663,17366.973557863617,79701.7865167989,219559.7644212781,67475.78503925544
climatology,H1,2007-06-01,2007,6,lat_menor_que_menos35,26100,29957.42504705068,1179.1344250440598,19352.62331020832,21478.71793050471,17451.68248953376
climatology,H1,2007-06-01,2007,6,lat_menos35_a_menos15,20880,28074.9605597259,9513.728531720117,16473.561044869944,25066.34110018168,18808.59412325443
climatology,H1,2007-06-01,2007,6,lat_maior_igual_menos15,31581,174075.4512505301,6674.110601099441,43875.60216172063,173014.7053905917,31215.50842646724
climatology,H1,2007-07-01,2007,7,dominio_inteiro,78561,150896.34385984275,10427.913365219254,63252.95252099866,140408.50196331224,67475.78503925544
climatology,H1,2007-07-01,2007,7,lat_menor_que_menos35,26100,25581.14345881256,4373.583749234676,18316.70811790228,18915.69129488197,17451.68248953376
climatology,H1,2007-07-01,2007,7,lat_menos35_a_menos15,20880,22965.825549668178,1425.0530860153958,15000.481356787495,19979.16195155094,18808.59412325443
climatology,H1,2007-07-01,2007,7,lat_maior_igual_menos15,31581,102349.37485136204,4629.276529969182,29935.763046308886,101513.64871687934,31215.50842646724
climatology,H1,2007-08-01,2007,8,dominio_inteiro,78561,242527.53258621367,-14137.86157321278,78267.27791145071,230328.2078698625,67475.78503925544
climatology,H1,2007-08-01,2007,8,lat_menor_que_menos35,26100,24309.90242647448,-3295.783916950226,18652.674415409565,16972.93805861251,17451.68248953376
climatology,H1,2007-08-01,2007,8,lat_menos35_a_menos15,20880,20692.33956464365,8701.776312023401,14959.555256038904,18194.977632352537,18808.59412325443
climatology,H1,2007-08-01,2007,8,lat_maior_igual_menos15,31581,197525.29059509555,-19543.853968285955,44655.048240002245,195160.29217889748,31215.50842646724
climatology,H1,2007-09-01,2007,9,dominio_inteiro,78561,200496.5322863948,16615.985685997177,77282.64531149622,189002.35853484023,67475.78503925544
climatology,H1,2007-09-01,2007,9,lat_menor_que_menos35,26100,19640.004547156183,278.1726956963539,16526.48151499033,14143.778523161754,17451.68248953376
climatology,H1,2007-09-01,2007,9,lat_menos35_a_menos15,20880,47411.430672498514,16886.485593121033,22085.91961999424,42908.92481454127,18808.59412325443
climatology,H1,2007-09-01,2007,9,lat_maior_igual_menos15,31581,133445.0970667401,-548.6726028202102,38670.24417651165,131949.6551971372,31215.50842646724
climatology,H1,2007-10-01,2007,10,dominio_inteiro,78561,285492.0385889042,-12099.202158599888,88800.93521408804,270304.4456658929,67475.78503925544
climatology,H1,2007-10-01,2007,10,lat_menor_que_menos35,26100,28882.91592540309,-8407.735891610384,19095.38244268298,20415.407304831315,17451.68248953376
climatology,H1,2007-10-01,2007,10,lat_menos35_a_menos15,20880,42702.9246354596,11853.630294781382,20466.25896072827,38074.192673145335,18808.59412325443
climatology,H1,2007-10-01,2007,10,lat_maior_igual_menos15,31581,213906.19802804152,-15545.096561770886,49239.29381067678,211814.8456879162,31215.50842646724
climatology,H1,2007-11-01,2007,11,dominio_inteiro,78561,242678.89324291717,-10119.527681245374,83669.53161110342,226760.68865970644,67475.78503925544
climatology,H1,2007-11-01,2007,11,lat_menor_que_menos35,26100,36206.7032221293,-8017.184385359287,20876.723991155624,26369.70296053145,17451.68248953376
climatology,H1,2007-11-01,2007,11,lat_menos35_a_menos15,20880,50878.48363095695,-429.7985962116145,21292.37387324669,46179.12154176003,18808.59412325443
climatology,H1,2007-11-01,2007,11,lat_maior_igual_menos15,31581,155593.7063898309,-1672.5446996744722,41500.43374670111,154211.86415741497,31215.50842646724
climatology,H1,2007-12-01,2007,12,dominio_inteiro,78561,284223.39650069433,-11999.046629584627,83563.64087892114,275266.66441132367,67475.78503925544
climatology,H1,2007-12-01,2007,12,lat_menor_que_menos35,26100,12331.36142680303,6736.180936038494,13135.07036498189,9008.765985041668,17451.68248953376
climatology,H1,2007-12-01,2007,12,lat_menos35_a_menos15,20880,45376.118692841104,7057.077880699886,20191.8697009848,41139.59816835951,18808.59412325443
climatology,H1,2007-12-01,2007,12,lat_maior_igual_menos15,31581,226515.91638105025,-25792.305446323007,50236.700812954456,225118.3002579225,31215.50842646724
climatology,H1,2008-01-01,2008,1,dominio_inteiro,78561,242953.0153082427,-8417.19281575433,78745.60602247319,229610.59970512363,67475.78503925544
climatology,H1,2008-01-01,2008,1,lat_menor_que_menos35,26100,21887.345487353192,8805.85099850595,17736.367943152785,15097.211633453388,17451.68248953376
climatology,H1,2008-01-01,2008,1,lat_menos35_a_menos15,20880,73154.46975292853,-8296.578089929884,24293.84951831377,67360.56824024435,18808.59412325443
climatology,H1,2008-01-01,2008,1,lat_maior_igual_menos15,31581,147911.20006796098,-8926.465724330395,36715.38856100664,147152.81983142588,31215.50842646724
climatology,H1,2008-02-01,2008,2,dominio_inteiro,78561,266391.7184622529,-32129.33880495769,88193.51568793715,252541.57830696192,67475.78503925544
climatology,H1,2008-02-01,2008,2,lat_menor_que_menos35,26100,18364.34781894657,-271.5799998641014,16473.153055727482,12719.535509253428,17451.68248953376
climatology,H1,2008-02-01,2008,2,lat_menos35_a_menos15,20880,75531.4422110039,-11001.8481801406,23959.55936425948,68073.14328353057,18808.59412325443
climatology,H1,2008-02-01,2008,2,lat_maior_igual_menos15,31581,172495.9284323025,-20855.910624952987,47760.80326795019,171748.89951417793,31215.50842646724
climatology,H1,2008-03-01,2008,3,dominio_inteiro,78561,212902.666425059,-11139.059863061644,79830.64821486454,200737.8392784362,67475.78503925544
climatology,H1,2008-03-01,2008,3,lat_menor_que_menos35,26100,25347.42188750056,8235.902088969946,18307.125267237425,17897.531201115664,17451.68248953376
climatology,H1,2008-03-01,2008,3,lat_menos35_a_menos15,20880,39414.66273797304,2322.2578557478264,19331.00976227689,35319.50255915911,18808.59412325443
climatology,H1,2008-03-01,2008,3,lat_maior_igual_menos15,31581,148140.58179958537,-21697.219807779416,42192.513185350224,147520.80551816148,31215.50842646724
climatology,H1,2008-04-01,2008,4,dominio_inteiro,78561,271383.59018433234,-19543.699852135032,90237.78462948464,254853.58992405556,67475.78503925544
climatology,H1,2008-04-01,2008,4,lat_menor_que_menos35,26100,35017.719354915345,-7016.405146181583,22665.577894866467,24493.91266910714,17451.68248953376
climatology,H1,2008-04-01,2008,4,lat_menos35_a_menos15,20880,49131.46881795756,262.7113090790808,21422.568476172164,43656.67697599446,18808.59412325443
climatology,H1,2008-04-01,2008,4,lat_maior_igual_menos15,31581,187234.40201145943,-12790.00601503253,46149.63825844601,186703.000278954,31215.50842646724
climatology,H1,2008-05-01,2008,5,dominio_inteiro,78561,233811.0362449589,-20748.008980659302,86766.8065010109,218723.00553748175,67475.78503925544
climatology,H1,2008-05-01,2008,5,lat_menor_que_menos35,26100,38535.63697826373,-8164.969393789768,21978.67532080412,28480.41782891854,17451.68248953376
climatology,H1,2008-05-01,2008,5,lat_menos35_a_menos15,20880,33873.12924065627,5280.230329131242,18741.78897436103,29656.879672688792,18808.59412325443
climatology,H1,2008-05-01,2008,5,lat_maior_igual_menos15,31581,161402.2700260389,-17863.269916000776,46046.34220584575,160585.70803587444,31215.50842646724
climatology,H1,2008-06-01,2008,6,dominio_inteiro,78561,343702.3253436185,-9133.707365598297,83157.09653278603,335796.7231600436,67475.78503925544
climatology,H1,2008-06-01,2008,6,lat_menor_que_menos35,26100,22122.829989863098,10493.15267455578,17070.662221491337,16131.322660775802,17451.68248953376
climatology,H1,2008-06-01,2008,6,lat_menos35_a_menos15,20880,9964.536107307313,5169.131668927148,9985.661499906331,8795.87235258479,18808.59412325443
climatology,H1,2008-06-01,2008,6,lat_maior_igual_menos15,31581,311614.959246448,-24795.991709081223,56100.77281138837,310869.52814668306,31215.50842646724
climatology,H1,2008-07-01,2008,7,dominio_inteiro,78561,202389.43532092072,-14233.103099014144,73353.39336034516,190581.57061324772,67475.78503925544
climatology,H1,2008-07-01,2008,7,lat_menor_que_menos35,26100,32840.98449074884,-2544.8847261071205,19180.24965852499,24379.773268991805,17451.68248953376
climatology,H1,2008-07-01,2008,7,lat_menos35_a_menos15,20880,18778.38389104689,7106.161560746841,13805.262562404389,16496.439820003587,18808.59412325443
climatology,H1,2008-07-01,2008,7,lat_maior_igual_menos15,31581,150770.06693912498,-18794.379933653865,40367.88113941578,149705.35752425238,31215.50842646724
climatology,H1,2008-08-01,2008,8,dominio_inteiro,78561,177224.75576310736,-24708.01004123036,70670.25877622701,162274.2963262592,67475.78503925544
climatology,H1,2008-08-01,2008,8,lat_menor_que_menos35,26100,38401.22111897534,-13103.597561359406,21590.25413793325,27633.731845042435,17451.68248953376
climatology,H1,2008-08-01,2008,8,lat_menos35_a_menos15,20880,22801.38009639949,-4688.051416248083,13868.86794539541,19851.31665820928,18808.59412325443
climatology,H1,2008-08-01,2008,8,lat_maior_igual_menos15,31581,116022.15454773253,-6916.36106362287,35211.13669289835,114789.2478230075,31215.50842646724
climatology,H1,2008-09-01,2008,9,dominio_inteiro,78561,171040.6249864829,22363.788420372177,73198.65619157394,154530.9881283636,67475.78503925544
climatology,H1,2008-09-01,2008,9,lat_menor_que_menos35,26100,39047.636356052855,18813.80769020319,24947.269702076912,26504.8554519648,17451.68248953376
climatology,H1,2008-09-01,2008,9,lat_menos35_a_menos15,20880,29103.563551683263,4823.266522686463,16376.204480972609,26237.556910185554,18808.59412325443
climatology,H1,2008-09-01,2008,9,lat_maior_igual_menos15,31581,102889.4250787468,-1273.2857925174758,31875.182008524425,101788.57576621324,31215.50842646724
climatology,H1,2008-10-01,2008,10,dominio_inteiro,78561,265237.37701537355,-22013.823511749302,82533.74683959762,253117.57441044127,67475.78503925544
climatology,H1,2008-10-01,2008,10,lat_menor_que_menos35,26100,17667.230904527678,1502.155236929655,16581.832956045866,12247.702468853538,17451.68248953376
climatology,H1,2008-10-01,2008,10,lat_menos35_a_menos15,20880,35589.451797538284,3591.436614971812,17662.917542148178,32065.92647552006,18808.59412325443
climatology,H1,2008-10-01,2008,10,lat_maior_igual_menos15,31581,211980.69431330764,-27107.41536365077,48288.99634140357,208803.9454660677,31215.50842646724
climatology,H1,2008-11-01,2008,11,dominio_inteiro,78561,464514.7775405204,-16214.614732636976,106180.55195427078,445455.7059431144,67475.78503925544
climatology,H1,2008-11-01,2008,11,lat_menor_que_menos35,26100,26513.79531179548,5932.419649064541,18043.57064253092,19694.75499684513,17451.68248953376
climatology,H1,2008-11-01,2008,11,lat_menos35_a_menos15,20880,90256.81185128196,2587.735659769831,27363.319153449946,81957.53911334972,18808.59412325443
climatology,H1,2008-11-01,2008,11,lat_maior_igual_menos15,31581,347744.17037744296,-24734.770041471347,60773.66215828992,343803.41183291946,31215.50842646724
climatology,H1,2008-12-01,2008,12,dominio_inteiro,78561,340364.0115669921,-17408.50192896207,99638.83595277718,324138.7239854619,67475.78503925544
climatology,H1,2008-12-01,2008,12,lat_menor_que_menos35,26100,20085.418237149985,6360.594426333904,16491.94972488284,14367.285776439385,17451.68248953376
climatology,H1,2008-12-01,2008,12,lat_menos35_a_menos15,20880,82099.06095032733,2529.9906690909997,27000.50321219093,73492.2940635363,18808.59412325443
climatology,H1,2008-12-01,2008,12,lat_maior_igual_menos15,31581,238179.5323795147,-26299.08702438697,56146.38301570341,236279.14414548624,31215.50842646724
unet,H2,2009-01-01,2009,1,dominio_inteiro,78561,252775.18806960076,-7492.205401293933,87362.77266860381,238498.1794101536,67475.78503925544
unet,H2,2009-01-01,2009,1,lat_menor_que_menos35,26100,22290.225649015218,3900.2423256859183,17365.437888644636,15564.080229951578,17451.68248953376
unet,H2,2009-01-01,2009,1,lat_menos35_a_menos15,20880,63001.67278930362,-1574.2689732406288,22980.11569623463,56174.58202428862,18808.59412325443
unet,H2,2009-01-01,2009,1,lat_maior_igual_menos15,31581,167483.2896312819,-9818.178753739225,47017.21908372454,166759.51715591337,31215.50842646724
unet,H2,2009-02-01,2009,2,dominio_inteiro,78561,308663.7248854171,-27675.303101310503,91099.3575753998,289652.4090661859,67475.78503925544
unet,H2,2009-02-01,2009,2,lat_menor_que_menos35,26100,45272.772563858285,-11006.337470911443,21137.252879418436,30815.51893020381,17451.68248953376
unet,H2,2009-02-01,2009,2,lat_menos35_a_menos15,20880,35038.77685192427,-522.2408129535615,17969.70650364086,31743.40821500801,18808.59412325443
unet,H2,2009-02-01,2009,2,lat_maior_igual_menos15,31581,228352.1754696346,-16146.724817445502,51992.39819234051,227093.48192097404,31215.50842646724
unet,H2,2009-03-01,2009,3,dominio_inteiro,78561,243517.8215364768,3485.3097239732742,87781.70903331414,227063.5446490277,67475.78503925544
unet,H2,2009-03-01,2009,3,lat_menor_que_menos35,26100,30599.297346938634,4356.90840035677,20823.277727782726,21517.796651747056,17451.68248953376
unet,H2,2009-03-01,2009,3,lat_menos35_a_menos15,20880,65833.21734696315,2454.941270377487,23555.54466479272,59095.14232936069,18808.59412325443
unet,H2,2009-03-01,2009,3,lat_maior_igual_menos15,31581,147085.30684257502,-3326.5399467609823,43402.886640738696,146450.60566791994,31215.50842646724
unet,H2,2009-04-01,2009,4,dominio_inteiro,78561,321442.63969077327,5453.027328731492,105451.2590133082,297659.25565095415,67475.78503925544
unet,H2,2009-04-01,2009,4,lat_menor_que_menos35,26100,36156.39772776807,-1120.4592598676682,23599.58771121502,25746.0487435356,17451.68248953376
unet,H2,2009-04-01,2009,4,lat_menos35_a_menos15,20880,119542.18666117651,7106.9811562029645,35084.05777457822,107198.78786194958,18808.59412325443
unet,H2,2009-04-01,2009,4,lat_maior_igual_menos15,31581,165744.05530182863,-533.4945676038042,46767.61352751497,164714.419045469,31215.50842646724
unet,H2,2009-05-01,2009,5,dominio_inteiro,78561,313477.6579485381,4791.977613204159,94903.4713677792,299500.4429143658,67475.78503925544
unet,H2,2009-05-01,2009,5,lat_menor_que_menos35,26100,33582.13394278009,-9619.36158299446,19803.767753481865,23151.25393154172,17451.68248953376
unet,H2,2009-05-01,2009,5,lat_menos35_a_menos15,20880,18906.31044644715,10561.05554807838,14811.404545762576,16754.90282230188,18808.59412325443
unet,H2,2009-05-01,2009,5,lat_maior_igual_menos15,31581,260989.21355931085,3850.28364812024,60288.29906853475,259594.28616052217,31215.50842646724
unet,H2,2009-06-01,2009,6,dominio_inteiro,78561,180603.2264909648,-5799.068077055737,75976.9869262483,167057.49342544124,67475.78503925544
unet,H2,2009-06-01,2009,6,lat_menor_que_menos35,26100,27619.32141928793,1043.959107041359,19789.211562991142,18661.417275652653,17451.68248953376
unet,H2,2009-06-01,2009,6,lat_menos35_a_menos15,20880,32657.15095576597,-1849.5845496617255,17848.2353653796,28811.90412973418,18808.59412325443
unet,H2,2009-06-01,2009,6,lat_maior_igual_menos15,31581,120326.75411591088,-4993.442634435371,38339.53999787755,119584.1720200544,31215.50842646724
unet,H2,2009-07-01,2009,7,dominio_inteiro,78561,243520.5822422428,-2584.1661373898387,80999.38411192968,227437.3545132512,67475.78503925544
unet,H2,2009-07-01,2009,7,lat_menor_que_menos35,26100,30712.56944805548,2946.4365941286087,19536.82999920845,22647.82332575654,17451.68248953376
unet,H2,2009-07-01,2009,7,lat_menos35_a_menos15,20880,53071.78910506266,-5200.1809330917895,19068.691548392177,46432.273274770414,18808.59412325443
unet,H2,2009-07-01,2009,7,lat_maior_igual_menos15,31581,159736.22368912466,-330.4217984266579,42393.86256432906,158357.25791272428,31215.50842646724
unet,H2,2009-08-01,2009,8,dominio_inteiro,78561,300578.2727562928,-15681.596033963377,82170.16801118385,282567.2974906463,67475.78503925544
unet,H2,2009-08-01,2009,8,lat_menor_que_menos35,26100,49077.954077497845,-4766.146117448807,22983.931181311607,36068.57540198745,17451.68248953376
unet,H2,2009-08-01,2009,8,lat_menos35_a_menos15,20880,18708.88691288728,2639.0984672065824,13871.450474703684,16388.555966143656,18808.59412325443
unet,H2,2009-08-01,2009,8,lat_maior_igual_menos15,31581,232791.4317659076,-13554.54838372115,45314.78635516856,230110.1661225152,31215.50842646724
unet,H2,2009-09-01,2009,9,dominio_inteiro,78561,213558.70593290197,17248.44657676015,78056.81599185336,198147.0656366532,67475.78503925544
unet,H2,2009-09-01,2009,9,lat_menor_que_menos35,26100,23438.968741158136,2512.560649037361,18053.301958560944,16097.028542488752,17451.68248953376
unet,H2,2009-09-01,2009,9,lat_menos35_a_menos15,20880,53049.147468749776,-5280.492792001925,20156.130390890878,46059.543299062585,18808.59412325443
unet,H2,2009-09-01,2009,9,lat_maior_igual_menos15,31581,137070.58972299405,20016.378719724715,39847.383642401546,135990.49379510185,31215.50842646724
unet,H2,2009-10-01,2009,10,dominio_inteiro,78561,262602.4326809088,-6345.9652700359,84913.73419024143,247718.32540821412,67475.78503925544
unet,H2,2009-10-01,2009,10,lat_menor_que_menos35,26100,20454.24497468247,-5417.502565443516,16456.007870554924,14486.523596470885,17451.68248953376
unet,H2,2009-10-01,2009,10,lat_menos35_a_menos15,20880,76476.8468209062,1524.2582192579284,26026.24129428249,69354.90203874954,18808.59412325443
unet,H2,2009-10-01,2009,10,lat_maior_igual_menos15,31581,165671.34088532015,-2452.720923850313,42431.48502540402,163876.89977299373,31215.50842646724
unet,H2,2009-11-01,2009,11,dominio_inteiro,78561,250992.8174440333,8793.866504421458,88109.27393817343,228542.04283316788,67475.78503925544
unet,H2,2009-11-01,2009,11,lat_menor_que_menos35,26100,32205.70215186721,-9782.13667473197,18931.59824195504,23471.793158092096,17451.68248953376
unet,H2,2009-11-01,2009,11,lat_menos35_a_menos15,20880,112591.45603577008,3576.157637571916,29735.229500556365,99945.15931291589,18808.59412325443
unet,H2,2009-11-01,2009,11,lat_maior_igual_menos15,31581,106195.65925639607,14999.845541581511,39442.44619566202,105125.09036215988,31215.50842646724
unet,H2,2009-12-01,2009,12,dominio_inteiro,78561,224108.00703721977,-6306.368300301023,85911.86869810335,211043.52646642024,67475.78503925544
unet,H2,2009-12-01,2009,12,lat_menor_que_menos35,26100,22036.485044750025,3157.2808807194237,18278.057145923376,15510.88763303482,17451.68248953376
unet,H2,2009-12-01,2009,12,lat_menos35_a_menos15,20880,61274.7493006572,-6794.31643362809,23013.846792852502,55753.60264339016,18808.59412325443
unet,H2,2009-12-01,2009,12,lat_maior_igual_menos15,31581,140796.77269181257,-2669.3327473923564,44619.96475932747,139779.03618999527,31215.50842646724
unet,H2,2010-01-01,2010,1,dominio_inteiro,78561,310482.71718484507,10916.894601400942,96361.86459398642,278216.2336552829,67475.78503925544
unet,H2,2010-01-01,2010,1,lat_menor_que_menos35,26100,46808.10515056484,-8125.709176555276,21413.184300526977,31354.815453833347,17451.68248953376
unet,H2,2010-01-01,2010,1,lat_menos35_a_menos15,20880,159362.6420440874,13704.170227313414,37880.90222997032,143629.69069746742,18808.59412325443
unet,H2,2010-01-01,2010,1,lat_maior_igual_menos15,31581,104311.9699901928,5338.433550642803,37067.77806348912,103231.72750398214,31215.50842646724
unet,H2,2010-02-01,2010,2,dominio_inteiro,78561,411888.9693455194,-14878.256913150197,118658.84778606752,378215.4700743398,67475.78503925544
unet,H2,2010-02-01,2010,2,lat_menor_que_menos35,26100,65555.92576422979,-22060.95479083061,30608.34701511264,46623.50365002842,17451.68248953376
unet,H2,2010-02-01,2010,2,lat_menos35_a_menos15,20880,127251.692784431,8333.110782240983,34640.95030528167,113780.55092159912,18808.59412325443
unet,H2,2010-02-01,2010,2,lat_maior_igual_menos15,31581,219081.35079685855,-1150.412904560566,53409.55046567321,217811.41550271225,31215.50842646724
unet,H2,2010-03-01,2010,3,dominio_inteiro,78561,270165.2910847164,12272.99496731488,87384.11032321723,256266.21604912027,67475.78503925544
unet,H2,2010-03-01,2010,3,lat_menor_que_menos35,26100,23119.281519897177,4752.453780591488,17950.13478344679,16661.6150590767,17451.68248953376
unet,H2,2010-03-01,2010,3,lat_menos35_a_menos15,20880,61950.08683648727,978.0963851395064,22459.572378006294,55342.330364562695,18808.59412325443
unet,H2,2010-03-01,2010,3,lat_maior_igual_menos15,31581,185095.92272833188,6542.444801583886,46974.40316176415,184262.2706254809,31215.50842646724
unet,H2,2010-04-01,2010,4,dominio_inteiro,78561,282211.63473744306,-10259.33283507824,91664.00197537988,270041.66818224086,67475.78503925544
unet,H2,2010-04-01,2010,4,lat_menor_que_menos35,26100,21642.41445642103,8683.114920586348,18097.85258999467,15721.041907837009,17451.68248953376
unet,H2,2010-04-01,2010,4,lat_menos35_a_menos15,20880,49361.37545578342,1475.7950978726149,21200.009690396488,44289.59296254215,18808.59412325443
unet,H2,2010-04-01,2010,4,lat_maior_igual_menos15,31581,211207.84482523863,-20418.2428535372,52366.13969498873,210031.03331186177,31215.50842646724
unet,H2,2010-05-01,2010,5,dominio_inteiro,78561,336710.03023876715,-7254.105060597882,101989.43120238,312070.2187973988,67475.78503925544
unet,H2,2010-05-01,2010,5,lat_menor_que_menos35,26100,55737.535595730806,2142.207574903965,29076.51276165247,37512.41083796219,17451.68248953376
unet,H2,2010-05-01,2010,5,lat_menos35_a_menos15,20880,44208.6158917236,-7205.279453735799,20483.48235233501,39352.67811422702,18808.59412325443
unet,H2,2010-05-01,2010,5,lat_maior_igual_menos15,31581,236763.8787513128,-2191.033181766048,52429.43608839251,235205.1298452096,31215.50842646724
unet,H2,2010-06-01,2010,6,dominio_inteiro,78561,189890.27978514013,-7711.088956305757,72682.19079930149,178090.1664009557,67475.78503925544
unet,H2,2010-06-01,2010,6,lat_menor_que_menos35,26100,28106.44646242889,-7358.528256639838,18883.433763459325,19000.33527752437,17451.68248953376
unet,H2,2010-06-01,2010,6,lat_menos35_a_menos15,20880,12905.08771492087,-1508.7884822189808,9996.9714743644,11578.908187761625,18808.59412325443
unet,H2,2010-06-01,2010,6,lat_maior_igual_menos15,31581,148878.74560779036,1156.2277825530618,43801.785561477765,147510.9229356697,31215.50842646724
unet,H2,2010-07-01,2010,7,dominio_inteiro,78561,203509.6828355332,-23725.17064587027,75636.83005420119,190651.1650190128,67475.78503925544
unet,H2,2010-07-01,2010,7,lat_menor_que_menos35,26100,32788.62593551107,-8085.702098578215,20452.92788091302,24130.03137807725,17451.68248953376
unet,H2,2010-07-01,2010,7,lat_menos35_a_menos15,20880,24315.41209606056,-4001.697144504637,14403.02068638429,21314.089618580605,18808.59412325443
unet,H2,2010-07-01,2010,7,lat_maior_igual_menos15,31581,146405.64480396156,-11637.771402787415,40780.88148690388,145207.04402235494,31215.50842646724
unet,H2,2010-08-01,2010,8,dominio_inteiro,78561,151884.50422159318,-735.2084204740822,60803.19099851325,144360.85917108384,67475.78503925544
unet,H2,2010-08-01,2010,8,lat_menor_que_menos35,26100,14713.7236826521,683.1315050721169,14874.925982415676,10112.29402959332,17451.68248953376
unet,H2,2010-08-01,2010,8,lat_menos35_a_menos15,20880,11297.088463161412,2209.0845644064248,9543.833298187705,9799.619313599622,18808.59412325443
unet,H2,2010-08-01,2010,8,lat_maior_igual_menos15,31581,125873.69207577966,-3627.424489952624,36384.43171790987,124448.94582789092,31215.50842646724
unet,H2,2010-09-01,2010,9,dominio_inteiro,78561,172594.39970487115,-2511.071307050064,68268.53683690354,164107.0921501505,67475.78503925544
unet,H2,2010-09-01,2010,9,lat_menor_que_menos35,26100,15221.388315031922,-2138.4564770162106,14282.190099149942,11331.786009228645,17451.68248953376
unet,H2,2010-09-01,2010,9,lat_menos35_a_menos15,20880,28940.892157601866,784.2905997540802,16005.7460221909,25616.059075186324,18808.59412325443
unet,H2,2010-09-01,2010,9,lat_maior_igual_menos15,31581,128432.11923223735,-1156.9054297879338,37980.6007155627,127159.24706573556,31215.50842646724
unet,H2,2010-10-01,2010,10,dominio_inteiro,78561,218031.50037622292,16930.098161182366,83140.51503183227,202901.4665605552,67475.78503925544
unet,H2,2010-10-01,2010,10,lat_menor_que_menos35,26100,30391.73629005658,3417.641065120697,21232.84018683433,20665.79419243334,17451.68248953376
unet,H2,2010-10-01,2010,10,lat_menos35_a_menos15,20880,28160.86932849235,-308.744157881476,16062.987876701169,24816.778599074147,18808.59412325443
unet,H2,2010-10-01,2010,10,lat_maior_igual_menos15,31581,159478.89475767402,13821.201253943143,45844.686968296766,157418.89376904772,31215.50842646724
unet,H2,2010-11-01,2010,11,dominio_inteiro,78561,238016.35107847207,-4407.297063706443,81231.2699619662,227352.68495591776,67475.78503925544
unet,H2,2010-11-01,2010,11,lat_menor_que_menos35,26100,14043.001905674684,1018.637180417776,14512.655189663172,9768.755240421951,17451.68248953376
unet,H2,2010-11-01,2010,11,lat_menos35_a_menos15,20880,43691.934555828775,1107.088742947206,20343.70999150909,39418.357035501554,18808.59412325443
unet,H2,2010-11-01,2010,11,lat_maior_igual_menos15,31581,180281.4146169686,-6533.022987071425,46374.904780793935,178165.57267999428,31215.50842646724
unet,H2,2010-12-01,2010,12,dominio_inteiro,78561,251949.05321977675,-11890.75306247361,83736.90349962376,235581.9637891309,67475.78503925544
unet,H2,2010-12-01,2010,12,lat_menor_que_menos35,26100,20059.01410821,-3312.72611887753,17319.11436136067,13557.766112419176,17451.68248953376
unet,H2,2010-12-01,2010,12,lat_menos35_a_menos15,20880,77777.2022020167,-4256.665392065421,24520.39314579777,69264.45646032748,18808.59412325443
unet,H2,2010-12-01,2010,12,lat_maior_igual_menos15,31581,154112.83690955004,-4321.361551530659,41897.39599246532,152759.74121638422,31215.50842646724
hybrid,H2,2009-01-01,2009,1,dominio_inteiro,78561,244494.02690625735,-10931.310783796838,85289.94137703218,230798.30908050443,67475.78503925544
hybrid,H2,2009-01-01,2009,1,lat_menor_que_menos35,26100,20753.924304751417,4348.935675655181,16520.165896865947,14651.357276316268,17451.68248953376
hybrid,H2,2009-01-01,2009,1,lat_menos35_a_menos15,20880,64364.89077576593,198.14407106463293,23574.313720898543,57481.57214392594,18808.59412325443
hybrid,H2,2009-01-01,2009,1,lat_maior_igual_menos15,31581,159375.21182574003,-15478.390530516652,45195.46175926769,158665.37966026223,31215.50842646724
hybrid,H2,2009-02-01,2009,2,dominio_inteiro,78561,293429.39688239194,-26709.430864794333,89470.9584839497,274654.9507469542,67475.78503925544
hybrid,H2,2009-02-01,2009,2,lat_menor_que_menos35,26100,44808.09501447987,-11310.538137672918,21267.58001096014,30512.6406203976,17451.68248953376
hybrid,H2,2009-02-01,2009,2,lat_menos35_a_menos15,20880,34246.408012694126,2527.029514919628,17905.40755694292,30919.804874063066,18808.59412325443
hybrid,H2,2009-02-01,2009,2,lat_maior_igual_menos15,31581,214374.89385521796,-17925.92224204104,50297.97091604662,213222.50525249352,31215.50842646724
hybrid,H2,2009-03-01,2009,3,dominio_inteiro,78561,232936.40525577092,-5336.524801242313,84753.22503953219,218678.06917668213,67475.78503925544
hybrid,H2,2009-03-01,2009,3,lat_menor_que_menos35,26100,23834.93508490284,1230.4679904291856,18951.7098443288,16227.240380698251,17451.68248953376
hybrid,H2,2009-03-01,2009,3,lat_menos35_a_menos15,20880,61445.03600226213,1437.7248065248273,22991.91628752211,55432.54742568433,18808.59412325443
hybrid,H2,2009-03-01,2009,3,lat_maior_igual_menos15,31581,147656.43416860595,-8004.717598196328,42809.5989076813,147018.28137029958,31215.50842646724
hybrid,H2,2009-04-01,2009,4,dominio_inteiro,78561,372977.5183140648,-3757.4410302897695,111805.89762421958,349284.6502551462,67475.78503925544
hybrid,H2,2009-04-01,2009,4,lat_menor_que_menos35,26100,34604.5410229298,-3673.207116077894,22898.090094217685,24559.059777492374,17451.68248953376
hybrid,H2,2009-04-01,2009,4,lat_menos35_a_menos15,20880,118098.36989266687,7564.779883427434,34982.919560772534,105806.6894371496,18808.59412325443
hybrid,H2,2009-04-01,2009,4,lat_maior_igual_menos15,31581,220274.60739846824,-7649.013797639309,53924.88796922934,218918.90104050425,31215.50842646724
hybrid,H2,2009-05-01,2009,5,dominio_inteiro,78561,375688.49128918425,5176.976483186643,102217.42378635085,361051.6674471072,67475.78503925544
hybrid,H2,2009-05-01,2009,5,lat_menor_que_menos35,26100,33990.64149986057,-8442.965950998028,19611.01357996045,23529.465932081093,17451.68248953376
hybrid,H2,2009-05-01,2009,5,lat_menos35_a_menos15,20880,22633.52511470721,12450.922105816113,16304.60854431988,20016.65908570033,18808.59412325443
hybrid,H2,2009-05-01,2009,5,lat_maior_igual_menos15,31581,319064.3246746164,1169.0203283685632,66301.8016620705,317505.5424293258,31215.50842646724
hybrid,H2,2009-06-01,2009,6,dominio_inteiro,78561,183349.12046636496,-1072.977751542725,77224.06209841013,169291.66413481522,67475.78503925544
hybrid,H2,2009-06-01,2009,6,lat_menor_que_menos35,26100,29545.327257216744,3362.9587666051048,20367.436124713757,20142.360225710134,17451.68248953376
hybrid,H2,2009-06-01,2009,6,lat_menos35_a_menos15,20880,33451.11221536132,-568.5863810093567,18257.875153643083,29456.17517019244,18808.59412325443
hybrid,H2,2009-06-01,2009,6,lat_maior_igual_menos15,31581,120352.68099378688,-3867.3501371384737,38598.750820053305,119693.12873891268,31215.50842646724
hybrid,H2,2009-07-01,2009,7,dominio_inteiro,78561,220852.81085370743,-4392.930208228265,76676.32460416973,204640.16506400885,67475.78503925544
hybrid,H2,2009-07-01,2009,7,lat_menor_que_menos35,26100,32186.911648798152,2442.506741140715,19696.602358271324,23798.636556543875,17451.68248953376
hybrid,H2,2009-07-01,2009,7,lat_menos35_a_menos15,20880,53306.45246867735,-5530.258667492319,18988.193037991303,46670.58734824365,18808.59412325443
hybrid,H2,2009-07-01,2009,7,lat_maior_igual_menos15,31581,135359.44673623194,-1305.1782818766603,37991.5292079071,134170.94115922134,31215.50842646724
hybrid,H2,2009-08-01,2009,8,dominio_inteiro,78561,302197.9372406525,-26010.81512389564,77883.56771631716,284048.8976338566,67475.78503925544
hybrid,H2,2009-08-01,2009,8,lat_menor_que_menos35,26100,50282.60648293493,-7367.387094147688,22662.802639485213,36930.97656226732,17451.68248953376
hybrid,H2,2009-08-01,2009,8,lat_menos35_a_menos15,20880,16803.094562389142,-225.8165316608605,12290.24347933196,14696.295037186628,18808.59412325443
hybrid,H2,2009-08-01,2009,8,lat_maior_igual_menos15,31581,235112.23619532847,-18417.61149808709,42930.52159749997,232421.62603440264,31215.50842646724
hybrid,H2,2009-09-01,2009,9,dominio_inteiro,78561,201925.16493415905,18926.80352368347,77335.92362834171,186261.31087372525,67475.78503925544
hybrid,H2,2009-09-01,2009,9,lat_menor_que_menos35,26100,23841.15196325225,1367.3686219042506,17716.720873594695,16329.808516686511,17451.68248953376
hybrid,H2,2009-09-01,2009,9,lat_menos35_a_menos15,20880,54186.12685764566,-6939.640316003013,20238.048241314897,47023.87575736983,18808.59412325443
hybrid,H2,2009-09-01,2009,9,lat_maior_igual_menos15,31581,123897.8861132611,24499.07521778223,39381.15451343212,122907.62659966892,31215.50842646724
hybrid,H2,2009-10-01,2009,10,dominio_inteiro,78561,246392.67405736927,-3946.750237828164,82946.65156191532,231603.7605442048,67475.78503925544
hybrid,H2,2009-10-01,2009,10,lat_menor_que_menos35,26100,19742.215771706386,-5289.523746016151,16020.1650913356,13926.398606322013,17451.68248953376
hybrid,H2,2009-10-01,2009,10,lat_menos35_a_menos15,20880,79342.1818645179,48.88594288474224,26340.850302647723,71945.4554227182,18808.59412325443
hybrid,H2,2009-10-01,2009,10,lat_maior_igual_menos15,31581,147308.27642114498,1293.8875653032446,40585.636167932,145731.90651516456,31215.50842646724
hybrid,H2,2009-11-01,2009,11,dominio_inteiro,78561,263579.5004868824,6102.938008426183,89958.67456501159,240081.24171569844,67475.78503925544
hybrid,H2,2009-11-01,2009,11,lat_menor_que_menos35,26100,34207.64988796648,-11376.989936737786,19707.19919324393,25104.80949114988,17451.68248953376
hybrid,H2,2009-11-01,2009,11,lat_menos35_a_menos15,20880,118731.3924987365,2917.4315084482296,30341.809244021984,105432.42478823528,18808.59412325443
hybrid,H2,2009-11-01,2009,11,lat_maior_igual_menos15,31581,110640.4581001794,14562.49643671574,39909.66612774568,109544.00743631327,31215.50842646724
hybrid,H2,2009-12-01,2009,12,dominio_inteiro,78561,213732.66728744743,-5326.297976184293,83195.35112790941,201078.7069484338,67475.78503925544
hybrid,H2,2009-12-01,2009,12,lat_menor_que_menos35,26100,19957.78583157752,2990.3365948523533,16771.177824571987,14132.6849950395,17451.68248953376
hybrid,H2,2009-12-01,2009,12,lat_menos35_a_menos15,20880,63581.38267664273,-7968.294322226781,23287.919793615238,57715.07897017457,18808.59412325443
hybrid,H2,2009-12-01,2009,12,lat_maior_igual_menos15,31581,130193.49877922724,-348.3402488098627,43136.25350972219,129230.94298321972,31215.50842646724
hybrid,H2,2010-01-01,2010,1,dominio_inteiro,78561,291892.2451084307,5141.231579086716,93338.01891003836,259914.80823057264,67475.78503925544
hybrid,H2,2010-01-01,2010,1,lat_menor_que_menos35,26100,49588.91291069535,-11844.12697836134,21233.04153706701,32901.32274743076,17451.68248953376
hybrid,H2,2010-01-01,2010,1,lat_menos35_a_menos15,20880,143158.3563030285,10357.649629972184,35128.41603199282,128867.39031144236,18808.59412325443
hybrid,H2,2010-01-01,2010,1,lat_maior_igual_menos15,31581,99144.97589470682,6627.708927475873,36976.561340978544,98146.0951716995,31215.50842646724
hybrid,H2,2010-02-01,2010,2,dominio_inteiro,78561,375794.50545459054,-8316.206989039958,113295.46911097852,343932.64513289864,67475.78503925544
hybrid,H2,2010-02-01,2010,2,lat_menor_que_menos35,26100,69058.3631297384,-23066.1907173652,31646.568577974584,49919.91111637377,17451.68248953376
hybrid,H2,2010-02-01,2010,2,lat_menos35_a_menos15,20880,105585.09257193372,5626.25217965402,30843.10900318733,93957.68716192912,18808.59412325443
hybrid,H2,2010-02-01,2010,2,lat_maior_igual_menos15,31581,201151.0497529184,9123.73154867122,50805.79152981663,200055.04685459568,31215.50842646724
hybrid,H2,2010-03-01,2010,3,dominio_inteiro,78561,264491.80339588213,13413.705005831323,85696.38346613004,251528.49159408477,67475.78503925544
hybrid,H2,2010-03-01,2010,3,lat_menor_que_menos35,26100,20214.062865475786,2640.688486412772,16377.125149874091,14689.777943990144,17451.68248953376
hybrid,H2,2010-03-01,2010,3,lat_menos35_a_menos15,20880,64015.473049255976,-967.9819687071986,22924.40337319235,57324.404834580775,18808.59412325443
hybrid,H2,2010-03-01,2010,3,lat_maior_igual_menos15,31581,180262.26748115037,11740.998488125751,46394.8549430636,179514.3088155138,31215.50842646724
hybrid,H2,2010-04-01,2010,4,dominio_inteiro,78561,300040.8376626026,-15465.434104064316,94038.55756296776,287872.6167665436,67475.78503925544
hybrid,H2,2010-04-01,2010,4,lat_menor_que_menos35,26100,22071.617423666263,5878.566368042117,18154.776862080533,16145.1122870057,17451.68248953376
hybrid,H2,2010-04-01,2010,4,lat_menos35_a_menos15,20880,48973.27787537757,1850.0621582923964,21589.29687996671,44052.28923012551,18808.59412325443
hybrid,H2,2010-04-01,2010,4,lat_maior_igual_menos15,31581,228995.94236355877,-23194.06263039883,54294.48382092049,227675.21524941243,31215.50842646724
hybrid,H2,2010-05-01,2010,5,dominio_inteiro,78561,319259.7224293634,-11376.097743972285,97999.5240721958,295349.6738408664,67475.78503925544
hybrid,H2,2010-05-01,2010,5,lat_menor_que_menos35,26100,54641.685523063694,431.1589422601651,27584.2194545572,36776.77845838159,17451.68248953376
hybrid,H2,2010-05-01,2010,5,lat_menos35_a_menos15,20880,43157.15969412999,-5666.339318715694,19912.98248603875,38448.74474325697,18808.59412325443
hybrid,H2,2010-05-01,2010,5,lat_maior_igual_menos15,31581,221460.87721216973,-6140.917367516753,50502.32213159987,220124.15063922785,31215.50842646724
hybrid,H2,2010-06-01,2010,6,dominio_inteiro,78561,160902.27205473208,-5932.578973992791,67687.39006566312,148988.05754239333,67475.78503925544
hybrid,H2,2010-06-01,2010,6,lat_menor_que_menos35,26100,28331.11733308795,-8095.954368312484,18746.76192531736,19000.979885418816,17451.68248953376
hybrid,H2,2010-06-01,2010,6,lat_menos35_a_menos15,20880,17324.75706552223,3512.7188914608896,12153.381949082022,15620.576664673605,18808.59412325443
hybrid,H2,2010-06-01,2010,6,lat_maior_igual_menos15,31581,115246.39765612187,-1349.343497141198,36787.24619126372,114366.50099230088,31215.50842646724
hybrid,H2,2010-07-01,2010,7,dominio_inteiro,78561,204658.03373986355,-14457.406651687808,73322.74727300208,192454.57724632788,67475.78503925544
hybrid,H2,2010-07-01,2010,7,lat_menor_que_menos35,26100,32254.89426410252,-8894.12592832871,20258.615934110738,23629.36714364767,17451.68248953376
hybrid,H2,2010-07-01,2010,7,lat_menos35_a_menos15,20880,18537.72061969677,2047.960343607132,12787.358102299591,16106.766708512789,18808.59412325443
hybrid,H2,2010-07-01,2010,7,lat_maior_igual_menos15,31581,153865.4188560643,-7611.241066966229,40276.77323659176,152718.44339416744,31215.50842646724
hybrid,H2,2010-08-01,2010,8,dominio_inteiro,78561,161151.3538490141,9429.882563499155,65044.204628322535,153426.99985301818,67475.78503925544
hybrid,H2,2010-08-01,2010,8,lat_menor_que_menos35,26100,13947.368126534457,-1181.141956051687,14404.227305620843,9480.506482887156,17451.68248953376
hybrid,H2,2010-08-01,2010,8,lat_menos35_a_menos15,20880,14835.483204306309,5249.835495033662,11438.15695152436,12978.754589653056,18808.59412325443
hybrid,H2,2010-08-01,2010,8,lat_maior_igual_menos15,31581,132368.50251817334,5361.189024517184,39201.82037117733,130967.73878047796,31215.50842646724
hybrid,H2,2010-09-01,2010,9,dominio_inteiro,78561,191522.0724719529,-1588.9248334313024,72031.63836557034,182420.8006870866,67475.78503925544
hybrid,H2,2010-09-01,2010,9,lat_menor_que_menos35,26100,16588.232790410028,-4025.4184067932806,14693.542003376318,12432.986434522772,17451.68248953376
hybrid,H2,2010-09-01,2010,9,lat_menos35_a_menos15,20880,30417.586472651747,-1756.709241105306,16063.578513406785,26887.99354396738,18808.59412325443
hybrid,H2,2010-09-01,2010,9,lat_maior_igual_menos15,31581,144516.2532088912,4193.202814467284,41274.51784878723,143099.82070859644,31215.50842646724
hybrid,H2,2010-10-01,2010,10,dominio_inteiro,78561,196721.89717495145,11026.79230672523,76992.35530476923,183442.35428863097,67475.78503925544
hybrid,H2,2010-10-01,2010,10,lat_menor_que_menos35,26100,24553.722894934814,-700.6008533714529,18684.1096743811,16747.050266355312,17451.68248953376
hybrid,H2,2010-10-01,2010,10,lat_menos35_a_menos15,20880,30474.2756185592,-2499.100763734611,16228.588960463756,26713.771001064277,18808.59412325443
hybrid,H2,2010-10-01,2010,10,lat_maior_igual_menos15,31581,141693.89866145744,14226.493923831296,42079.65666992437,139981.5330212114,31215.50842646724
hybrid,H2,2010-11-01,2010,11,dominio_inteiro,78561,234198.77229094037,-5404.717007337582,79744.25857126941,224044.55322044293,67475.78503925544
hybrid,H2,2010-11-01,2010,11,lat_menor_que_menos35,26100,12211.314856046716,-1238.101951761622,13323.959840081145,8553.205189864771,17451.68248953376
hybrid,H2,2010-11-01,2010,11,lat_menos35_a_menos15,20880,45558.24384562098,108.83585604678342,20236.36343055133,41109.0580011666,18808.59412325443
hybrid,H2,2010-11-01,2010,11,lat_maior_igual_menos15,31581,176429.21358927267,-4275.450911622744,46183.935300636935,174382.29002941155,31215.50842646724
hybrid,H2,2010-12-01,2010,12,dominio_inteiro,78561,250864.4389974653,-5495.385279395812,84850.16623795609,234689.56310508045,67475.78503925544
hybrid,H2,2010-12-01,2010,12,lat_menor_que_menos35,26100,18793.89152706669,-3229.893198085917,16676.36611608081,12784.039588435817,17451.68248953376
hybrid,H2,2010-12-01,2010,12,lat_menos35_a_menos15,20880,81640.34199540796,-5357.542728760359,24848.560249033373,72764.50543566575,18808.59412325443
hybrid,H2,2010-12-01,2010,12,lat_maior_igual_menos15,31581,150430.20547499065,3092.0506474504627,43325.23987284189,149141.01808097886,31215.50842646724
climatology,H2,2009-01-01,2009,1,dominio_inteiro,78561,283751.60518121684,-22933.45225001656,91883.85662634164,269807.7879830377,67475.78503925544
climatology,H2,2009-01-01,2009,1,lat_menor_que_menos35,26100,20640.30937857481,4173.14281155169,16410.92840220034,14570.919511966124,17451.68248953376
climatology,H2,2009-01-01,2009,1,lat_menos35_a_menos15,20880,67382.1330415634,3384.748717131384,24578.0548237139,60353.03382049089,18808.59412325443
climatology,H2,2009-01-01,2009,1,lat_maior_igual_menos15,31581,195729.16276107865,-30491.34377869964,50894.8734004274,194883.83465058068,31215.50842646724
climatology,H2,2009-02-01,2009,2,dominio_inteiro,78561,304754.12357583543,-38571.4600360333,91108.30617603194,286096.3440728677,67475.78503925544
climatology,H2,2009-02-01,2009,2,lat_menor_que_menos35,26100,44442.910526174855,-11209.613265678288,21531.62241880596,30271.60719759805,17451.68248953376
climatology,H2,2009-02-01,2009,2,lat_menos35_a_menos15,20880,35175.23135008154,3775.175827460829,18354.396223138086,31799.141370282166,18808.59412325443
climatology,H2,2009-02-01,2009,2,lat_maior_igual_menos15,31581,225135.981699579,-31137.02259781584,51222.287534087896,224025.59550498743,31215.50842646724
climatology,H2,2009-03-01,2009,3,dominio_inteiro,78561,293844.68927742215,-9801.634388090111,91992.96209486852,279718.1590009569,67475.78503925544
climatology,H2,2009-03-01,2009,3,lat_menor_que_menos35,26100,22575.04017238276,1127.07534173131,18659.207272559404,15384.147044167164,17451.68248953376
climatology,H2,2009-03-01,2009,3,lat_menos35_a_menos15,20880,63635.49841279934,1119.8356854980811,23379.66709824931,57388.03184285411,18808.59412325443
climatology,H2,2009-03-01,2009,3,lat_maior_igual_menos15,31581,207634.1506922401,-12048.545415319502,49954.08772405982,206945.9801139357,31215.50842646724
climatology,H2,2009-04-01,2009,4,dominio_inteiro,78561,569074.1648735206,-1245.5151620637623,133299.57059030235,542658.7475115544,67475.78503925544
climatology,H2,2009-04-01,2009,4,lat_menor_que_menos35,26100,39633.37654125397,-5247.308442175388,24279.84950536489,28086.73074752757,17451.68248953376
climatology,H2,2009-04-01,2009,4,lat_menos35_a_menos15,20880,124210.24622644692,8294.641919086687,35845.27801718842,111176.50190900535,18808.59412325443
climatology,H2,2009-04-01,2009,4,lat_maior_igual_menos15,31581,405230.5421058197,-4292.8486389750615,73174.44306774903,403395.5148550216,31215.50842646724
climatology,H2,2009-05-01,2009,5,dominio_inteiro,78561,677573.0316662843,3118.508750338573,131391.8796926872,660761.0108075369,67475.78503925544
climatology,H2,2009-05-01,2009,5,lat_menor_que_menos35,26100,35886.675206492204,-9556.274885237215,20434.59162312746,24692.632915309143,17451.68248953376
climatology,H2,2009-05-01,2009,5,lat_menos35_a_menos15,20880,24785.29623170768,13183.081501977053,16937.294564991724,21937.60576317385,18808.59412325443
climatology,H2,2009-05-01,2009,5,lat_maior_igual_menos15,31581,616901.0602280842,-508.2978664012626,94019.993504568,614130.7721290538,31215.50842646724
climatology,H2,2009-06-01,2009,6,dominio_inteiro,78561,285627.8148394744,-10383.860648190604,90534.20315101836,271604.6686259884,67475.78503925544
climatology,H2,2009-06-01,2009,6,lat_menor_que_menos35,26100,28573.913765259666,1481.1718991696837,19746.000286191706,19373.045314908748,17451.68248953376
climatology,H2,2009-06-01,2009,6,lat_menos35_a_menos15,20880,32203.876893481603,-355.0937641300261,17776.05743376538,28309.342614790443,18808.59412325443
climatology,H2,2009-06-01,2009,6,lat_maior_igual_menos15,31581,224850.0241807331,-11509.93878323026,53012.14543106128,223922.28069628915,31215.50842646724
climatology,H2,2009-07-01,2009,7,dominio_inteiro,78561,190112.84615422145,-4358.440530572552,70769.72263112618,174902.81639115844,67475.78503925544
climatology,H2,2009-07-01,2009,7,lat_menor_que_menos35,26100,30510.74133022855,1491.0740548968315,19387.489767611027,22484.4570388772,17451.68248953376
climatology,H2,2009-07-01,2009,7,lat_menos35_a_menos15,20880,51036.13795523527,-5247.0273255249485,18576.478837133385,44704.83791510986,18808.59412325443
climatology,H2,2009-07-01,2009,7,lat_maior_igual_menos15,31581,108565.9668687576,-602.4872599444352,32805.754026381765,107713.5214371714,31215.50842646724
climatology,H2,2009-08-01,2009,8,dominio_inteiro,78561,262544.9576026132,-16862.67465367727,76377.19985620119,245440.75380791683,67475.78503925544
climatology,H2,2009-08-01,2009,8,lat_menor_que_menos35,26100,49545.26817586252,-6404.145803630352,22987.731282889843,36424.947931251954,17451.68248953376
climatology,H2,2009-08-01,2009,8,lat_menos35_a_menos15,20880,15125.74327359878,-1296.018982835114,11506.687547372654,13302.13253932576,18808.59412325443
climatology,H2,2009-08-01,2009,8,lat_maior_igual_menos15,31581,197873.94615315192,-9162.509867211804,41882.78102593869,195713.67333733916,31215.50842646724
climatology,H2,2009-09-01,2009,9,dominio_inteiro,78561,211637.60338758037,19174.34202282433,78345.69086927664,196154.9739919349,67475.78503925544
climatology,H2,2009-09-01,2009,9,lat_menor_que_menos35,26100,23180.59031555848,386.7287418246269,17283.428896963596,15869.682620898278,17451.68248953376
climatology,H2,2009-09-01,2009,9,lat_menos35_a_menos15,20880,53455.12922856356,-7412.852780934656,19883.79458904616,46444.64265166046,18808.59412325443
climatology,H2,2009-09-01,2009,9,lat_maior_igual_menos15,31581,135001.88384345832,26200.466061934363,41178.46738326689,133840.6487193762,31215.50842646724
climatology,H2,2009-10-01,2009,10,dominio_inteiro,78561,257380.58313658845,-4844.060113686166,84913.96514676602,242390.0201649638,67475.78503925544
climatology,H2,2009-10-01,2009,10,lat_menor_que_menos35,26100,19596.92960086678,-6158.778152614832,16418.88377997279,13699.742401300551,17451.68248953376
climatology,H2,2009-10-01,2009,10,lat_menos35_a_menos15,20880,80807.27585967888,-1709.4550384516187,26313.27928532564,73540.7386082105,18808.59412325443
climatology,H2,2009-10-01,2009,10,lat_maior_igual_menos15,31581,156976.3776760428,3024.1730773802847,42181.802081467584,155149.53915545277,31215.50842646724
climatology,H2,2009-11-01,2009,11,dominio_inteiro,78561,288026.5804534099,11979.434205429454,95916.815809449,264557.2508376122,67475.78503925544
climatology,H2,2009-11-01,2009,11,lat_menor_que_menos35,26100,31851.12615481705,-10651.873009562492,19500.79301136732,23401.27779551915,17451.68248953376
climatology,H2,2009-11-01,2009,11,lat_menos35_a_menos15,20880,120031.0401643647,856.3694920109701,29937.39549830352,106291.22490998272,18808.59412325443
climatology,H2,2009-11-01,2009,11,lat_maior_igual_menos15,31581,136144.41413422808,21774.937722980976,46478.62729977816,134864.74813211034,31215.50842646724
climatology,H2,2009-12-01,2009,12,dominio_inteiro,78561,215449.3103301258,2140.5302820120705,84897.03963912732,202399.5936070984,67475.78503925544
climatology,H2,2009-12-01,2009,12,lat_menor_que_menos35,26100,20030.9893816128,2590.644618958235,16926.180832266808,14081.35938978458,17451.68248953376
climatology,H2,2009-12-01,2009,12,lat_menos35_a_menos15,20880,64183.26955132734,-8473.276429590886,23529.78551197133,58112.84961885813,18808.59412325443
climatology,H2,2009-12-01,2009,12,lat_maior_igual_menos15,31581,131235.05139718566,8023.162092644721,44441.07329488918,130205.38459845562,31215.50842646724
climatology,H2,2010-01-01,2010,1,dominio_inteiro,78561,272128.0363637828,18522.284863936075,94752.48995808192,246441.5194322757,67475.78503925544
climatology,H2,2010-01-01,2010,1,lat_menor_que_menos35,26100,39434.29786960606,-10398.514369234445,19971.33546705544,26312.66485405241,17451.68248953376
climatology,H2,2010-01-01,2010,1,lat_menos35_a_menos15,20880,113754.66450549138,7704.992552580603,31175.80616876908,102134.7228806437,18808.59412325443
climatology,H2,2010-01-01,2010,1,lat_maior_igual_menos15,31581,118939.07398868536,21215.806680589914,43605.3483222574,117994.1316975796,31215.50842646724
climatology,H2,2010-02-01,2010,2,dominio_inteiro,78561,337920.4703508384,487.11464048037305,108018.23680407228,308175.4484189277,67475.78503925544
climatology,H2,2010-02-01,2010,2,lat_menor_que_menos35,26100,68634.48208109086,-21759.23675505817,31791.761312022805,49505.5994369886,17451.68248953376
climatology,H2,2010-02-01,2010,2,lat_menos35_a_menos15,20880,81637.08843987744,2276.9792255931534,26120.89640441956,71846.73692707854,18808.59412325443
climatology,H2,2010-02-01,2010,2,lat_maior_igual_menos15,31581,187648.89982987012,19969.37216994539,50105.57908762992,186823.1120548605,31215.50842646724
climatology,H2,2010-03-01,2010,3,dominio_inteiro,78561,364030.7532861246,20322.581691621803,98985.481181358,348691.8077973034,67475.78503925544
climatology,H2,2010-03-01,2010,3,lat_menor_que_menos35,26100,22461.588468236558,6324.676660090685,17374.611286252737,16331.145367776164,17451.68248953376
climatology,H2,2010-03-01,2010,3,lat_menos35_a_menos15,20880,90481.12260337696,-4614.3390428954735,27148.464398351494,82097.03250335038,18808.59412325443
climatology,H2,2010-03-01,2010,3,lat_maior_igual_menos15,31581,251088.04221451105,18612.24407442659,54462.40549675375,250263.6299261769,31215.50842646724
climatology,H2,2010-04-01,2010,4,dominio_inteiro,78561,381201.5319987544,-9844.91282136552,107708.15417206474,366979.2648197366,67475.78503925544
climatology,H2,2010-04-01,2010,4,lat_menor_que_menos35,26100,28723.86054132748,13700.645735681055,21213.722307622436,21100.137129970564,17451.68248953376
climatology,H2,2010-04-01,2010,4,lat_menos35_a_menos15,20880,49720.48937196025,2146.643109272234,22126.39435491804,44801.28475667917,18808.59412325443
climatology,H2,2010-04-01,2010,4,lat_maior_igual_menos15,31581,302757.1820854667,-25692.20166631881,64368.03750952426,301077.84293308685,31215.50842646724
climatology,H2,2010-05-01,2010,5,dominio_inteiro,78561,357531.7717992675,-14908.451622586232,103137.3595131538,334616.13603601063,67475.78503925544
climatology,H2,2010-05-01,2010,5,lat_menor_que_menos35,26100,54677.66305005249,7295.028215348721,28380.52896398306,38188.73544035929,17451.68248953376
climatology,H2,2010-05-01,2010,5,lat_menos35_a_menos15,20880,45051.82177888991,-5578.156596167479,19886.156391615517,40170.15275693039,18808.59412325443
climatology,H2,2010-05-01,2010,5,lat_maior_igual_menos15,31581,257802.2869703252,-16625.323241767474,54870.674157555215,256257.2478387209,31215.50842646724
climatology,H2,2010-06-01,2010,6,dominio_inteiro,78561,216587.389073577,-16569.57536987029,76254.65437368304,205096.3785496554,67475.78503925544
climatology,H2,2010-06-01,2010,6,lat_menor_que_menos35,26100,25928.396490889518,-2713.0000063478947,18506.279877513647,17538.31303281889,17451.68248953376
climatology,H2,2010-06-01,2010,6,lat_menos35_a_menos15,20880,19642.01115063223,5947.0550548397005,13575.308854777366,17738.92331154312,18808.59412325443
climatology,H2,2010-06-01,2010,6,lat_maior_igual_menos15,31581,171016.98143205524,-19803.630418362096,44173.06564139202,169819.1422052934,31215.50842646724
climatology,H2,2010-07-01,2010,7,dominio_inteiro,78561,283310.1863769715,-29494.905603204388,87905.23054959392,270728.9542233361,67475.78503925544
climatology,H2,2010-07-01,2010,7,lat_menor_que_menos35,26100,30528.197943646155,-5428.6036794781685,20582.531021296974,22439.099204675367,17451.68248953376
climatology,H2,2010-07-01,2010,7,lat_menos35_a_menos15,20880,18362.192199618657,4873.467517004348,13401.276154321618,15936.490309664045,18808.59412325443
climatology,H2,2010-07-01,2010,7,lat_maior_igual_menos15,31581,234419.7962337067,-28939.769440730568,53921.423373975325,232353.3647089968,31215.50842646724
climatology,H2,2010-08-01,2010,8,dominio_inteiro,78561,267235.3677686463,-4738.361299185082,81876.51408132352,257009.97626391688,67475.78503925544
climatology,H2,2010-08-01,2010,8,lat_menor_que_menos35,26100,14588.340095315794,2934.822473347187,15527.228554666042,9946.783395535816,17451.68248953376
climatology,H2,2010-08-01,2010,8,lat_menos35_a_menos15,20880,21932.694713456523,9935.397719435394,14504.3977044262,19332.37464674698,18808.59412325443
climatology,H2,2010-08-01,2010,8,lat_maior_igual_menos15,31581,230714.33295987395,-17608.581491967663,51844.88782223128,227730.8182216341,31215.50842646724
climatology,H2,2010-09-01,2010,9,dominio_inteiro,78561,239918.20447837427,-2656.6058531522285,79253.56998379133,229995.84881502925,67475.78503925544
climatology,H2,2010-09-01,2010,9,lat_menor_que_menos35,26100,16869.304091017544,132.76908606290817,14754.792209923267,12610.883700517086,17451.68248953376
climatology,H2,2010-09-01,2010,9,lat_menos35_a_menos15,20880,29698.1299815712,1130.7091544901486,16152.161968711996,26415.60070278192,18808.59412325443
climatology,H2,2010-09-01,2010,9,lat_maior_igual_menos15,31581,193350.77040578556,-3920.084093705285,48346.61580515606,190969.3644117302,31215.50842646724
climatology,H2,2010-10-01,2010,10,dominio_inteiro,78561,225260.5262298589,7403.515646201529,79717.77061080557,209969.0802274233,67475.78503925544
climatology,H2,2010-10-01,2010,10,lat_menor_que_menos35,26100,28104.24051375795,3470.5324552953243,20900.20728006959,19075.194204725023,17451.68248953376
climatology,H2,2010-10-01,2010,10,lat_menos35_a_menos15,20880,37168.42733158155,-97.2209228510328,17945.708397088543,32568.2025508028,18808.59412325443
climatology,H2,2010-10-01,2010,10,lat_maior_igual_menos15,31581,159987.85838451935,4030.204113757238,40871.85493364744,158325.68347189552,31215.50842646724
climatology,H2,2010-11-01,2010,11,dominio_inteiro,78561,341720.9375002893,-21059.56344471703,89969.48727521129,329275.78391991626,67475.78503925544
climatology,H2,2010-11-01,2010,11,lat_menor_que_menos35,26100,11257.591589093754,2030.973059773445,12903.100454330444,7947.774161170755,17451.68248953376
climatology,H2,2010-11-01,2010,11,lat_menos35_a_menos15,20880,58898.88895470637,1204.5407261418295,23049.71476789392,52834.23573260589,18808.59412325443
climatology,H2,2010-11-01,2010,11,lat_maior_igual_menos15,31581,271564.45695648924,-24295.077230632305,54016.67205298692,268493.7740261396,31215.50842646724
climatology,H2,2010-12-01,2010,12,dominio_inteiro,78561,306717.5081110491,-29862.6244726266,90884.45667215984,288947.51963604987,67475.78503925544
climatology,H2,2010-12-01,2010,12,lat_menor_que_menos35,26100,20647.038842883307,-4020.0407295525074,17726.4454780221,13944.768593675568,17451.68248953376
climatology,H2,2010-12-01,2010,12,lat_menos35_a_menos15,20880,85355.79260054784,-2695.7400373789715,26007.51643019344,76193.19488451391,18808.59412325443
climatology,H2,2010-12-01,2010,12,lat_maior_igual_menos15,31581,200714.67666761795,-23146.84370569512,47150.4947639443,198809.5561578604,31215.50842646724
unet,H3,2011-01-01,2011,1,dominio_inteiro,78561,210101.5639497109,-11243.962473336607,78175.46461999789,197076.75842902815,67475.78503925544
unet,H3,2011-01-01,2011,1,lat_menor_que_menos35,26100,25001.20139031652,-8042.293932892382,17776.843438334763,17923.224931795554,17451.68248953376
unet,H3,2011-01-01,2011,1,lat_menos35_a_menos15,20880,48407.1290421748,723.1708765104413,20067.620371595025,43219.22093652644,18808.59412325443
unet,H3,2011-01-01,2011,1,lat_maior_igual_menos15,31581,136693.2335172196,-3924.8394169546655,40331.0008100681,135934.31256070617,31215.50842646724
unet,H3,2011-02-01,2011,2,dominio_inteiro,78561,247736.4288349531,-20765.316108938307,84324.59794815257,232140.93777046335,67475.78503925544
unet,H3,2011-02-01,2011,2,lat_menor_que_menos35,26100,25413.681398027096,1337.0269866585732,17383.16835014522,18664.22853270909,17451.68248953376
unet,H3,2011-02-01,2011,2,lat_menos35_a_menos15,20880,83791.41640673473,-9192.724778734148,26807.6752949208,75859.13102275958,18808.59412325443
unet,H3,2011-02-01,2011,2,lat_maior_igual_menos15,31581,138531.33103019133,-12909.618316862732,40133.75430308655,137617.5782149947,31215.50842646724
unet,H3,2011-03-01,2011,3,dominio_inteiro,78561,299228.8777782807,-22802.601384762675,91347.36093300208,275776.2210095324,67475.78503925544
unet,H3,2011-03-01,2011,3,lat_menor_que_menos35,26100,34266.7574869045,-5861.8498275876045,19711.537663400173,23421.064963666668,17451.68248953376
unet,H3,2011-03-01,2011,3,lat_menos35_a_menos15,20880,147970.15699171677,-10669.23352379352,32218.981202073395,135958.62921552773,18808.59412325443
unet,H3,2011-03-01,2011,3,lat_maior_igual_menos15,31581,116991.96329965947,-6271.518033381552,39416.84206752852,116396.52683033804,31215.50842646724
unet,H3,2011-04-01,2011,4,dominio_inteiro,78561,231332.31184350452,-14446.949101742355,81564.96322367713,220091.76901656375,67475.78503925544
unet,H3,2011-04-01,2011,4,lat_menor_que_menos35,26100,24051.990507868555,-3366.67379668355,18362.78050670028,16141.978094965592,17451.68248953376
unet,H3,2011-04-01,2011,4,lat_menos35_a_menos15,20880,21353.963683413596,2161.2774409018457,14393.096587810664,19136.92927483744,18808.59412325443
unet,H3,2011-04-01,2011,4,lat_maior_igual_menos15,31581,185926.3576522224,-13241.552745960653,48809.086129166186,184812.86164676075,31215.50842646724
unet,H3,2011-05-01,2011,5,dominio_inteiro,78561,343815.3518999262,-6706.9319085069,94270.27944641931,329946.9496906685,67475.78503925544
unet,H3,2011-05-01,2011,5,lat_menor_que_menos35,26100,32968.236308532694,190.5165232717991,21380.127338677645,22987.33181615916,17451.68248953376
unet,H3,2011-05-01,2011,5,lat_menos35_a_menos15,20880,27037.59603420797,10951.65986152552,16672.43863015808,24284.05584022444,18808.59412325443
unet,H3,2011-05-01,2011,5,lat_maior_igual_menos15,31581,283809.5195571856,-17849.10829330422,56217.7134775836,282675.5620342849,31215.50842646724
unet,H3,2011-06-01,2011,6,dominio_inteiro,78561,188135.30527920928,-7801.939238404855,70326.65749198012,180040.16837996198,67475.78503925544
unet,H3,2011-06-01,2011,6,lat_menor_que_menos35,26100,16687.33543643765,-3492.5245867073536,15426.460715442896,11930.07450738006,17451.68248953376
unet,H3,2011-06-01,2011,6,lat_menos35_a_menos15,20880,19338.091354019165,-6261.624152204022,12921.523307049649,16876.143597706032,18808.59412325443
unet,H3,2011-06-01,2011,6,lat_maior_igual_menos15,31581,152109.87848875247,1952.2095005065205,41978.67346948758,151233.95027487588,31215.50842646724
unet,H3,2011-07-01,2011,7,dominio_inteiro,78561,165891.14657404565,-15092.194408753889,62567.10787583701,158139.7179010534,67475.78503925544
unet,H3,2011-07-01,2011,7,lat_menor_que_menos35,26100,15888.501438436057,-3325.738085985184,14149.475744247437,10928.87747646058,17451.68248953376
unet,H3,2011-07-01,2011,7,lat_menos35_a_menos15,20880,13862.228102438388,311.60844196751714,11374.268693421036,12259.845062916862,18808.59412325443
unet,H3,2011-07-01,2011,7,lat_maior_igual_menos15,31581,136140.41703317116,-12078.06476473622,37043.36343816854,134950.99536167597,31215.50842646724
unet,H3,2011-08-01,2011,8,dominio_inteiro,78561,185348.373197553,7663.2531633721665,75260.74085974973,167594.30466555117,67475.78503925544
unet,H3,2011-08-01,2011,8,lat_menor_que_menos35,26100,46439.02512490494,-7548.422217279673,23603.78760638833,32737.69391518509,17451.68248953376
unet,H3,2011-08-01,2011,8,lat_menos35_a_menos15,20880,26229.33550240173,-2864.0576054696,14581.81743730046,23193.12439781838,18808.59412325443
unet,H3,2011-08-01,2011,8,lat_maior_igual_menos15,31581,112680.01257024634,18075.73298612144,37075.13581606094,111663.48635254768,31215.50842646724
unet,H3,2011-09-01,2011,9,dominio_inteiro,78561,173843.6851574985,18974.596159841865,73992.70381235331,160977.8382363121,67475.78503925544
unet,H3,2011-09-01,2011,9,lat_menor_que_menos35,26100,24732.033676469626,-5293.520665287972,17093.65793478489,17104.238224576577,17451.68248953376
unet,H3,2011-09-01,2011,9,lat_menos35_a_menos15,20880,39885.801302235246,18085.911930991337,21164.52984796278,35785.843626363545,18808.59412325443
unet,H3,2011-09-01,2011,9,lat_maior_igual_menos15,31581,109225.85017879364,6182.2048941385,35734.51602960564,108087.75638537192,31215.50842646724
unet,H3,2011-10-01,2011,10,dominio_inteiro,78561,193190.3195491138,-17948.53287612647,75595.6209368743,181589.0931784364,67475.78503925544
unet,H3,2011-10-01,2011,10,lat_menor_que_menos35,26100,27378.18179502219,14.93334537744522,16108.476716578009,20485.912475149744,17451.68248953376
unet,H3,2011-10-01,2011,10,lat_menos35_a_menos15,20880,30514.485218894413,-4967.34288247861,16554.771223587915,27147.98551135341,18808.59412325443
unet,H3,2011-10-01,2011,10,lat_maior_igual_menos15,31581,135297.65253519715,-12996.123339025304,42932.37299670838,133955.19519193325,31215.50842646724
unet,H3,2011-11-01,2011,11,dominio_inteiro,78561,328646.98928203026,-17817.880381314084,88289.97506578453,316160.92566007026,67475.78503925544
unet,H3,2011-11-01,2011,11,lat_menor_que_menos35,26100,19174.089346053934,-3244.494446247816,15853.028346329927,13629.77483247596,17451.68248953376
unet,H3,2011-11-01,2011,11,lat_menos35_a_menos15,20880,50340.79199262477,6316.48124015145,21088.78861664422,45579.828343451794,18808.59412325443
unet,H3,2011-11-01,2011,11,lat_maior_igual_menos15,31581,259132.1079433516,-20889.86717521772,51348.15810281038,256951.3224841425,31215.50842646724
unet,H3,2011-12-01,2011,12,dominio_inteiro,78561,302281.6430830257,10542.594448950142,98153.54049905576,281446.9772952415,67475.78503925544
unet,H3,2011-12-01,2011,12,lat_menor_que_menos35,26100,36598.857707511954,13390.88942667842,20403.122641325,25565.41643143189,17451.68248953376
unet,H3,2011-12-01,2011,12,lat_menos35_a_menos15,20880,73977.08258742846,2733.3501702696085,25436.767530640587,65545.16018375901,18808.59412325443
unet,H3,2011-12-01,2011,12,lat_maior_igual_menos15,31581,191705.70278808533,-5581.645147997886,52313.650327090174,190336.40068005052,31215.50842646724
unet,H3,2012-01-01,2012,1,dominio_inteiro,78561,229150.1250349112,-627.1100556650199,83569.89914599294,214863.91668050105,67475.78503925544
unet,H3,2012-01-01,2012,1,lat_menor_que_menos35,26100,24141.7364395344,977.5579312667252,16459.899813599885,17474.635788923242,17451.68248953376
unet,H3,2012-01-01,2012,1,lat_menos35_a_menos15,20880,62863.66308295919,12240.194110428449,24654.94430120522,56018.67215446832,18808.59412325443
unet,H3,2012-01-01,2012,1,lat_maior_igual_menos15,31581,142144.72551241762,-13844.862097360194,42455.05503118783,141370.60873710946,31215.50842646724
unet,H3,2012-02-01,2012,2,dominio_inteiro,78561,268176.0124653372,-14784.279045455158,92824.13498909026,250242.98693315568,67475.78503925544
unet,H3,2012-02-01,2012,2,lat_menor_que_menos35,26100,37780.42777336868,-10740.64666363597,20953.049251407385,28014.84822478218,17451.68248953376
unet,H3,2012-02-01,2012,2,lat_menos35_a_menos15,20880,68387.15652616967,12133.968995586038,26898.691079750657,61200.52989895059,18808.59412325443
unet,H3,2012-02-01,2012,2,lat_maior_igual_menos15,31581,162008.42816579886,-16177.601377405226,44972.39465793222,161027.60880942293,31215.50842646724
unet,H3,2012-03-01,2012,3,dominio_inteiro,78561,242362.84254972567,9352.044227886943,87396.7353691943,227577.2285481826,67475.78503925544
unet,H3,2012-03-01,2012,3,lat_menor_que_menos35,26100,38727.37018608521,-3517.835537016392,20026.58918023109,28976.093555535525,17451.68248953376
unet,H3,2012-03-01,2012,3,lat_menos35_a_menos15,20880,48051.21037574478,17009.885557442904,22287.081346467137,43632.40082732882,18808.59412325443
unet,H3,2012-03-01,2012,3,lat_maior_igual_menos15,31581,155584.26198789568,-4140.005792539567,45083.06484249607,154968.73416531822,31215.50842646724
unet,H3,2012-04-01,2012,4,dominio_inteiro,78561,275145.87475711654,-3035.831367746927,91878.08672586177,261685.7070638031,67475.78503925544
unet,H3,2012-04-01,2012,4,lat_menor_que_menos35,26100,28273.506240808623,3115.034009218216,20427.824477672577,20000.39609041939,17451.68248953376
unet,H3,2012-04-01,2012,4,lat_menos35_a_menos15,20880,41478.11303680498,-7558.734382790513,20044.245041181333,37109.51338012362,18808.59412325443
unet,H3,2012-04-01,2012,4,lat_maior_igual_menos15,31581,205394.25547950293,1407.8690058253706,51406.017207007855,204575.79759326004,31215.50842646724
unet,H3,2012-05-01,2012,5,dominio_inteiro,78561,221110.6910126564,3730.466017145664,81295.4022844918,204114.18689032792,67475.78503925544
unet,H3,2012-05-01,2012,5,lat_menor_que_menos35,26100,37052.90093111529,-1020.2521259784698,21529.064152240757,25974.495861035524,17451.68248953376
unet,H3,2012-05-01,2012,5,lat_menos35_a_menos15,20880,41838.91334650792,5425.094432353973,19713.590885072947,36808.83599193196,18808.59412325443
unet,H3,2012-05-01,2012,5,lat_maior_igual_menos15,31581,142218.8767350332,-674.37628922984,40052.74724717811,141330.85503736042,31215.50842646724
unet,H3,2012-06-01,2012,6,dominio_inteiro,78561,197741.2604352634,6577.871312737465,78419.46309472248,179282.3570823628,67475.78503925544
unet,H3,2012-06-01,2012,6,lat_menor_que_menos35,26100,40295.43996794407,-436.3493453264237,21977.91689634323,28073.151983966454,17451.68248953376
unet,H3,2012-06-01,2012,6,lat_menos35_a_menos15,20880,43889.6739990125,-2983.4394605085254,19594.497408319265,38469.82700988012,18808.59412325443
unet,H3,2012-06-01,2012,6,lat_maior_igual_menos15,31581,113556.14646830683,9997.660118572414,36847.048790059984,112739.37808851624,31215.50842646724
unet,H3,2012-07-01,2012,7,dominio_inteiro,78561,273096.9100307312,-3619.049587108195,84393.46785297245,253951.73935405293,67475.78503925544
unet,H3,2012-07-01,2012,7,lat_menor_que_menos35,26100,45075.25339912112,-5437.600669562817,25167.86230367422,30933.46505018221,17451.68248953376
unet,H3,2012-07-01,2012,7,lat_menos35_a_menos15,20880,22905.83740278415,5748.1758739203215,14968.455685928464,19773.773603534828,18808.59412325443
unet,H3,2012-07-01,2012,7,lat_maior_igual_menos15,31581,205115.81922882583,-3929.6247914657,44257.14986336976,203244.5007003359,31215.50842646724
unet,H3,2012-08-01,2012,8,dominio_inteiro,78561,189991.320296528,-927.6097322925924,78891.5190127492,174061.49512407574,67475.78503925544
unet,H3,2012-08-01,2012,8,lat_menor_que_menos35,26100,37751.55663898027,-7707.79822948575,22316.95376703143,27730.83625317656,17451.68248953376
unet,H3,2012-08-01,2012,8,lat_menos35_a_menos15,20880,34954.90891568301,8158.762783072889,18073.437135115262,30365.198981487083,18808.59412325443
unet,H3,2012-08-01,2012,8,lat_maior_igual_menos15,31581,117284.85474186468,-1378.5742858797312,38501.1281106025,115965.4598894121,31215.50842646724
unet,H3,2012-09-01,2012,9,dominio_inteiro,78561,144477.71459647018,39433.01931321435,69340.63329846971,134484.94248932478,67475.78503925544
unet,H3,2012-09-01,2012,9,lat_menor_que_menos35,26100,17904.00203318202,2179.254910171032,15462.590936005116,12647.674855236985,17451.68248953376
unet,H3,2012-09-01,2012,9,lat_menos35_a_menos15,20880,35386.483219379435,12926.13355533406,18519.00773425028,31641.501661920796,18808.59412325443
unet,H3,2012-09-01,2012,9,lat_maior_igual_menos15,31581,91187.22934390872,24327.630847709253,35359.034628214315,90195.765972167,31215.50842646724
unet,H3,2012-10-01,2012,10,dominio_inteiro,78561,193263.2046738093,16331.90098629624,78814.56618554995,180540.3297709609,67475.78503925544
unet,H3,2012-10-01,2012,10,lat_menor_que_menos35,26100,22249.98962254839,-3083.233727633953,16691.688644230366,16514.100716505734,17451.68248953376
unet,H3,2012-10-01,2012,10,lat_menos35_a_menos15,20880,58349.679333789565,12239.754724142258,24312.563375511323,52679.80630133439,18808.59412325443
unet,H3,2012-10-01,2012,10,lat_maior_igual_menos15,31581,112663.5357174714,7175.379989787936,37810.31416580826,111346.42275312076,31215.50842646724
unet,H3,2012-11-01,2012,11,dominio_inteiro,78561,349802.4062403711,4516.603852888104,99907.41771436809,333141.3064511075,67475.78503925544
unet,H3,2012-11-01,2012,11,lat_menor_que_menos35,26100,16795.055576374896,1883.571916744113,14244.21845050156,12187.00340810551,17451.68248953376
unet,H3,2012-11-01,2012,11,lat_menos35_a_menos15,20880,102394.9138405469,2680.5281821279787,30192.325862079397,93173.60038213649,18808.59412325443
unet,H3,2012-11-01,2012,11,lat_maior_igual_menos15,31581,230612.43682344933,-47.49624598398805,55470.87340178713,227780.7026608656,31215.50842646724
unet,H3,2012-12-01,2012,12,dominio_inteiro,78561,331353.7736545563,-635.3642984498292,104304.2720340658,301030.30148863525,67475.78503925544
unet,H3,2012-12-01,2012,12,lat_menor_que_menos35,26100,72635.1071313812,-18074.220325164497,30258.707886867225,53092.18117790645,17451.68248953376
unet,H3,2012-12-01,2012,12,lat_menos35_a_menos15,20880,109503.9359993579,14719.30329610221,32306.588797392324,100251.84941093008,18808.59412325443
unet,H3,2012-12-01,2012,12,lat_maior_igual_menos15,31581,149214.73052381712,2719.552730612457,41738.97534980625,147686.27089979875,31215.50842646724
hybrid,H3,2011-01-01,2011,1,dominio_inteiro,78561,215374.7261837608,2319.200852535876,82457.78683113797,202889.76270161715,67475.78503925544
hybrid,H3,2011-01-01,2011,1,lat_menor_que_menos35,26100,23657.430639287177,-6913.847068164007,17121.9680022763,17035.981258149597,17451.68248953376
hybrid,H3,2011-01-01,2011,1,lat_menos35_a_menos15,20880,46982.54642810863,1819.3662575040253,20002.189988467093,41998.584779927165,18808.59412325443
hybrid,H3,2011-01-01,2011,1,lat_maior_igual_menos15,31581,144734.74911636504,7413.681663195859,45333.62884039458,143855.1966635404,31215.50842646724
hybrid,H3,2011-02-01,2011,2,dominio_inteiro,78561,229445.5609699284,-7864.851929177129,82364.63718503992,214449.56552062352,67475.78503925544
hybrid,H3,2011-02-01,2011,2,lat_menor_que_menos35,26100,24690.819652311813,2285.170677871213,17251.813001869356,18171.473345163016,17451.68248953376
hybrid,H3,2011-02-01,2011,2,lat_menos35_a_menos15,20880,80772.76148942471,-7407.373693321661,26292.30722054774,73176.58225753598,18808.59412325443
hybrid,H3,2011-02-01,2011,2,lat_maior_igual_menos15,31581,123981.9798281918,-2742.6489137266776,38820.5169626228,123101.50991792452,31215.50842646724
hybrid,H3,2011-03-01,2011,3,dominio_inteiro,78561,290351.795961164,-14153.10112345164,91301.45603138076,266486.51317541994,67475.78503925544
hybrid,H3,2011-03-01,2011,3,lat_menor_que_menos35,26100,35357.33137090356,-4230.582738227362,19907.553760462844,24288.30137220513,17451.68248953376
hybrid,H3,2011-03-01,2011,3,lat_menos35_a_menos15,20880,147973.02664037902,-8629.727557634165,32701.64192632847,135758.9916586982,18808.59412325443
hybrid,H3,2011-03-01,2011,3,lat_maior_igual_menos15,31581,107021.43794988144,-1292.7908275901111,38692.26034458943,106439.22014451658,31215.50842646724
hybrid,H3,2011-04-01,2011,4,dominio_inteiro,78561,222615.26395172568,-11523.119718106773,79937.73057519438,212334.91989725188,67475.78503925544
hybrid,H3,2011-04-01,2011,4,lat_menor_que_menos35,26100,21578.15784122,-2911.2077805976314,17215.29781280414,14530.767380123012,17451.68248953376
hybrid,H3,2011-04-01,2011,4,lat_menos35_a_menos15,20880,20796.441908056167,2200.754852650441,14013.335142401642,18649.51959579979,18808.59412325443
hybrid,H3,2011-04-01,2011,4,lat_maior_igual_menos15,31581,180240.6642024495,-10812.666790159585,48709.09761998858,179154.6329213291,31215.50842646724
hybrid,H3,2011-05-01,2011,5,dominio_inteiro,78561,354875.8177466388,-8293.786566849954,95396.00613985502,340991.4161716656,67475.78503925544
hybrid,H3,2011-05-01,2011,5,lat_menor_que_menos35,26100,32322.795320132416,-1538.8058651891015,20625.13722178562,22434.314232997127,17451.68248953376
hybrid,H3,2011-05-01,2011,5,lat_menos35_a_menos15,20880,28388.13395508076,11164.294256106365,17169.03057373717,25571.58264826273,18808.59412325443
hybrid,H3,2011-05-01,2011,5,lat_maior_igual_menos15,31581,294164.8884714256,-17919.27495776721,57601.838344332224,292985.5192904058,31215.50842646724
hybrid,H3,2011-06-01,2011,6,dominio_inteiro,78561,192408.00701953607,-11744.751822303711,70569.64471843539,183911.0809226629,67475.78503925544
hybrid,H3,2011-06-01,2011,6,lat_menor_que_menos35,26100,17667.337068410467,-5689.749538845355,15419.442195655569,12680.60041968936,17451.68248953376
hybrid,H3,2011-06-01,2011,6,lat_menos35_a_menos15,20880,20527.702890517685,-6270.349625451057,13101.734071999355,17899.524911482946,18808.59412325443
hybrid,H3,2011-06-01,2011,6,lat_maior_igual_menos15,31581,154212.96706060792,215.34734199270315,42048.46845078047,153330.95559149055,31215.50842646724
hybrid,H3,2011-07-01,2011,7,dominio_inteiro,78561,173294.03131864374,-17798.140189183734,64361.86174688253,165123.23866027198,67475.78503925544
hybrid,H3,2011-07-01,2011,7,lat_menor_que_menos35,26100,17055.894664634598,-3131.308189626449,14700.837403125615,11716.559877915171,17451.68248953376
hybrid,H3,2011-07-01,2011,7,lat_menos35_a_menos15,20880,13751.153820363834,152.24933328986936,11258.490769442084,12158.501424595135,18808.59412325443
hybrid,H3,2011-07-01,2011,7,lat_maior_igual_menos15,31581,142486.9828336453,-14819.081332847154,38402.53357431483,141248.17735776166,31215.50842646724
hybrid,H3,2011-08-01,2011,8,dominio_inteiro,78561,189223.55927630904,5889.914720047203,75941.93831930109,170639.73559317237,67475.78503925544
hybrid,H3,2011-08-01,2011,8,lat_menor_que_menos35,26100,49072.69684033263,-7718.908966050875,24555.981516679563,34596.12579534368,17451.68248953376
hybrid,H3,2011-08-01,2011,8,lat_menos35_a_menos15,20880,26593.920546885267,-3005.7823808983208,14721.202567731918,23513.964288883188,18808.59412325443
hybrid,H3,2011-08-01,2011,8,lat_maior_igual_menos15,31581,113556.9418890911,16614.606066996403,36664.75423488962,112529.64550894553,31215.50842646724
hybrid,H3,2011-09-01,2011,9,dominio_inteiro,78561,182894.907816498,20123.83770693296,75127.03306051917,169935.86739003737,67475.78503925544
hybrid,H3,2011-09-01,2011,9,lat_menor_que_menos35,26100,24656.43292303085,-5792.2497480196025,16981.64292876007,17099.97760674637,17451.68248953376
hybrid,H3,2011-09-01,2011,9,lat_menos35_a_menos15,20880,40844.329274563366,18271.64824211216,21413.160758241745,36702.410454966775,18808.59412325443
hybrid,H3,2011-09-01,2011,9,lat_maior_igual_menos15,31581,117394.14561890373,7644.439212840408,36732.22937351735,116133.47932832425,31215.50842646724
hybrid,H3,2011-10-01,2011,10,dominio_inteiro,78561,188541.58295771983,-16851.859730922257,74346.00842438555,177083.2134375232,67475.78503925544
hybrid,H3,2011-10-01,2011,10,lat_menor_que_menos35,26100,27293.72225962535,-822.408535837229,15756.505707925233,20480.702358613667,17451.68248953376
hybrid,H3,2011-10-01,2011,10,lat_menos35_a_menos15,20880,31072.90897107968,-4213.135422571185,16660.929749558803,27680.793194199712,18808.59412325443
hybrid,H3,2011-10-01,2011,10,lat_maior_igual_menos15,31581,130174.95172701484,-11816.31577251384,41928.57296690151,128921.7178847098,31215.50842646724
hybrid,H3,2011-11-01,2011,11,dominio_inteiro,78561,334693.97027312714,-20031.60163928537,89890.56434074137,322346.2082108455,67475.78503925544
hybrid,H3,2011-11-01,2011,11,lat_menor_que_menos35,26100,18893.02154863838,-4001.521427732346,15784.59728840185,13455.465671493646,17451.68248953376
hybrid,H3,2011-11-01,2011,11,lat_menos35_a_menos15,20880,49381.2090247564,6043.841060697637,20864.58969884819,44750.98289326063,18808.59412325443
hybrid,H3,2011-11-01,2011,11,lat_maior_igual_menos15,31581,266419.73969973234,-22073.921272250664,53241.37735349133,264139.7596460912,31215.50842646724
hybrid,H3,2011-12-01,2011,12,dominio_inteiro,78561,286243.4210652127,14733.24071026517,96836.59446574854,266010.4904315605,67475.78503925544
hybrid,H3,2011-12-01,2011,12,lat_menor_que_menos35,26100,36309.09552996496,14161.885630301364,20966.911972973663,25421.02410425517,17451.68248953376
hybrid,H3,2011-12-01,2011,12,lat_menos35_a_menos15,20880,71209.7957680823,3676.935680978255,25156.70623029631,63127.43649306784,18808.59412325443
hybrid,H3,2011-12-01,2011,12,lat_maior_igual_menos15,31581,178724.52976716546,-3105.58060101445,50712.976262478565,177462.02983423756,31215.50842646724
hybrid,H3,2012-01-01,2012,1,dominio_inteiro,78561,232094.0862395549,-5688.940645183943,84041.88917586286,218466.2221820897,67475.78503925544
hybrid,H3,2012-01-01,2012,1,lat_menor_que_menos35,26100,23679.056929084745,1804.71093417429,16465.388643657196,17201.480702045727,17451.68248953376
hybrid,H3,2012-01-01,2012,1,lat_menos35_a_menos15,20880,57717.80486153841,8742.526606447651,23151.522088093054,51456.2420018928,18808.59412325443
hybrid,H3,2012-01-01,2012,1,lat_maior_igual_menos15,31581,150697.2244489317,-16236.178185805884,44424.97844411261,149808.49947815115,31215.50842646724
hybrid,H3,2012-02-01,2012,2,dominio_inteiro,78561,274274.31914414006,-19542.98179401419,94029.5508817733,256025.1093346588,67475.78503925544
hybrid,H3,2012-02-01,2012,2,lat_menor_que_menos35,26100,39102.94678145475,-10417.445256514662,21564.84344756904,28903.479862220847,17451.68248953376
hybrid,H3,2012-02-01,2012,2,lat_menos35_a_menos15,20880,65045.77792172441,10124.201584705614,25944.25700502225,58046.619704427,18808.59412325443
hybrid,H3,2012-02-01,2012,2,lat_maior_igual_menos15,31581,170125.59444096088,-19249.738122205144,46520.450429182034,169075.00976801087,31215.50842646724
hybrid,H3,2012-03-01,2012,3,dominio_inteiro,78561,242404.5732015307,6254.529993995103,86404.35474270319,228322.85151714453,67475.78503925544
hybrid,H3,2012-03-01,2012,3,lat_menor_que_menos35,26100,37634.34115816485,-3079.5911599786127,19784.75861247108,28118.740869551395,17451.68248953376
hybrid,H3,2012-03-01,2012,3,lat_menos35_a_menos15,20880,42961.257491066994,15706.11666860725,20923.290500750954,39010.4737253948,18808.59412325443
hybrid,H3,2012-03-01,2012,3,lat_maior_igual_menos15,31581,161808.97455229887,-6371.995514633532,45696.305629481154,161193.63692219838,31215.50842646724
hybrid,H3,2012-04-01,2012,4,dominio_inteiro,78561,263560.9289197675,-7518.598714784541,88935.81817288301,251132.87635649912,67475.78503925544
hybrid,H3,2012-04-01,2012,4,lat_menor_que_menos35,26100,25719.821780287395,3343.886086899341,19536.11280720157,18161.631882363665,17451.68248953376
hybrid,H3,2012-04-01,2012,4,lat_menos35_a_menos15,20880,40233.417855149055,-7237.360291486286,19876.794757935488,36167.42371013046,18808.59412325443
hybrid,H3,2012-04-01,2012,4,lat_maior_igual_menos15,31581,197607.68928433105,-3625.124510197597,49522.91060774594,196803.820764005,31215.50842646724
hybrid,H3,2012-05-01,2012,5,dominio_inteiro,78561,228200.95040628404,2670.770747690417,82794.25720870595,211205.15388102536,67475.78503925544
hybrid,H3,2012-05-01,2012,5,lat_menor_que_menos35,26100,38233.56920032451,-2156.791121698438,21846.195781541257,26868.545345659688,17451.68248953376
hybrid,H3,2012-05-01,2012,5,lat_menos35_a_menos15,20880,38997.16531685931,4582.669760672182,19323.21723736119,34282.6075343888,18808.59412325443
hybrid,H3,2012-05-01,2012,5,lat_maior_igual_menos15,31581,150970.2158891002,244.89210871667,41624.84418980351,150054.0010009769,31215.50842646724
hybrid,H3,2012-06-01,2012,6,dominio_inteiro,78561,196816.3362870103,3193.294833228058,78075.26077538847,178723.8399046795,67475.78503925544
hybrid,H3,2012-06-01,2012,6,lat_menor_que_menos35,26100,38625.30504265926,-3669.488664528867,21033.89723334153,26660.068181051483,17451.68248953376
hybrid,H3,2012-06-01,2012,6,lat_menos35_a_menos15,20880,44714.30041478726,-7503.014272652169,19532.498701767643,39383.15429105897,18808.59412325443
hybrid,H3,2012-06-01,2012,6,lat_maior_igual_menos15,31581,113476.73082956376,14365.797770409095,37508.8648402793,112680.61743256904,31215.50842646724
hybrid,H3,2012-07-01,2012,7,dominio_inteiro,78561,235681.915966815,-4844.403207342387,76361.03583373304,218927.79576089283,67475.78503925544
hybrid,H3,2012-07-01,2012,7,lat_menor_que_menos35,26100,39236.91556728494,-5698.375961852256,23147.89106733754,26666.092494865014,17451.68248953376
hybrid,H3,2012-07-01,2012,7,lat_menos35_a_menos15,20880,19374.811974603817,2523.360513654936,13277.91190687052,16758.200376176097,18808.59412325443
hybrid,H3,2012-07-01,2012,7,lat_maior_igual_menos15,31581,177070.18842492625,-1669.3877591450664,39935.23285952498,175503.50288985172,31215.50842646724
hybrid,H3,2012-08-01,2012,8,dominio_inteiro,78561,184952.8021569024,-5331.196013958468,76594.11232801506,169314.2867384301,67475.78503925544
hybrid,H3,2012-08-01,2012,8,lat_menor_que_menos35,26100,38551.57446190109,-7687.055386526998,22102.17693376701,28527.196277531497,17451.68248953376
hybrid,H3,2012-08-01,2012,8,lat_menos35_a_menos15,20880,31962.642204081145,6181.35077671623,17172.741372814784,27666.844006118048,18808.59412325443
hybrid,H3,2012-08-01,2012,8,lat_maior_igual_menos15,31581,114438.58549092014,-3825.491404147701,37319.194021433286,113120.24645478054,31215.50842646724
hybrid,H3,2012-09-01,2012,9,dominio_inteiro,78561,134543.19913419458,34873.86026666547,65086.88048676966,125571.23000410222,67475.78503925544
hybrid,H3,2012-09-01,2012,9,lat_menor_que_menos35,26100,15636.942517079631,3025.577809808119,14881.769090389736,11127.301058533712,17451.68248953376
hybrid,H3,2012-09-01,2012,9,lat_menos35_a_menos15,20880,32777.16408897156,10794.620118987265,17249.14344146892,29211.709553036708,18808.59412325443
hybrid,H3,2012-09-01,2012,9,lat_maior_igual_menos15,31581,86129.09252814337,21053.66233787009,32955.96795491101,85232.21939253183,31215.50842646724
hybrid,H3,2012-10-01,2012,10,dominio_inteiro,78561,200264.93678360264,15350.53516069248,79124.58906296178,187307.51332950895,67475.78503925544
hybrid,H3,2012-10-01,2012,10,lat_menor_que_menos35,26100,22872.621682822304,-2242.121304359,17055.673206762793,16934.238603394868,17451.68248953376
hybrid,H3,2012-10-01,2012,10,lat_menos35_a_menos15,20880,56061.325728590105,11677.791977693689,23747.56011469334,50440.56934299099,18808.59412325443
hybrid,H3,2012-10-01,2012,10,lat_maior_igual_menos15,31581,121330.98937219018,5914.864487357792,38321.35574150564,119932.70538312307,31215.50842646724
hybrid,H3,2012-11-01,2012,11,dominio_inteiro,78561,348642.7127914126,1036.203615692426,99352.09290033224,331570.7634358056,67475.78503925544
hybrid,H3,2012-11-01,2012,11,lat_menor_que_menos35,26100,16958.035934611813,2417.110962530238,14385.067693005649,12286.628960846743,17451.68248953376
hybrid,H3,2012-11-01,2012,11,lat_menos35_a_menos15,20880,106997.62633262688,1578.8607300905542,30550.569711865435,97452.1408218891,18808.59412325443
hybrid,H3,2012-11-01,2012,11,lat_maior_igual_menos15,31581,224687.05052417397,-2959.7680769283666,54416.45549546117,221831.99365306972,31215.50842646724
hybrid,H3,2012-12-01,2012,12,dominio_inteiro,78561,325786.6596958328,2557.069236590244,103324.61651124092,295991.82903473283,67475.78503925544
hybrid,H3,2012-12-01,2012,12,lat_menor_que_menos35,26100,71022.95786387677,-17044.801495896005,29826.49399549979,51936.27121066213,17451.68248953376
hybrid,H3,2012-12-01,2012,12,lat_menos35_a_menos15,20880,107560.63584310104,15395.293586330708,31961.461642131973,98360.81910773624,18808.59412325443
hybrid,H3,2012-12-01,2012,12,lat_maior_igual_menos15,31581,147203.06598885503,4206.5771461555405,41536.66087360918,145694.73871633442,31215.50842646724
climatology,H3,2011-01-01,2011,1,dominio_inteiro,78561,232467.06530808096,-23905.22403547936,78830.64230779628,219061.0974713167,67475.78503925544
climatology,H3,2011-01-01,2011,1,lat_menor_que_menos35,26100,24782.58604087401,-6481.366297759116,17839.330540515482,17806.786412781355,17451.68248953376
climatology,H3,2011-01-01,2011,1,lat_menos35_a_menos15,20880,52694.87423801893,3166.970453247195,21124.61528275232,47047.18994497216,18808.59412325443
climatology,H3,2011-01-01,2011,1,lat_maior_igual_menos15,31581,154989.60502918804,-20590.82819096744,39866.69648452848,154207.12111356313,31215.50842646724
climatology,H3,2011-02-01,2011,2,dominio_inteiro,78561,303050.4678822545,-33328.90930231247,92605.13368422684,286708.06136029365,67475.78503925544
climatology,H3,2011-02-01,2011,2,lat_menor_que_menos35,26100,26817.83591631969,2115.4853006601334,17712.987164467573,19759.428629606577,17451.68248953376
climatology,H3,2011-02-01,2011,2,lat_menos35_a_menos15,20880,86385.5873648412,-7464.065402153472,27705.655618922377,78155.29766171513,18808.59412325443
climatology,H3,2011-02-01,2011,2,lat_maior_igual_menos15,31581,189847.0446010936,-27980.32920081913,47186.490900836885,188793.335068972,31215.50842646724
climatology,H3,2011-03-01,2011,3,dominio_inteiro,78561,326649.65686781926,-31760.036831424102,95134.19704388035,303558.8582984297,67475.78503925544
climatology,H3,2011-03-01,2011,3,lat_menor_que_menos35,26100,32074.6201606064,-4206.98803037405,19522.8944196105,21981.46112932267,17451.68248953376
climatology,H3,2011-03-01,2011,3,lat_menos35_a_menos15,20880,151429.2135397625,-9309.20153749874,33326.155662106816,139100.74572794497,18808.59412325443
climatology,H3,2011-03-01,2011,3,lat_maior_igual_menos15,31581,143145.8231674504,-18243.84726355132,42285.14696216304,142476.65144116204,31215.50842646724
climatology,H3,2011-04-01,2011,4,dominio_inteiro,78561,259724.54740369308,-19293.57138485834,85005.52797283977,247680.4793094215,67475.78503925544
climatology,H3,2011-04-01,2011,4,lat_menor_que_menos35,26100,24921.286795128013,-3325.2972007095814,18502.38987115025,16654.780138323393,17451.68248953376
climatology,H3,2011-04-01,2011,4,lat_menos35_a_menos15,20880,23950.80573734385,3675.781478924677,15340.537177177146,21395.548314149004,18808.59412325443
climatology,H3,2011-04-01,2011,4,lat_maior_igual_menos15,31581,210852.45487122124,-19644.055663073435,51162.60092451237,209630.15085694916,31215.50842646724
climatology,H3,2011-05-01,2011,5,dominio_inteiro,78561,413704.1670637769,-15775.650549008044,103295.52557060914,395689.77987164736,67475.78503925544
climatology,H3,2011-05-01,2011,5,lat_menor_que_menos35,26100,43185.08115823801,442.5289904475212,23322.18556624651,30396.4299421452,17451.68248953376
climatology,H3,2011-05-01,2011,5,lat_menos35_a_menos15,20880,36749.460393057714,14280.42696755426,19405.73531716643,32867.259766725554,18808.59412325443
climatology,H3,2011-05-01,2011,5,lat_maior_igual_menos15,31581,333769.62551248126,-30498.606507009827,60567.6046871962,332426.0901627766,31215.50842646724
climatology,H3,2011-06-01,2011,6,dominio_inteiro,78561,200622.3488307837,-16271.16433446994,71250.40790294344,191739.3596415963,67475.78503925544
climatology,H3,2011-06-01,2011,6,lat_menor_que_menos35,26100,19022.779765478423,-3264.160418778658,16307.238669723272,13623.764367843816,17451.68248953376
climatology,H3,2011-06-01,2011,6,lat_menos35_a_menos15,20880,19166.29642653953,-3872.000111503992,12862.81547237141,16728.10074518099,18808.59412325443
climatology,H3,2011-06-01,2011,6,lat_maior_igual_menos15,31581,162433.2726387658,-9135.00380418729,42080.35376084875,161387.49452857152,31215.50842646724
climatology,H3,2011-07-01,2011,7,dominio_inteiro,78561,199326.7458200061,-20675.088531263173,69468.95370418951,190545.0219569155,67475.78503925544
climatology,H3,2011-07-01,2011,7,lat_menor_que_menos35,26100,17978.250829934685,-2706.5521817207336,15035.926870942116,12447.93897997114,17451.68248953376
climatology,H3,2011-07-01,2011,7,lat_menos35_a_menos15,20880,13760.479307420486,1403.0120845343918,11461.967345064506,12111.612061350424,18808.59412325443
climatology,H3,2011-07-01,2011,7,lat_maior_igual_menos15,31581,167588.0156826509,-19371.54843407683,42971.05948818289,165985.47091559393,31215.50842646724
climatology,H3,2011-08-01,2011,8,dominio_inteiro,78561,178477.79180277855,1657.3319592177868,72837.765507821,161778.59720923565,67475.78503925544
climatology,H3,2011-08-01,2011,8,lat_menor_que_menos35,26100,42204.66530376464,-6224.948819041252,22606.517739355564,29587.39007850219,17451.68248953376
climatology,H3,2011-08-01,2011,8,lat_menos35_a_menos15,20880,26884.58801676694,-2724.4094475302845,14689.653601741418,23818.236729769877,18808.59412325443
climatology,H3,2011-08-01,2011,8,lat_maior_igual_menos15,31581,109388.53848224698,10606.690225789323,35541.59416672401,108372.97040096356,31215.50842646724
climatology,H3,2011-09-01,2011,9,dominio_inteiro,78561,165711.86059178194,12052.193342075916,71872.25803062809,152947.9319855678,67475.78503925544
climatology,H3,2011-09-01,2011,9,lat_menor_que_menos35,26100,24265.746288699127,-3659.0934894680977,17070.58704471588,16833.95943672807,17451.68248953376
climatology,H3,2011-09-01,2011,9,lat_menos35_a_menos15,20880,39855.41469339428,18431.198641109517,21380.417262879437,35607.23748084014,18808.59412325443
climatology,H3,2011-09-01,2011,9,lat_maior_igual_menos15,31581,101590.6996096885,-2719.9118095654994,33421.25372303277,100506.7350679996,31215.50842646724
climatology,H3,2011-10-01,2011,10,dominio_inteiro,78561,226409.0931820666,-28822.774337420706,80639.9902837202,214066.8157356023,67475.78503925544
climatology,H3,2011-10-01,2011,10,lat_menor_que_menos35,26100,28607.171640656758,1296.553024560213,16565.34194549918,21301.85611109503,17451.68248953376
climatology,H3,2011-10-01,2011,10,lat_menos35_a_menos15,20880,30547.6062896512,-5465.200233288575,16629.820057099685,27394.599186651736,18808.59412325443
climatology,H3,2011-10-01,2011,10,lat_maior_igual_menos15,31581,167254.31525175864,-24654.127128692344,47444.82828112133,165370.36043785553,31215.50842646724
climatology,H3,2011-11-01,2011,11,dominio_inteiro,78561,397205.9894452775,-27144.64009547967,97677.7275558688,383539.1295484533,67475.78503925544
climatology,H3,2011-11-01,2011,11,lat_menor_que_menos35,26100,18474.268389507663,-1685.85888504982,15760.65600591898,13116.063280235883,17451.68248953376
climatology,H3,2011-11-01,2011,11,lat_menos35_a_menos15,20880,56628.88676564569,8677.22845485073,22951.371233870857,51198.12131621008,18808.59412325443
climatology,H3,2011-11-01,2011,11,lat_maior_igual_menos15,31581,322102.8342901241,-34136.00966528058,58965.70031607896,319224.9449520074,31215.50842646724
climatology,H3,2011-12-01,2011,12,dominio_inteiro,78561,352671.6864662065,1440.9689082084806,105281.67958805204,330314.3034494623,67475.78503925544
climatology,H3,2011-12-01,2011,12,lat_menor_que_menos35,26100,38759.59740272058,14240.552057772877,21261.25231912732,27191.49265541169,17451.68248953376
climatology,H3,2011-12-01,2011,12,lat_menos35_a_menos15,20880,80020.68441067864,2742.0772442250163,26700.683537358946,70997.40923682033,18808.59412325443
climatology,H3,2011-12-01,2011,12,lat_maior_igual_menos15,31581,233891.40465280737,-15541.66039378941,57319.74373156577,232125.4015572303,31215.50842646724
climatology,H3,2012-01-01,2012,1,dominio_inteiro,78561,254429.2104220562,-7128.948400713736,87963.30235336511,239815.579725017,67475.78503925544
climatology,H3,2012-01-01,2012,1,lat_menor_que_menos35,26100,24406.970841714017,2150.7938890084624,16476.015652127564,17655.9517725528,17451.68248953376
climatology,H3,2012-01-01,2012,1,lat_menos35_a_menos15,20880,63332.5803181931,9942.532739624148,24512.14640217065,56339.149708084056,18808.59412325443
climatology,H3,2012-01-01,2012,1,lat_maior_igual_menos15,31581,166689.6592621491,-19222.275029346347,46975.1402990669,165820.47824438015,31215.50842646724
climatology,H3,2012-02-01,2012,2,dominio_inteiro,78561,294144.1160854059,-21081.56814630661,95686.98850303056,275536.98760397173,67475.78503925544
climatology,H3,2012-02-01,2012,2,lat_menor_que_menos35,26100,37165.03236694694,-9551.975140929222,20981.25141382217,27467.16443871723,17451.68248953376
climatology,H3,2012-02-01,2012,2,lat_menos35_a_menos15,20880,75255.42480647724,12532.787472602387,28364.39057073655,67442.1828243748,18808.59412325443
climatology,H3,2012-02-01,2012,2,lat_maior_igual_menos15,31581,181723.6589119817,-24062.38047797978,46341.34651847184,180627.64034087968,31215.50842646724
climatology,H3,2012-03-01,2012,3,dominio_inteiro,78561,270866.98969221173,4895.960444882046,92150.4916671808,255929.76259788603,67475.78503925544
climatology,H3,2012-03-01,2012,3,lat_menor_que_menos35,26100,39090.59544870103,-2205.4325875639915,20476.63880181313,29203.4591818873,17451.68248953376
climatology,H3,2012-03-01,2012,3,lat_menos35_a_menos15,20880,46452.99288154509,16666.793526283,22230.43557634065,42295.8466602616,18808.59412325443
climatology,H3,2012-03-01,2012,3,lat_maior_igual_menos15,31581,185323.40136196563,-9565.400493836962,49443.41728902701,184430.45675573716,31215.50842646724
climatology,H3,2012-04-01,2012,4,dominio_inteiro,78561,356035.85247113253,-3666.96062893793,103596.37012705208,343070.30250179616,67475.78503925544
climatology,H3,2012-04-01,2012,4,lat_menor_que_menos35,26100,24722.69078481513,3293.614542454481,19325.735079556704,17553.91726335741,17451.68248953376
climatology,H3,2012-04-01,2012,4,lat_menos35_a_menos15,20880,44748.6800086641,-5423.165092425421,21208.88153386861,40095.533495852855,18808.59412325443
climatology,H3,2012-04-01,2012,4,lat_maior_igual_menos15,31581,286564.48167765327,-1537.41007896699,63061.753513626754,285420.85174258595,31215.50842646724
climatology,H3,2012-05-01,2012,5,dominio_inteiro,78561,308958.4473928603,12167.266321109142,93288.83332616415,294604.73751676694,67475.78503925544
climatology,H3,2012-05-01,2012,5,lat_menor_que_menos35,26100,30687.627419085344,-1369.4331372380257,20082.024197876453,21723.54059398453,17451.68248953376
climatology,H3,2012-05-01,2012,5,lat_menos35_a_menos15,20880,36132.18525283311,3471.5719107915647,18334.62364673661,31795.55972801909,18808.59412325443
climatology,H3,2012-05-01,2012,5,lat_maior_igual_menos15,31581,242138.63472094183,10065.127547555605,54872.1854815511,241085.63719476332,31215.50842646724
climatology,H3,2012-06-01,2012,6,dominio_inteiro,78561,220752.1010347273,12944.234453982208,83180.73257138999,203609.9077194005,67475.78503925544
climatology,H3,2012-06-01,2012,6,lat_menor_que_menos35,26100,35382.51905574648,-1919.4586518108845,20352.639792650934,24582.347994986598,17451.68248953376
climatology,H3,2012-06-01,2012,6,lat_menos35_a_menos15,20880,46724.95594135594,-8569.172276420984,19695.316040271427,41243.00642441377,18808.59412325443
climatology,H3,2012-06-01,2012,6,lat_maior_igual_menos15,31581,138644.6260376249,23432.86538221408,43132.776738467626,137784.55330000012,31215.50842646724
climatology,H3,2012-07-01,2012,7,dominio_inteiro,78561,215828.4933791092,3832.378738634288,75433.34449999407,199132.87279166203,67475.78503925544
climatology,H3,2012-07-01,2012,7,lat_menor_que_menos35,26100,40300.65920174168,-4932.424221515656,23376.929408609867,27620.750453933404,17451.68248953376
climatology,H3,2012-07-01,2012,7,lat_menos35_a_menos15,20880,18896.095388951027,3245.2095027472824,13192.629874603825,16352.166900593264,18808.59412325443
climatology,H3,2012-07-01,2012,7,lat_maior_igual_menos15,31581,156631.7387884165,5519.593457402661,38863.78521678038,155159.95543713536,31215.50842646724
climatology,H3,2012-08-01,2012,8,dominio_inteiro,78561,184065.45408369097,-2080.8863482773304,77046.18004160747,167920.92351698573,67475.78503925544
climatology,H3,2012-08-01,2012,8,lat_menor_que_menos35,26100,40026.38976536766,-6877.109463572502,22687.134094536304,29543.665202420398,17451.68248953376
climatology,H3,2012-08-01,2012,8,lat_menos35_a_menos15,20880,33033.38238184747,6351.054801126942,17496.774974135682,28632.780146526024,18808.59412325443
climatology,H3,2012-08-01,2012,8,lat_maior_igual_menos15,31581,111005.68193647584,-1554.8316858317703,36862.27097293548,109744.47816803932,31215.50842646724
climatology,H3,2012-09-01,2012,9,dominio_inteiro,78561,145708.514274861,39264.67197977123,69311.27141508949,135830.04986484133,67475.78503925544
climatology,H3,2012-09-01,2012,9,lat_menor_que_menos35,26100,19111.232124023794,2629.970917880535,15931.486773252487,13479.674888094887,17451.68248953376
climatology,H3,2012-09-01,2012,9,lat_menos35_a_menos15,20880,29909.075722862523,10938.078447628068,16997.603606543737,26664.754197083377,18808.59412325443
climatology,H3,2012-09-01,2012,9,lat_maior_igual_menos15,31581,96688.20642797468,25696.622614262626,36382.18103529327,95685.62077966306,31215.50842646724
climatology,H3,2012-10-01,2012,10,dominio_inteiro,78561,179718.50175138086,14902.418686260937,76695.94719310384,167172.90533007577,67475.78503925544
climatology,H3,2012-10-01,2012,10,lat_menor_que_menos35,26100,22649.985653613672,-3103.8814694583416,16755.49507138133,16843.0883729558,17451.68248953376
climatology,H3,2012-10-01,2012,10,lat_menos35_a_menos15,20880,54378.5438472335,9690.649223498534,23216.22079587821,48771.68555441228,18808.59412325443
climatology,H3,2012-10-01,2012,10,lat_maior_igual_menos15,31581,102689.97225053373,8315.650932220742,36724.2313258443,101558.13140270767,31215.50842646724
climatology,H3,2012-11-01,2012,11,dominio_inteiro,78561,315998.6144415178,3881.198756449041,95220.23440485923,301585.3166385627,67475.78503925544
climatology,H3,2012-11-01,2012,11,lat_menor_que_menos35,26100,15376.050431732236,1082.461198568344,13764.393158137798,11106.791057455644,17451.68248953376
climatology,H3,2012-11-01,2012,11,lat_menos35_a_menos15,20880,85450.97791055446,1973.796371720848,27761.89354722679,77804.64272593892,18808.59412325443
climatology,H3,2012-11-01,2012,11,lat_maior_igual_menos15,31581,215171.5860992311,824.9411861598492,53693.94769949466,212673.8828551681,31215.50842646724
climatology,H3,2012-12-01,2012,12,dominio_inteiro,78561,357498.54067982023,-3372.390352350601,107824.59404591475,326574.6558903295,67475.78503925544
climatology,H3,2012-12-01,2012,12,lat_menor_que_menos35,26100,73224.69559501467,-17524.440656155348,30194.545720011,53458.50236733988,17451.68248953376
climatology,H3,2012-12-01,2012,12,lat_menos35_a_menos15,20880,113418.32583480857,15069.3467983632,32618.37602536386,103942.86629711976,18808.59412325443
climatology,H3,2012-12-01,2012,12,lat_maior_igual_menos15,31581,170855.51924999696,-917.2964945584536,45011.67230053991,169173.28722586983,31215.50842646724
unet,H4,2013-01-01,2013,1,dominio_inteiro,78561,329715.99027020053,24300.92296315357,106159.0979920104,311201.9899248957,67475.78503925544
unet,H4,2013-01-01,2013,1,lat_menor_que_menos35,26100,29453.41441948192,7852.257387422025,20426.272332139317,20728.242173686183,17451.68248953376
unet,H4,2013-01-01,2013,1,lat_menos35_a_menos15,20880,93923.64480850604,-225.83381685055792,30419.10267884098,85748.42250227949,18808.59412325443
unet,H4,2013-01-01,2013,1,lat_maior_igual_menos15,31581,206338.93104221256,16674.499392582104,55313.72298103012,204725.32524893,31215.50842646724
unet,H4,2013-02-01,2013,2,dominio_inteiro,78561,351483.40060206613,-1483.3305123597383,103263.5665136762,334546.5077257196,67475.78503925544
unet,H4,2013-02-01,2013,2,lat_menor_que_menos35,26100,34084.89289254513,2912.8227239847183,20702.03802496195,24978.717634332523,17451.68248953376
unet,H4,2013-02-01,2013,2,lat_menos35_a_menos15,20880,59130.32085564825,3821.780431192368,24225.09629381448,52598.88745596976,18808.59412325443
unet,H4,2013-02-01,2013,2,lat_maior_igual_menos15,31581,258268.18685387276,-8217.933667536825,58336.43219489977,256968.90263541733,31215.50842646724
unet,H4,2013-03-01,2013,3,dominio_inteiro,78561,278571.2445095714,10982.730685655028,88728.99121541902,266305.44575052324,67475.78503925544
unet,H4,2013-03-01,2013,3,lat_menor_que_menos35,26100,22329.4254089292,4852.539670675993,18001.6599252522,15411.100515792728,17451.68248953376
unet,H4,2013-03-01,2013,3,lat_menos35_a_menos15,20880,46419.5938210691,1587.361795756966,21128.48972330615,41808.1282336067,18808.59412325443
unet,H4,2013-03-01,2013,3,lat_maior_igual_menos15,31581,209822.22527957312,4542.829219222069,49598.84156686068,209086.21700112376,31215.50842646724
unet,H4,2013-04-01,2013,4,dominio_inteiro,78561,260398.87966637115,33696.75156941172,93133.16343022043,247227.5466610007,67475.78503925544
unet,H4,2013-04-01,2013,4,lat_menor_que_menos35,26100,32309.53752710709,6190.721424818039,22907.124144256115,22970.631636117923,17451.68248953376
unet,H4,2013-04-01,2013,4,lat_menos35_a_menos15,20880,28975.266913543517,3689.168817489408,17889.300761724822,25883.81701863757,18808.59412325443
unet,H4,2013-04-01,2013,4,lat_maior_igual_menos15,31581,199114.07522572053,23816.86132710427,52336.73852423951,198373.09800624524,31215.50842646724
unet,H4,2013-05-01,2013,5,dominio_inteiro,78561,177681.78074834903,-675.6594926211983,70468.28793719597,168369.8634576149,67475.78503925544
unet,H4,2013-05-01,2013,5,lat_menor_que_menos35,26100,19068.297701230484,-4121.561390399933,16970.971467077732,13220.6810748637,17451.68248953376
unet,H4,2013-05-01,2013,5,lat_menos35_a_menos15,20880,24953.042404611737,6119.3602738678455,16325.76706071198,22116.96502348217,18808.59412325443
unet,H4,2013-05-01,2013,5,lat_maior_igual_menos15,31581,133660.44064250684,-2673.458376089111,37171.54940940626,133032.21735926898,31215.50842646724
unet,H4,2013-06-01,2013,6,dominio_inteiro,78561,266700.253202949,-7466.080322826281,84919.70908660628,245402.92535553823,67475.78503925544
unet,H4,2013-06-01,2013,6,lat_menor_que_menos35,26100,45408.89715235415,-7988.220734000206,22108.98943328857,29826.55231299345,17451.68248953376
unet,H4,2013-06-01,2013,6,lat_menos35_a_menos15,20880,44811.364234436325,-7596.493366518989,17480.727274643257,40290.380228775786,18808.59412325443
unet,H4,2013-06-01,2013,6,lat_maior_igual_menos15,31581,176479.99181615858,8118.633777692914,45329.99237867445,175285.99281376903,31215.50842646724
unet,H4,2013-07-01,2013,7,dominio_inteiro,78561,184778.67887379485,12919.450862653552,75773.48977049626,172163.26709021284,67475.78503925544
unet,H4,2013-07-01,2013,7,lat_menor_que_menos35,26100,25232.797228504955,7173.353467404842,20387.90427595377,17448.84997573915,17451.68248953376
unet,H4,2013-07-01,2013,7,lat_menos35_a_menos15,20880,28356.94214352012,-5564.270378122106,15862.541762674227,24759.613006897693,18808.59412325443
unet,H4,2013-07-01,2013,7,lat_maior_igual_menos15,31581,131188.93950176978,11310.367773370815,39523.04373186827,129954.80410757604,31215.50842646724
unet,H4,2013-08-01,2013,8,dominio_inteiro,78561,153709.12444920966,-3705.433652306907,66448.26329297852,139690.66687445162,67475.78503925544
unet,H4,2013-08-01,2013,8,lat_menor_que_menos35,26100,33898.2522310276,-8321.047220468521,19555.15100324154,24000.32854960215,17451.68248953376
unet,H4,2013-08-01,2013,8,lat_menos35_a_menos15,20880,25346.0392310878,2508.690848113969,14200.364330915734,22117.789725872128,18808.59412325443
unet,H4,2013-08-01,2013,8,lat_maior_igual_menos15,31581,94464.83298709424,2106.9227200476453,32692.747958821245,93572.54859897736,31215.50842646724
unet,H4,2013-09-01,2013,9,dominio_inteiro,78561,125912.94775127203,10671.965339314193,62548.46839134395,113863.13522463264,67475.78503925544
unet,H4,2013-09-01,2013,9,lat_menor_que_menos35,26100,26489.46254972702,1610.52261197567,18503.81363749504,18545.91503858959,17451.68248953376
unet,H4,2013-09-01,2013,9,lat_menos35_a_menos15,20880,25453.11455869431,-2523.2641215734184,14617.587819423528,22332.66802437247,18808.59412325443
unet,H4,2013-09-01,2013,9,lat_maior_igual_menos15,31581,73970.3706428507,11584.70684891194,29427.066934425384,72984.55216167057,31215.50842646724
unet,H4,2013-10-01,2013,10,dominio_inteiro,78561,141846.72651126928,6424.550025369972,66475.97879519314,132524.2405175179,67475.78503925544
unet,H4,2013-10-01,2013,10,lat_menor_que_menos35,26100,16658.76263614658,3894.0650039315215,14810.953351974487,12237.873362530425,17451.68248953376
unet,H4,2013-10-01,2013,10,lat_menos35_a_menos15,20880,35464.12910875092,-2454.974140541628,17875.888524720445,31513.507842766416,18808.59412325443
unet,H4,2013-10-01,2013,10,lat_maior_igual_menos15,31581,89723.8347663718,4985.459161980078,33789.1369184982,88772.85931222109,31215.50842646724
unet,H4,2013-11-01,2013,11,dominio_inteiro,78561,226841.18798534607,-6898.839588105679,84529.77839209512,212032.958724098,67475.78503925544
unet,H4,2013-11-01,2013,11,lat_menor_que_menos35,26100,25374.433062998,-8803.871677607298,16830.79589268565,18459.621235285365,17451.68248953376
unet,H4,2013-11-01,2013,11,lat_menos35_a_menos15,20880,53778.17101358999,3775.574256900698,21576.95660636201,47354.27050996163,18808.59412325443
unet,H4,2013-11-01,2013,11,lat_maior_igual_menos15,31581,147688.58390875807,-1870.5421673990784,46122.02589304745,146219.06697885095,31215.50842646724
unet,H4,2013-12-01,2013,12,dominio_inteiro,78561,354003.3680525279,3964.4026959680486,95622.1652941804,331761.2224686893,67475.78503925544
unet,H4,2013-12-01,2013,12,lat_menor_que_menos35,26100,26057.938317816974,4744.286928519607,16846.7772539109,18129.25329152616,17451.68248953376
unet,H4,2013-12-01,2013,12,lat_menos35_a_menos15,20880,151586.18287943228,481.4591330580879,33134.32839628565,138740.26889949053,18808.59412325443
unet,H4,2013-12-01,2013,12,lat_maior_igual_menos15,31581,176359.24685527864,-1261.3433656096458,45641.05964398384,174891.7002776727,31215.50842646724
unet,H4,2014-01-01,2014,1,dominio_inteiro,78561,401151.3949291951,13475.358418410644,106187.9944362808,374476.2057488132,67475.78503925544
unet,H4,2014-01-01,2014,1,lat_menor_que_menos35,26100,33647.253177597304,-8297.732433125377,19230.4416860193,24361.466767321755,17451.68248953376
unet,H4,2014-01-01,2014,1,lat_menos35_a_menos15,20880,176376.22133131232,22206.65265340358,40070.10090140998,160780.6803058025,18808.59412325443
unet,H4,2014-01-01,2014,1,lat_maior_igual_menos15,31581,191127.92042028555,-433.5618018675596,46887.45184885152,189334.05867568887,31215.50842646724
unet,H4,2014-02-01,2014,2,dominio_inteiro,78561,327061.15720445407,-1437.3957700505853,93167.78354882447,311670.67218664475,67475.78503925544
unet,H4,2014-02-01,2014,2,lat_menor_que_menos35,26100,23061.267457693248,3504.375179409981,18750.20123296976,16608.427964316896,17451.68248953376
unet,H4,2014-02-01,2014,2,lat_menos35_a_menos15,20880,79016.43831803642,6841.52421259135,26071.080655805767,70947.56805147039,18808.59412325443
unet,H4,2014-02-01,2014,2,lat_maior_igual_menos15,31581,224983.4514287244,-11783.295162051916,48346.50166004896,224114.6761708575,31215.50842646724
unet,H4,2014-03-01,2014,3,dominio_inteiro,78561,225819.2782157232,-3664.0708493813872,87738.33913628012,209303.2914677777,67475.78503925544
unet,H4,2014-03-01,2014,3,lat_menor_que_menos35,26100,34351.72739054927,-9080.281681329012,21866.263254851103,23645.891833417,17451.68248953376
unet,H4,2014-03-01,2014,3,lat_menos35_a_menos15,20880,48415.51350236474,4440.530015952885,22523.20521376282,43238.45731308792,18808.59412325443
unet,H4,2014-03-01,2014,3,lat_maior_igual_menos15,31581,143052.03732280916,975.6808159947396,43348.8706676662,142418.94232127283,31215.50842646724
unet,H4,2014-04-01,2014,4,dominio_inteiro,78561,194342.2726303358,15403.152091616765,76502.59285944141,179411.7746196322,67475.78503925544
unet,H4,2014-04-01,2014,4,lat_menor_que_menos35,26100,36110.44180094305,1350.8811186254025,20765.38450112939,26229.166427958226,17451.68248953376
unet,H4,2014-04-01,2014,4,lat_menos35_a_menos15,20880,40262.04519165117,10463.678827628491,20072.830976083875,35526.77955800808,18808.59412325443
unet,H4,2014-04-01,2014,4,lat_maior_igual_menos15,31581,117969.7856377416,3588.592145362869,35664.37738222815,117655.82863366588,31215.50842646724
unet,H4,2014-05-01,2014,5,dominio_inteiro,78561,237234.73797014012,-5232.457558621652,78519.53399154451,227651.7912020821,67475.78503925544
unet,H4,2014-05-01,2014,5,lat_menor_que_menos35,26100,20821.40602325483,-2217.2181912064552,17380.936038434505,14388.864070259891,17451.68248953376
unet,H4,2014-05-01,2014,5,lat_menos35_a_menos15,20880,24693.50703216983,5767.171794886701,16025.712774607351,22292.75695249673,18808.59412325443
unet,H4,2014-05-01,2014,5,lat_maior_igual_menos15,31581,191719.82491471543,-8782.411162301898,45112.88517850265,190970.17017932545,31215.50842646724
unet,H4,2014-06-01,2014,6,dominio_inteiro,78561,243163.3959721738,-12609.34612554498,76550.06302454136,229573.23033215545,67475.78503925544
unet,H4,2014-06-01,2014,6,lat_menor_que_menos35,26100,21091.25996021,-632.191687554121,16501.042889803648,14565.882759245898,17451.68248953376
unet,H4,2014-06-01,2014,6,lat_menos35_a_menos15,20880,52061.6801215746,-4910.224042329937,17285.71249135211,45889.15467482066,18808.59412325443
unet,H4,2014-06-01,2014,6,lat_maior_igual_menos15,31581,170010.4558903892,-7066.930395660922,42763.3076433856,169118.19289808892,31215.50842646724
unet,H4,2014-07-01,2014,7,dominio_inteiro,78561,218777.78974508852,-5632.018300930038,72506.87137070857,207079.7650245517,67475.78503925544
unet,H4,2014-07-01,2014,7,lat_menor_que_menos35,26100,28565.209208652588,-7024.162094533443,18991.173944413666,21008.666456301507,17451.68248953376
unet,H4,2014-07-01,2014,7,lat_menos35_a_menos15,20880,23501.17889770865,518.2195114716887,15141.116438880565,20849.41434971363,18808.59412325443
unet,H4,2014-07-01,2014,7,lat_maior_igual_menos15,31581,166711.4016387273,873.9242821317166,38374.580987414345,165221.68421853657,31215.50842646724
unet,H4,2014-08-01,2014,8,dominio_inteiro,78561,172106.40700126058,2478.551856311038,66875.05049431138,162539.8232925554,67475.78503925544
unet,H4,2014-08-01,2014,8,lat_menor_que_menos35,26100,20519.917145309395,-6909.411708295345,16595.68445044756,14587.529127896049,17451.68248953376
unet,H4,2014-08-01,2014,8,lat_menos35_a_menos15,20880,18567.80386033744,12095.379267225042,14294.615529349074,16447.157840542524,18808.59412325443
unet,H4,2014-08-01,2014,8,lat_maior_igual_menos15,31581,133018.68599561375,-2707.4157026186585,35984.750514514744,131505.13632411684,31215.50842646724
unet,H4,2014-09-01,2014,9,dominio_inteiro,78561,131739.01030189075,348.5073148375377,63698.60295373295,121691.7592532277,67475.78503925544
unet,H4,2014-09-01,2014,9,lat_menor_que_menos35,26100,21951.02548777681,-6711.566809296608,17559.197731494904,15551.939211951883,17451.68248953376
unet,H4,2014-09-01,2014,9,lat_menos35_a_menos15,20880,25352.73494545548,-425.1551321465522,14719.825969377533,22565.037453758057,18808.59412325443
unet,H4,2014-09-01,2014,9,lat_maior_igual_menos15,31581,84435.24986865846,7485.229256280698,31419.57925286051,83574.78258751777,31215.50842646724
unet,H4,2014-10-01,2014,10,dominio_inteiro,78561,190891.18831693617,7778.558321330696,77237.62950326875,179108.08861113203,67475.78503925544
unet,H4,2014-10-01,2014,10,lat_menor_que_menos35,26100,15159.912111810429,3199.682290136814,14444.86045128107,10525.192397513276,17451.68248953376
unet,H4,2014-10-01,2014,10,lat_menos35_a_menos15,20880,59190.57728687515,18900.89840534143,24881.95665802248,53371.42578460186,18808.59412325443
unet,H4,2014-10-01,2014,10,lat_maior_igual_menos15,31581,116540.6989182506,-14322.02237414755,37910.8123939652,115211.4704290169,31215.50842646724
unet,H4,2014-11-01,2014,11,dominio_inteiro,78561,272373.0949742179,-25493.74758801423,81845.20278623886,256869.5063992889,67475.78503925544
unet,H4,2014-11-01,2014,11,lat_menor_que_menos35,26100,31651.729076587035,-7390.745381653309,17725.626600027084,21444.632358210063,17451.68248953376
unet,H4,2014-11-01,2014,11,lat_menos35_a_menos15,20880,35396.51704212623,-715.8679564539343,18032.87471810542,31693.267949069705,18808.59412325443
unet,H4,2014-11-01,2014,11,lat_maior_igual_menos15,31581,205324.84885550456,-17387.134249906987,46086.70146810636,203731.6060920092,31215.50842646724
unet,H4,2014-12-01,2014,12,dominio_inteiro,78561,213993.95215006277,11157.632977148518,80604.3269792106,198275.4628996431,67475.78503925544
unet,H4,2014-12-01,2014,12,lat_menor_que_menos35,26100,27127.52551135938,1373.0526645332577,18579.573987826705,19464.828824607164,17451.68248953376
unet,H4,2014-12-01,2014,12,lat_menos35_a_menos15,20880,72678.43130422175,6934.211668604985,25302.980876373127,65501.5934515282,18808.59412325443
unet,H4,2014-12-01,2014,12,lat_maior_igual_menos15,31581,114187.99533448162,2850.368644010276,36721.77211501077,113309.04062350774,31215.50842646724
hybrid,H4,2013-01-01,2013,1,dominio_inteiro,78561,333162.87457953545,17780.235138169126,104156.73505868828,313691.3449350728,67475.78503925544
hybrid,H4,2013-01-01,2013,1,lat_menor_que_menos35,26100,32122.785880783435,6948.82822372214,20572.269470366515,22530.025652426026,17451.68248953376
hybrid,H4,2013-01-01,2013,1,lat_menos35_a_menos15,20880,93402.6537722495,-111.68603315896873,30293.336575856127,85148.5386827647,18808.59412325443
hybrid,H4,2013-01-01,2013,1,lat_maior_igual_menos15,31581,207637.4349265025,10943.092947605955,53291.12901246565,206012.7805998821,31215.50842646724
hybrid,H4,2013-02-01,2013,2,dominio_inteiro,78561,345514.71361860813,-7767.133183284182,98531.70170011227,329661.97594467417,67475.78503925544
hybrid,H4,2013-02-01,2013,2,lat_menor_que_menos35,26100,32723.15595981688,2098.6877438850643,19794.6605402899,23917.57693900705,17451.68248953376
hybrid,H4,2013-02-01,2013,2,lat_menos35_a_menos15,20880,52471.28499864979,4115.188685321571,22190.349946520702,46672.839026807305,18808.59412325443
hybrid,H4,2013-02-01,2013,2,lat_maior_igual_menos15,31581,260320.27266014143,-13981.009612490818,56546.691213301696,259071.5599788598,31215.50842646724
hybrid,H4,2013-03-01,2013,3,dominio_inteiro,78561,264248.7700412648,617.3582005159064,84297.57648713415,251750.63563391424,67475.78503925544
hybrid,H4,2013-03-01,2013,3,lat_menor_que_menos35,26100,22439.943568237875,2030.4252462106951,17386.3659359182,15607.165601606626,17451.68248953376
hybrid,H4,2013-03-01,2013,3,lat_menos35_a_menos15,20880,49629.48118416323,1567.3660826278829,21590.70841219993,44622.23128727752,18808.59412325443
hybrid,H4,2013-03-01,2013,3,lat_maior_igual_menos15,31581,192179.3452888637,-2980.433128322672,45320.50213901603,191521.23874503007,31215.50842646724
hybrid,H4,2013-04-01,2013,4,dominio_inteiro,78561,228083.08308427772,22854.25155594201,87329.70716410683,215444.31273596056,67475.78503925544
hybrid,H4,2013-04-01,2013,4,lat_menor_que_menos35,26100,30185.91130519279,5735.381162410549,22060.25993398327,21557.433394967564,17451.68248953376
hybrid,H4,2013-04-01,2013,4,lat_menos35_a_menos15,20880,30468.37044268141,4721.522883058238,18279.2068199707,27199.298065725223,18808.59412325443
hybrid,H4,2013-04-01,2013,4,lat_maior_igual_menos15,31581,167428.80133640356,12397.347510473224,46990.24041015287,166687.58127526776,31215.50842646724
hybrid,H4,2013-05-01,2013,5,dominio_inteiro,78561,185019.87964517256,-5466.85512498732,71065.88461561859,175362.88524717197,67475.78503925544
hybrid,H4,2013-05-01,2013,5,lat_menor_que_menos35,26100,19510.79452977306,-5592.17119233074,16740.759223373745,13422.69097750102,17451.68248953376
hybrid,H4,2013-05-01,2013,5,lat_menos35_a_menos15,20880,25485.01911601679,7544.313423646411,16504.196756633675,22586.175005782246,18808.59412325443
hybrid,H4,2013-05-01,2013,5,lat_maior_igual_menos15,31581,140024.06599938273,-7418.997356302991,37820.92863561118,139354.0192638887,31215.50842646724
hybrid,H4,2013-06-01,2013,6,dominio_inteiro,78561,270337.1290663929,-12877.879123356615,84253.39756341619,247139.29922934223,67475.78503925544
hybrid,H4,2013-06-01,2013,6,lat_menor_que_menos35,26100,51623.683962739306,-9463.468138410755,23996.24628940171,33969.38084432424,17451.68248953376
hybrid,H4,2013-06-01,2013,6,lat_menos35_a_menos15,20880,42254.30281487162,-5576.637758111592,17095.625062212683,37934.59365444942,18808.59412325443
hybrid,H4,2013-06-01,2013,6,lat_maior_igual_menos15,31581,176459.14228878205,2162.226773165731,43161.5262118018,175235.32473056857,31215.50842646724
hybrid,H4,2013-07-01,2013,7,dominio_inteiro,78561,163704.78624712635,11962.66370937852,71191.06726341491,151695.1595115366,67475.78503925544
hybrid,H4,2013-07-01,2013,7,lat_menor_que_menos35,26100,24737.358007466853,7103.275627552021,19975.77181005729,17097.682866664345,17451.68248953376
hybrid,H4,2013-07-01,2013,7,lat_menos35_a_menos15,20880,26268.62875860781,-655.5444132202456,15158.127994772236,22865.866315389376,18808.59412325443
hybrid,H4,2013-07-01,2013,7,lat_maior_igual_menos15,31581,112698.79948105164,5514.932495046743,36057.16745858538,111731.61032948286,31215.50842646724
hybrid,H4,2013-08-01,2013,8,dominio_inteiro,78561,148610.7500810013,357.5737207308075,66032.35249336985,135079.08117997722,67475.78503925544
hybrid,H4,2013-08-01,2013,8,lat_menor_que_menos35,26100,32449.25614913604,-7038.78081700014,19468.987553519102,23118.23581473013,17451.68248953376
hybrid,H4,2013-08-01,2013,8,lat_menos35_a_menos15,20880,25986.6356376434,5431.582305743142,15857.863981657616,22637.056717664254,18808.59412325443
hybrid,H4,2013-08-01,2013,8,lat_maior_igual_menos15,31581,90174.85829422183,1964.7722319878048,30705.500958193137,89323.78864758281,31215.50842646724
hybrid,H4,2013-09-01,2013,9,dominio_inteiro,78561,116085.242196806,9592.885196968897,59012.690749024856,104548.4546820948,67475.78503925544
hybrid,H4,2013-09-01,2013,9,lat_menor_que_menos35,26100,26111.65841158396,2011.1472665014917,17426.022696482578,18249.7015949522,17451.68248953376
hybrid,H4,2013-09-01,2013,9,lat_menos35_a_menos15,20880,22364.64746848504,1210.132873308286,14039.51901177757,19568.966059132486,18808.59412325443
hybrid,H4,2013-09-01,2013,9,lat_maior_igual_menos15,31581,67608.936316737,6371.605057159118,27547.149040764707,66729.78702801012,31215.50842646724
hybrid,H4,2013-10-01,2013,10,dominio_inteiro,78561,133670.75296971764,6077.488153062702,64558.31814412274,124005.6410249483,67475.78503925544
hybrid,H4,2013-10-01,2013,10,lat_menor_que_menos35,26100,18781.66969583517,5189.806470349462,15903.82097058068,13636.565924827795,17451.68248953376
hybrid,H4,2013-10-01,2013,10,lat_menos35_a_menos15,20880,32281.4711196078,-31.22379839363504,16956.82829066021,28590.06803728469,18808.59412325443
hybrid,H4,2013-10-01,2013,10,lat_maior_igual_menos15,31581,82607.61215427467,918.9054811068744,31697.668882881848,81779.0070628358,31215.50842646724
hybrid,H4,2013-11-01,2013,11,dominio_inteiro,78561,213057.20630684297,-5680.9709759325815,82405.6079846049,198959.72687093183,67475.78503925544
hybrid,H4,2013-11-01,2013,11,lat_menor_que_menos35,26100,24840.966109052435,-8499.776175502788,17169.11242259279,18022.603246729053,17451.68248953376
hybrid,H4,2013-11-01,2013,11,lat_menos35_a_menos15,20880,51714.30754558352,6535.074469749816,21415.113444842853,45753.67966555913,18808.59412325443
hybrid,H4,2013-11-01,2013,11,lat_maior_igual_menos15,31581,136501.93265220703,-3716.2692701796095,43821.38211716924,135183.44395864365,31215.50842646724
hybrid,H4,2013-12-01,2013,12,dominio_inteiro,78561,354519.1633811805,2513.062488063768,94837.60831191333,332226.19895518594,67475.78503925544
hybrid,H4,2013-12-01,2013,12,lat_menor_que_menos35,26100,26563.34682270842,5227.907167539368,17541.544258090253,18765.282073138325,17451.68248953376
hybrid,H4,2013-12-01,2013,12,lat_menos35_a_menos15,20880,153721.8570000079,90.02843908037767,32843.58117534881,140631.6095288358,18808.59412325443
hybrid,H4,2013-12-01,2013,12,lat_maior_igual_menos15,31581,174233.9595584642,-2804.8731185559773,44452.48287847424,172829.30735321183,31215.50842646724
hybrid,H4,2014-01-01,2014,1,dominio_inteiro,78561,381497.2905536173,6317.788357747351,101281.76045021316,357563.9189678075,67475.78503925544
hybrid,H4,2014-01-01,2014,1,lat_menor_que_menos35,26100,32358.67971499721,-9690.510068672804,18626.093941386775,23578.64000324275,17451.68248953376
hybrid,H4,2014-01-01,2014,1,lat_menos35_a_menos15,20880,156747.6566882155,20720.0317259059,36573.93536832211,143265.2583289288,18808.59412325443
hybrid,H4,2014-01-01,2014,1,lat_maior_igual_menos15,31581,192390.9541504045,-4711.733299485746,46081.73114050428,190720.02063563597,31215.50842646724
hybrid,H4,2014-02-01,2014,2,dominio_inteiro,78561,320758.20331073983,-4038.5249917037872,90649.70495505616,304888.8853260093,67475.78503925544
hybrid,H4,2014-02-01,2014,2,lat_menor_que_menos35,26100,22799.612642800566,2634.524793092031,18298.93708412933,16447.78706641319,17451.68248953376
hybrid,H4,2014-02-01,2014,2,lat_menos35_a_menos15,20880,83224.74672624198,6488.792377748437,26774.413277512453,74527.93218992061,18808.59412325443
hybrid,H4,2014-02-01,2014,2,lat_maior_igual_menos15,31581,214733.84394169727,-13161.842162544252,45576.35459341438,213913.16606967547,31215.50842646724
hybrid,H4,2014-03-01,2014,3,dominio_inteiro,78561,185009.0552732232,-8206.403707627356,79920.85495744906,168410.16552201725,67475.78503925544
hybrid,H4,2014-03-01,2014,3,lat_menor_que_menos35,26100,34555.650844359545,-10824.468523104597,22105.043482552537,23606.10953682605,17451.68248953376
hybrid,H4,2014-03-01,2014,3,lat_menos35_a_menos15,20880,47236.14782334087,2031.9425389413875,21654.062251985863,42106.04073002278,18808.59412325443
hybrid,H4,2014-03-01,2014,3,lat_maior_igual_menos15,31581,103217.2566055228,586.122276535853,36161.749222910665,102698.0152551684,31215.50842646724
hybrid,H4,2014-04-01,2014,4,dominio_inteiro,78561,165604.45094599645,9068.174693675888,71471.08712949629,151549.3217905717,67475.78503925544
hybrid,H4,2014-04-01,2014,4,lat_menor_que_menos35,26100,38501.54340466688,-704.7000591617519,21012.887069317367,28049.99839382293,17451.68248953376
hybrid,H4,2014-04-01,2014,4,lat_menos35_a_menos15,20880,28176.054459319843,4687.792763778913,16865.08597048327,24882.39687691975,18808.59412325443
hybrid,H4,2014-04-01,2014,4,lat_maior_igual_menos15,31581,98926.85308200972,5085.081989058728,33593.11408969565,98616.92651982902,31215.50842646724
hybrid,H4,2014-05-01,2014,5,dominio_inteiro,78561,265821.41797133023,-1168.1855879954478,81069.09977374486,257053.86140438932,67475.78503925544
hybrid,H4,2014-05-01,2014,5,lat_menor_que_menos35,26100,18235.60903977308,-1722.569480045126,16641.725805927697,12463.770597117034,17451.68248953376
hybrid,H4,2014-05-01,2014,5,lat_menos35_a_menos15,20880,21472.713559012645,5255.954567967025,15048.392880998805,19326.47292620481,18808.59412325443
hybrid,H4,2014-05-01,2014,5,lat_maior_igual_menos15,31581,226113.0953725446,-4701.570675917349,49378.98108681836,225263.61788106748,31215.50842646724
hybrid,H4,2014-06-01,2014,6,dominio_inteiro,78561,230742.57084970197,-5932.20628996017,75728.2132661936,216975.8107469278,67475.78503925544
hybrid,H4,2014-06-01,2014,6,lat_menor_que_menos35,26100,20361.33499803394,-964.7214916563954,16394.629746948656,13989.055892868308,17451.68248953376
hybrid,H4,2014-06-01,2014,6,lat_menos35_a_menos15,20880,54534.60623756274,-5259.361486092849,17727.327537314228,48052.68695875113,18808.59412325443
hybrid,H4,2014-06-01,2014,6,lat_maior_igual_menos15,31581,155846.62961410524,291.8766877890748,41606.25598193073,154934.06789530837,31215.50842646724
hybrid,H4,2014-07-01,2014,7,dominio_inteiro,78561,208710.41245618652,-6946.046603995072,71514.9634095262,196978.6065613247,67475.78503925544
hybrid,H4,2014-07-01,2014,7,lat_menor_que_menos35,26100,29426.504312414603,-9901.723795471127,19389.672200028625,21606.877875120696,17451.68248953376
hybrid,H4,2014-07-01,2014,7,lat_menos35_a_menos15,20880,22909.127163864618,-1295.2921068421017,14510.43524492283,20386.50623358948,18808.59412325443
hybrid,H4,2014-07-01,2014,7,lat_maior_igual_menos15,31581,156374.78097990731,4250.969298318159,37614.855964574745,154985.22245261457,31215.50842646724
hybrid,H4,2014-08-01,2014,8,dominio_inteiro,78561,162806.15520381686,-1252.488559069532,63685.947398558215,153238.45855543046,67475.78503925544
hybrid,H4,2014-08-01,2014,8,lat_menor_que_menos35,26100,21272.387009732854,-7596.651091249396,16684.128482025422,15075.0342397327,17451.68248953376
hybrid,H4,2014-08-01,2014,8,lat_menos35_a_menos15,20880,16955.02702322258,10935.130135341842,13399.169902535872,14976.6474284846,18808.59412325443
hybrid,H4,2014-08-01,2014,8,lat_maior_igual_menos15,31581,124578.7411708614,-4590.96760316198,33602.64901399692,123186.77688721316,31215.50842646724
hybrid,H4,2014-09-01,2014,9,dominio_inteiro,78561,130597.41512168724,-1192.0635783322218,62349.05343507444,120079.61083108449,67475.78503925544
hybrid,H4,2014-09-01,2014,9,lat_menor_que_menos35,26100,22754.36708168187,-7325.021610641817,17776.394249859713,16134.778199042892,17451.68248953376
hybrid,H4,2014-09-01,2014,9,lat_menos35_a_menos15,20880,28399.965968005603,-1912.5449238200447,14793.794409230715,25257.41080010365,18808.59412325443
hybrid,H4,2014-09-01,2014,9,lat_maior_igual_menos15,31581,79443.08207199976,8045.502956129638,29778.864775983995,78687.42183193793,31215.50842646724
hybrid,H4,2014-10-01,2014,10,dominio_inteiro,78561,183124.84218580672,5116.026069660853,75198.02706451603,171919.0949061027,67475.78503925544
hybrid,H4,2014-10-01,2014,10,lat_menor_que_menos35,26100,14396.841143426262,601.6548329667351,13905.213731150476,10066.672062199346,17451.68248953376
hybrid,H4,2014-10-01,2014,10,lat_menos35_a_menos15,20880,56393.67109246942,17759.66075132659,24086.333378536598,50796.55776273484,18808.59412325443
hybrid,H4,2014-10-01,2014,10,lat_maior_igual_menos15,31581,112334.32994991104,-13245.289514632472,37206.47995482897,111055.86508116852,31215.50842646724
hybrid,H4,2014-11-01,2014,11,dominio_inteiro,78561,275649.8577052992,-27979.783862176857,81627.80948469676,259973.04985245923,67475.78503925544
hybrid,H4,2014-11-01,2014,11,lat_menor_que_menos35,26100,31588.74705553095,-8250.832917158508,18019.2285652092,21246.506922020413,17451.68248953376
hybrid,H4,2014-11-01,2014,11,lat_menos35_a_menos15,20880,36096.08449494935,-1851.8074841281775,18144.049869237053,32419.27199632095,18808.59412325443
hybrid,H4,2014-11-01,2014,11,lat_maior_igual_menos15,31581,207965.02615481883,-17877.14346089017,45464.53105025052,206307.2709341179,31215.50842646724
hybrid,H4,2014-12-01,2014,12,dominio_inteiro,78561,206037.1199860772,13388.415358003984,79962.63606362925,190854.95702880583,67475.78503925544
hybrid,H4,2014-12-01,2014,12,lat_menor_que_menos35,26100,26540.670918495747,592.6265582563157,18195.989398214904,19066.79318069512,17451.68248953376
hybrid,H4,2014-12-01,2014,12,lat_menos35_a_menos15,20880,70011.93024076076,7220.824241643093,24934.00085960849,63161.69548354202,18808.59412325443
hybrid,H4,2014-12-01,2014,12,lat_maior_igual_menos15,31581,109484.51882682064,5574.964558104575,36832.64580580585,108626.46836456867,31215.50842646724
climatology,H4,2013-01-01,2013,1,dominio_inteiro,78561,304141.4546696324,17506.646335562516,99357.57460702228,284837.5830283441,67475.78503925544
climatology,H4,2013-01-01,2013,1,lat_menor_que_menos35,26100,33472.79833149901,7067.121479995549,20944.152294702828,23446.59095246029,17451.68248953376
climatology,H4,2013-01-01,2013,1,lat_menos35_a_menos15,20880,86942.84265805282,3718.5954878645134,29258.02157942223,78977.56693297529,18808.59412325443
climatology,H4,2013-01-01,2013,1,lat_maior_igual_menos15,31581,183725.8136800805,6720.929367702454,49155.40073289722,182413.4251429085,31215.50842646724
climatology,H4,2013-02-01,2013,2,dominio_inteiro,78561,363240.8827020171,-10462.95591140457,100956.74505577552,347477.16188578366,67475.78503925544
climatology,H4,2013-02-01,2013,2,lat_menor_que_menos35,26100,31719.863643645986,2038.4366336762905,19719.88609328866,23292.83547959914,17451.68248953376
climatology,H4,2013-02-01,2013,2,lat_menos35_a_menos15,20880,55787.61303110859,5886.785147285904,23287.095524900946,49720.17940237186,18808.59412325443
climatology,H4,2013-02-01,2013,2,lat_maior_igual_menos15,31581,275733.40602726256,-18388.177692366764,57949.76343758591,274464.14700381266,31215.50842646724
climatology,H4,2013-03-01,2013,3,dominio_inteiro,78561,288171.8182819378,3297.2373160030693,87563.15897816792,275166.270085811,67475.78503925544
climatology,H4,2013-03-01,2013,3,lat_menor_que_menos35,26100,22980.19240611076,3420.08923342824,17759.947432905436,16006.366735815653,17451.68248953376
climatology,H4,2013-03-01,2013,3,lat_menos35_a_menos15,20880,51669.97954317616,2565.7053221426904,22428.051966646686,46342.07075319973,18808.59412325443
climatology,H4,2013-03-01,2013,3,lat_maior_igual_menos15,31581,213521.64633265088,-2688.557239567861,47375.1595786158,212817.8325967956,31215.50842646724
climatology,H4,2013-04-01,2013,4,dominio_inteiro,78561,226603.4029143954,22550.85652502766,88400.27785360208,213780.36490712705,67475.78503925544
climatology,H4,2013-04-01,2013,4,lat_menor_que_menos35,26100,30837.207231136694,6680.938105434179,22376.7017570436,21955.04076907664,17451.68248953376
climatology,H4,2013-04-01,2013,4,lat_menos35_a_menos15,20880,29970.066236827355,4709.074975795578,18130.961478031702,26802.348197490992,18808.59412325443
climatology,H4,2013-04-01,2013,4,lat_maior_igual_menos15,31581,165796.12944643135,11160.8434437979,47892.61461852677,165022.97594055944,31215.50842646724
climatology,H4,2013-05-01,2013,5,dominio_inteiro,78561,198016.33609057905,-10753.070905953413,73083.13062870665,187120.61828011143,67475.78503925544
climatology,H4,2013-05-01,2013,5,lat_menor_que_menos35,26100,24173.68131218356,-6110.074359118938,17841.790646374226,16523.589877390776,17451.68248953376
climatology,H4,2013-05-01,2013,5,lat_menos35_a_menos15,20880,22979.71172340816,7313.083525515394,15658.98069563019,20366.2828706696,18808.59412325443
climatology,H4,2013-05-01,2013,5,lat_maior_igual_menos15,31581,150862.9430549873,-11956.080072349869,39582.35928670224,150230.74553205105,31215.50842646724
climatology,H4,2013-06-01,2013,6,dominio_inteiro,78561,288135.6064243315,-12642.567350076046,87871.02066756552,261572.09922559516,67475.78503925544
climatology,H4,2013-06-01,2013,6,lat_menor_que_menos35,26100,60749.76445890012,-8331.884546101093,25767.69334369898,40425.9485294021,17451.68248953376
climatology,H4,2013-06-01,2013,6,lat_menos35_a_menos15,20880,48363.71517350165,-5018.245129553136,18856.65493656089,43274.88341882694,18808.59412325443
climatology,H4,2013-06-01,2013,6,lat_maior_igual_menos15,31581,179022.1267919297,707.5623255781829,43246.67238730565,177871.2672773661,31215.50842646724
climatology,H4,2013-07-01,2013,7,dominio_inteiro,78561,170143.1671837245,11867.34025798738,73136.52741583809,157126.33945078024,67475.78503925544
climatology,H4,2013-07-01,2013,7,lat_menor_que_menos35,26100,26987.68168696812,6740.587789148092,20577.27830722928,18581.332856181863,17451.68248953376
climatology,H4,2013-07-01,2013,7,lat_menos35_a_menos15,20880,27873.136861328057,277.69323494751006,15283.71638975758,24234.62958457384,18808.59412325443
climatology,H4,2013-07-01,2013,7,lat_maior_igual_menos15,31581,115282.34863542832,4849.059233891778,37275.53271885123,114310.37701002456,31215.50842646724
climatology,H4,2013-08-01,2013,8,dominio_inteiro,78561,159855.78333139938,-6981.757800351363,68156.03405794548,144794.72385752067,67475.78503925544
climatology,H4,2013-08-01,2013,8,lat_menor_que_menos35,26100,37351.17911658365,-8020.7585009634495,20546.25518706441,26485.744154550877,17451.68248953376
climatology,H4,2013-08-01,2013,8,lat_menos35_a_menos15,20880,25956.77129240693,5967.9341525961645,16113.963068142068,22640.478269286086,18808.59412325443
climatology,H4,2013-08-01,2013,8,lat_maior_igual_menos15,31581,96547.8329224088,-4928.933451984078,31495.815802739,95668.50143368372,31215.50842646724
climatology,H4,2013-09-01,2013,9,dominio_inteiro,78561,114762.97701018918,9199.281829436542,58464.07365422952,103569.9210656395,67475.78503925544
climatology,H4,2013-09-01,2013,9,lat_menor_que_menos35,26100,26090.45574541743,342.11183539032936,17267.11248704791,18426.464409455228,17451.68248953376
climatology,H4,2013-09-01,2013,9,lat_menos35_a_menos15,20880,21691.26224706193,2612.712794650113,14088.363857799442,19010.063478267748,18808.59412325443
climatology,H4,2013-09-01,2013,9,lat_maior_igual_menos15,31581,66981.25901770982,6244.4571993961,27108.597309382167,66133.39317791653,31215.50842646724
climatology,H4,2013-10-01,2013,10,dominio_inteiro,78561,132999.96145883173,4094.259833627322,65457.930777580186,123240.63323319273,67475.78503925544
climatology,H4,2013-10-01,2013,10,lat_menor_que_menos35,26100,19018.764619273512,3877.0685925483695,16131.404757618904,13795.842384081416,17451.68248953376
climatology,H4,2013-10-01,2013,10,lat_menos35_a_menos15,20880,32561.71635529598,153.69059894880047,17107.641341249167,28840.563304977524,18808.59412325443
climatology,H4,2013-10-01,2013,10,lat_maior_igual_menos15,31581,81419.48048426225,63.50064213015139,32218.884678712115,80604.2275441338,31215.50842646724
climatology,H4,2013-11-01,2013,11,dominio_inteiro,78561,199302.113457707,-11481.33281257705,79379.82244408198,185205.74310078303,67475.78503925544
climatology,H4,2013-11-01,2013,11,lat_menor_que_menos35,26100,25343.142846143463,-9931.95775860548,17169.863916873932,18377.061563039773,17451.68248953376
climatology,H4,2013-11-01,2013,11,lat_menos35_a_menos15,20880,52328.45594430716,5930.187958084483,21371.77025131203,46336.56269482753,18808.59412325443
climatology,H4,2013-11-01,2013,11,lat_maior_igual_menos15,31581,121630.51466725631,-7479.563012056053,40838.18827589601,120492.11884291578,31215.50842646724
climatology,H4,2013-12-01,2013,12,dominio_inteiro,78561,346571.9282864966,3066.1784090044093,93638.89723303594,325944.46114616434,67475.78503925544
climatology,H4,2013-12-01,2013,12,lat_menor_que_menos35,26100,26062.69156570628,4982.246356368065,17368.401477634907,18314.06165868628,17451.68248953376
climatology,H4,2013-12-01,2013,12,lat_menos35_a_menos15,20880,136414.6751749171,852.9219128208351,30740.097740542667,124854.70765502645,18808.59412325443
climatology,H4,2013-12-01,2013,12,lat_maior_igual_menos15,31581,184094.56154587324,-2768.9898601844907,45530.398014858365,182775.6918324516,31215.50842646724
climatology,H4,2014-01-01,2014,1,dominio_inteiro,78561,342571.0164310141,9276.503742178727,97247.89137917518,322470.80279355554,67475.78503925544
climatology,H4,2014-01-01,2014,1,lat_menor_que_menos35,26100,28699.79691324605,-7379.657771103084,17631.137937150896,21104.42657268739,17451.68248953376
climatology,H4,2014-01-01,2014,1,lat_menos35_a_menos15,20880,126503.88875483326,19223.57748249342,32889.13350730523,115572.96394298963,18808.59412325443
climatology,H4,2014-01-01,2014,1,lat_maior_igual_menos15,31581,187367.33076293484,-2567.415969211608,46727.619934719056,185793.41227787847,31215.50842646724
climatology,H4,2014-02-01,2014,2,dominio_inteiro,78561,326318.98140476376,-1692.3241212434368,93779.22102703375,309417.90714332816,67475.78503925544
climatology,H4,2014-02-01,2014,2,lat_menor_que_menos35,26100,23875.617226621405,2117.873889535665,18519.65286991,17361.671038707096,17451.68248953376
climatology,H4,2014-02-01,2014,2,lat_menos35_a_menos15,20880,91315.69690696069,8571.565268135513,28747.903094247333,81817.03397488839,18808.59412325443
climatology,H4,2014-02-01,2014,2,lat_maior_igual_menos15,31581,211127.66727118165,-12381.763278914616,46511.66506287642,210239.2021297327,31215.50842646724
climatology,H4,2014-03-01,2014,3,dominio_inteiro,78561,185783.38175093252,-405.5062142703682,81331.54611158185,168943.42618156562,67475.78503925544
climatology,H4,2014-03-01,2014,3,lat_menor_que_menos35,26100,35398.31413058688,-9919.7335357368,22473.143300265077,24037.31903659657,17451.68248953376
climatology,H4,2014-03-01,2014,3,lat_menos35_a_menos15,20880,45046.17786278741,1073.7219084464014,21114.09624689817,40105.65657407154,18808.59412325443
climatology,H4,2014-03-01,2014,3,lat_maior_igual_menos15,31581,105338.88975755828,8440.50541302003,37744.3065644186,104800.45057089752,31215.50842646724
climatology,H4,2014-04-01,2014,4,dominio_inteiro,78561,195318.36044645976,20583.38635596028,78409.44752051448,180439.63323996172,67475.78503925544
climatology,H4,2014-04-01,2014,4,lat_menor_que_menos35,26100,40708.02147722754,1698.3331249654293,21903.22509041429,29593.678244568768,17451.68248953376
climatology,H4,2014-04-01,2014,4,lat_menos35_a_menos15,20880,28541.268775408014,2902.897836513352,16714.713664765935,25197.76042237853,18808.59412325443
climatology,H4,2014-04-01,2014,4,lat_maior_igual_menos15,31581,126069.0701938242,15982.155394481497,39791.50876533426,125648.19457301448,31215.50842646724
climatology,H4,2014-05-01,2014,5,dominio_inteiro,78561,317055.52773401263,-793.4723646936473,86933.19875975535,308349.71670937043,67475.78503925544
climatology,H4,2014-05-01,2014,5,lat_menor_que_menos35,26100,17650.39614491681,-1139.870959460735,16327.576309859753,12015.865087855733,17451.68248953376
climatology,H4,2014-05-01,2014,5,lat_menos35_a_menos15,20880,20235.589970962857,2666.030760622816,14453.435515870571,18337.03557023711,18808.59412325443
climatology,H4,2014-05-01,2014,5,lat_maior_igual_menos15,31581,279169.54161813296,-2319.632165855728,56152.18693402503,277996.8160512776,31215.50842646724
climatology,H4,2014-06-01,2014,6,dominio_inteiro,78561,246089.88152102963,-4302.862836526241,78113.0509362123,231571.96852133883,67475.78503925544
climatology,H4,2014-06-01,2014,6,lat_menor_que_menos35,26100,21652.66184480765,102.82691019773485,16813.406352877617,14921.549088302863,17451.68248953376
climatology,H4,2014-06-01,2014,6,lat_menos35_a_menos15,20880,56507.26258739234,-6862.471966711339,17637.94817797141,49800.61014342719,18808.59412325443
climatology,H4,2014-06-01,2014,6,lat_maior_igual_menos15,31581,167929.95708882966,2456.7822199873626,43661.69640536327,166849.8092896088,31215.50842646724
climatology,H4,2014-07-01,2014,7,dominio_inteiro,78561,225886.7632616058,-139.5471779257059,76234.25938838907,213877.0567282548,67475.78503925544
climatology,H4,2014-07-01,2014,7,lat_menor_que_menos35,26100,29170.49386641622,-8123.0005439817905,19378.579033643007,21461.14968531795,17451.68248953376
climatology,H4,2014-07-01,2014,7,lat_menos35_a_menos15,20880,24604.803321409338,-2690.101183387451,15119.937323206104,21924.53880161105,18808.59412325443
climatology,H4,2014-07-01,2014,7,lat_maior_igual_menos15,31581,172111.46607378026,10673.554549443536,41735.743031539954,170491.3682413258,31215.50842646724
climatology,H4,2014-08-01,2014,8,dominio_inteiro,78561,156823.05221257347,891.4302184474654,60559.04155688314,148135.77194237753,67475.78503925544
climatology,H4,2014-08-01,2014,8,lat_menor_que_menos35,26100,20003.999854796763,-7294.6537646353245,16265.380910426378,14218.894083255169,17451.68248953376
climatology,H4,2014-08-01,2014,8,lat_menos35_a_menos15,20880,14240.92681733019,9963.772317879368,12242.243696013931,12550.674877354568,18808.59412325443
climatology,H4,2014-08-01,2014,8,lat_maior_igual_menos15,31581,122578.12554044652,-1777.6883347965777,32051.41695044283,121366.2029817678,31215.50842646724
climatology,H4,2014-09-01,2014,9,dominio_inteiro,78561,137437.3549838978,4928.566115935566,64185.950258932775,127097.81452889171,67475.78503925544
climatology,H4,2014-09-01,2014,9,lat_menor_que_menos35,26100,20939.258461948368,-8063.058605283499,16813.740304082632,14956.511235652924,17451.68248953376
climatology,H4,2014-09-01,2014,9,lat_menos35_a_menos15,20880,32179.15293613613,-2260.912006985629,15622.884925551944,28563.29650547405,18808.59412325443
climatology,H4,2014-09-01,2014,9,lat_maior_igual_menos15,31581,84318.94358581332,15252.536728204694,31749.3250292982,83578.00678776472,31215.50842646724
climatology,H4,2014-10-01,2014,10,dominio_inteiro,78561,178614.40296342608,9126.440619760137,74583.6372271668,167641.12546864984,67475.78503925544
climatology,H4,2014-10-01,2014,10,lat_menor_que_menos35,26100,13717.237600782157,231.43489503860476,13642.667382717133,9658.400520857558,17451.68248953376
climatology,H4,2014-10-01,2014,10,lat_menos35_a_menos15,20880,58254.64299109097,17884.46452473005,24124.26629203034,52567.37133961417,18808.59412325443
climatology,H4,2014-10-01,2014,10,lat_maior_igual_menos15,31581,106642.52237155296,-8989.45880000852,36816.70355241932,105415.3536081781,31215.50842646724
climatology,H4,2014-11-01,2014,11,dominio_inteiro,78561,273148.7984930296,-25624.575648575585,81952.48759651298,257583.1464364914,67475.78503925544
climatology,H4,2014-11-01,2014,11,lat_menor_que_menos35,26100,31504.22269934292,-8624.955691039562,18108.135396778584,21262.070436493646,17451.68248953376
climatology,H4,2014-11-01,2014,11,lat_menos35_a_menos15,20880,35685.440229061496,-3317.84747282372,17924.186791137996,32037.68946095019,18808.59412325443
climatology,H4,2014-11-01,2014,11,lat_maior_igual_menos15,31581,205959.1355646252,-13681.772484712305,45920.1654085964,204283.38653904755,31215.50842646724
climatology,H4,2014-12-01,2014,12,dominio_inteiro,78561,225151.2389383847,15111.905185127456,84262.32065035665,209145.98294504997,67475.78503925544
climatology,H4,2014-12-01,2014,12,lat_menor_que_menos35,26100,27244.92738161169,-1223.0720945596695,18103.221080094576,19514.053595574787,17451.68248953376
climatology,H4,2014-12-01,2014,12,lat_menos35_a_menos15,20880,75827.56262422854,7151.784370096226,25963.350793863472,68377.81128662916,18808.59412325443
climatology,H4,2014-12-01,2014,12,lat_maior_igual_menos15,31581,122078.74893254446,9183.1929095909,40195.7487763986,121254.118062846,31215.50842646724
unet,A,2015-01-01,2015,1,dominio_inteiro,78561,311546.4526023889,18436.235942290165,98088.75103783142,291485.9741968437,67475.78503925544
unet,A,2015-01-01,2015,1,lat_menor_que_menos35,26100,26917.201875741328,2446.7586306780577,18345.609639763832,18206.72146025173,17451.68248953376
unet,A,2015-01-01,2015,1,lat_menos35_a_menos15,20880,127689.4168564303,22726.032870612107,33458.57665587682,117705.38217239577,18808.59412325443
unet,A,2015-01-01,2015,1,lat_maior_igual_menos15,31581,156939.8338702173,-6736.555559,46284.56474219076,155573.87056419614,31215.50842646724
unet,A,2015-02-01,2015,2,dominio_inteiro,78561,203544.6223357332,-14983.39374711318,78860.07697574282,185295.26048726132,67475.78503925544
unet,A,2015-02-01,2015,2,lat_menor_que_menos35,26100,39520.93509132315,3475.987204760313,23445.286394685507,29138.145324760284,17451.68248953376
unet,A,2015-02-01,2015,2,lat_menos35_a_menos15,20880,64204.34245012082,-6248.943753156345,21628.591405874584,56770.4559741484,18808.59412325443
unet,A,2015-02-01,2015,2,lat_maior_igual_menos15,31581,99819.34479428922,-12210.437198717147,33786.19917518273,99386.65918835266,31215.50842646724
unet,A,2015-03-01,2015,3,dominio_inteiro,78561,259400.3806475407,-24324.825755835045,88877.14326277422,243845.99746701436,67475.78503925544
unet,A,2015-03-01,2015,3,lat_menor_que_menos35,26100,34708.88729648968,5088.084681242704,21238.400357693437,24042.80488060962,17451.68248953376
unet,A,2015-03-01,2015,3,lat_menos35_a_menos15,20880,38276.73761183958,393.1754721361213,19278.799804706592,34048.70455670922,18808.59412325443
unet,A,2015-03-01,2015,3,lat_maior_igual_menos15,31581,186414.75573921145,-29806.08590921387,48359.94310037419,185754.4880296955,31215.50842646724
unet,A,2015-04-01,2015,4,dominio_inteiro,78561,191727.9440479788,4262.284766949248,79805.29556294112,177875.03888522892,67475.78503925544
unet,A,2015-04-01,2015,4,lat_menor_que_menos35,26100,23580.79492809798,4257.360865294933,18531.52667254209,16963.67065172708,17451.68248953376
unet,A,2015-04-01,2015,4,lat_menos35_a_menos15,20880,63323.75152024657,2986.071832270827,23875.70102639636,56721.78238608648,18808.59412325443
unet,A,2015-04-01,2015,4,lat_maior_igual_menos15,31581,104823.39759963426,-2981.147930616513,37398.06786400266,104189.58584741538,31215.50842646724
unet,A,2015-05-01,2015,5,dominio_inteiro,78561,264709.1231924013,-10346.46994244866,85843.57149085216,247910.03541795575,67475.78503925544
unet,A,2015-05-01,2015,5,lat_menor_que_menos35,26100,43876.43448794457,-5893.699926137924,20578.56926381588,30934.606336311204,17451.68248953376
unet,A,2015-05-01,2015,5,lat_menos35_a_menos15,20880,26917.030834495145,-764.4662962546572,16122.075051167049,24159.523966520064,18808.59412325443
unet,A,2015-05-01,2015,5,lat_maior_igual_menos15,31581,193915.6578699616,-3688.3037200560793,49142.927175869234,192815.9051151245,31215.50842646724
unet,A,2015-06-01,2015,6,dominio_inteiro,78561,210996.43890778036,302.92936778999865,72363.0469926279,195420.92469087505,67475.78503925544
unet,A,2015-06-01,2015,6,lat_menor_que_menos35,26100,38659.063846908575,-680.9289585053921,21252.976875334974,27236.36250371452,17451.68248953376
unet,A,2015-06-01,2015,6,lat_menos35_a_menos15,20880,24291.34448429141,8473.626484077424,14573.940460961312,21016.47716435444,18808.59412325443
unet,A,2015-06-01,2015,6,lat_maior_igual_menos15,31581,148046.03057658035,-7489.768157782033,36536.129656331614,147168.08502280607,31215.50842646724
unet,A,2015-07-01,2015,7,dominio_inteiro,78561,277139.8500588777,-32760.7680657804,78541.72523906827,255867.69850298797,67475.78503925544
unet,A,2015-07-01,2015,7,lat_menor_que_menos35,26100,45231.78440269802,-11862.146902352571,23042.26330050826,32838.59962871157,17451.68248953376
unet,A,2015-07-01,2015,7,lat_menos35_a_menos15,20880,61258.91376877022,-6619.74538975209,19337.288309164345,53539.34137384516,18808.59412325443
unet,A,2015-07-01,2015,7,lat_maior_igual_menos15,31581,170649.1518874095,-14278.87577367574,36162.173629395664,169489.7575004312,31215.50842646724
unet,A,2015-08-01,2015,8,dominio_inteiro,78561,208062.7871389437,-17874.13830997236,77001.08364512213,189071.5607506358,67475.78503925544
unet,A,2015-08-01,2015,8,lat_menor_que_menos35,26100,44159.30646677804,-19359.158669143915,22950.18036714196,32359.374328911254,17451.68248953376
unet,A,2015-08-01,2015,8,lat_menos35_a_menos15,20880,45930.32350308484,2467.6400042977184,20589.49575402774,39726.66256865345,18808.59412325443
unet,A,2015-08-01,2015,8,lat_maior_igual_menos15,31581,117973.15716908083,-982.619645126164,33461.407523952425,116985.52385307116,31215.50842646724
unet,A,2015-09-01,2015,9,dominio_inteiro,78561,201843.77465325617,13719.7994524315,82408.61099518836,188554.9011069441,67475.78503925544
unet,A,2015-09-01,2015,9,lat_menor_que_menos35,26100,26168.448956101933,2055.446819782257,18722.621868133545,18851.254795760706,17451.68248953376
unet,A,2015-09-01,2015,9,lat_menos35_a_menos15,20880,39561.80604164421,-4103.214113853872,20015.601162947714,34887.04567691007,18808.59412325443
unet,A,2015-09-01,2015,9,lat_maior_igual_menos15,31581,136113.51965551003,15767.566746503117,43670.387964107096,134816.60063427332,31215.50842646724
unet,A,2015-10-01,2015,10,dominio_inteiro,78561,180889.01022359065,16448.09778118506,76687.29520744458,167551.85474291316,67475.78503925544
unet,A,2015-10-01,2015,10,lat_menor_que_menos35,26100,25249.78908786086,637.2061715722084,18891.838076770306,17827.915812593765,17451.68248953376
unet,A,2015-10-01,2015,10,lat_menos35_a_menos15,20880,42206.11623328544,6864.956786952913,20406.171262152493,37297.86075941096,18808.59412325443
unet,A,2015-10-01,2015,10,lat_maior_igual_menos15,31581,113433.10490244436,8945.93482265994,37389.28586852178,112426.0781709084,31215.50842646724
unet,A,2015-11-01,2015,11,dominio_inteiro,78561,174949.22851007807,7500.699267160147,70525.09234129265,165043.65641646556,67475.78503925544
unet,A,2015-11-01,2015,11,lat_menor_que_menos35,26100,10960.882268117268,5229.076561808586,12787.39594578743,7826.566307658894,17451.68248953376
unet,A,2015-11-01,2015,11,lat_menos35_a_menos15,20880,65721.68643546166,-4973.893010593951,23295.212699756023,59785.84691670457,18808.59412325443
unet,A,2015-11-01,2015,11,lat_maior_igual_menos15,31581,98266.65980649914,7245.515715945512,34442.48369574919,97431.2431921021,31215.50842646724
unet,A,2015-12-01,2015,12,dominio_inteiro,78561,338819.3974446844,33081.186417832505,96810.0740351542,320496.5652708919,67475.78503925544
unet,A,2015-12-01,2015,12,lat_menor_que_menos35,26100,24205.307183018864,-386.5185890644789,16417.92509098351,17379.934995985714,17451.68248953376
unet,A,2015-12-01,2015,12,lat_menos35_a_menos15,20880,110118.0039173972,12607.63467336027,32186.96699885046,100224.95646325692,18808.59412325443
unet,A,2015-12-01,2015,12,lat_maior_igual_menos15,31581,204496.08634426832,20860.070333536714,48205.18194532022,202891.6738116492,31215.50842646724
unet,A,2016-01-01,2016,1,dominio_inteiro,78561,503089.9891328763,5848.562802436994,122881.17838010727,472869.4339776356,67475.78503925544
unet,A,2016-01-01,2016,1,lat_menor_que_menos35,26100,41950.92112098311,4411.307314641774,21365.98494976014,28668.69951616404,17451.68248953376
unet,A,2016-01-01,2016,1,lat_menos35_a_menos15,20880,152572.29937609797,-11860.07424704614,36334.166585933184,138968.95365205154,18808.59412325443
unet,A,2016-01-01,2016,1,lat_maior_igual_menos15,31581,308566.7686357952,13297.329734841362,65181.02684441395,305231.78080942,31215.50842646724
unet,A,2016-02-01,2016,2,dominio_inteiro,78561,193151.3029296618,9557.743664006704,79250.82226833235,180044.20145121112,67475.78503925544
unet,A,2016-02-01,2016,2,lat_menor_que_menos35,26100,24600.489830941813,-7095.722238257527,17834.231153652072,16940.418245762852,17451.68248953376
unet,A,2016-02-01,2016,2,lat_menos35_a_menos15,20880,48938.70211704222,5536.054408763535,21163.18747073505,44459.376297439696,18808.59412325443
unet,A,2016-02-01,2016,2,lat_maior_igual_menos15,31581,119612.11098167776,11117.411493500696,40253.40364394523,118644.4069080086,31215.50842646724
unet,A,2016-03-01,2016,3,dominio_inteiro,78561,357941.52511887794,-3038.4935534936376,100942.0592742064,337801.31679326494,67475.78503925544
unet,A,2016-03-01,2016,3,lat_menor_que_menos35,26100,37231.08441773731,6895.612743228674,23161.13417300582,27268.970894508773,17451.68248953376
unet,A,2016-03-01,2016,3,lat_menos35_a_menos15,20880,77280.03915248944,4957.154281882104,27049.73522053705,68174.1684250566,18808.59412325443
unet,A,2016-03-01,2016,3,lat_maior_igual_menos15,31581,243430.4015486512,-14891.260578604417,50731.18988066353,242358.17747369956,31215.50842646724
unet,A,2016-04-01,2016,4,dominio_inteiro,78561,301701.81001624325,-4165.197077458724,95743.70821539871,276758.91649914713,67475.78503925544
unet,A,2016-04-01,2016,4,lat_menor_que_menos35,26100,45022.96601248482,-4703.071849256754,21941.85375317931,32569.548321046717,17451.68248953376
unet,A,2016-04-01,2016,4,lat_menos35_a_menos15,20880,91332.52161203568,957.3791208369656,27759.06080831308,79646.72315851202,18808.59412325443
unet,A,2016-04-01,2016,4,lat_maior_igual_menos15,31581,165346.32239172276,-419.5043490389362,46042.79365390632,164542.64501958838,31215.50842646724
unet,A,2016-05-01,2016,5,dominio_inteiro,78561,290408.8144299522,32162.120465276763,96993.48947594129,251744.8608240601,67475.78503925544
unet,A,2016-05-01,2016,5,lat_menor_que_menos35,26100,103534.25169520867,27255.645448863503,36079.90729743242,69409.10451249903,17451.68248953376
unet,A,2016-05-01,2016,5,lat_menos35_a_menos15,20880,31383.6719534878,-1723.7319216169417,17722.114989254624,27685.02979197304,18808.59412325443
unet,A,2016-05-01,2016,5,lat_maior_igual_menos15,31581,155490.89078125576,6630.206938030198,43191.46718925424,154650.72651958803,31215.50842646724
unet,A,2016-06-01,2016,6,dominio_inteiro,78561,226837.1205608314,35262.97221466899,84578.83423833176,199189.11292391043,67475.78503925544
unet,A,2016-06-01,2016,6,lat_menor_que_menos35,26100,74728.5895549205,22724.62756639719,30362.86092299223,54289.71754391682,17451.68248953376
unet,A,2016-06-01,2016,6,lat_menos35_a_menos15,20880,56049.61046437671,1650.4155161604283,22842.046625796705,49457.96207476307,18808.59412325443
unet,A,2016-06-01,2016,6,lat_maior_igual_menos15,31581,96058.9205415342,10887.92913211137,31373.92668954283,95441.43330523054,31215.50842646724
unet,A,2016-07-01,2016,7,dominio_inteiro,78561,166714.92892097883,3771.4037655685097,70720.60744672082,152847.58938417377,67475.78503925544
unet,A,2016-07-01,2016,7,lat_menor_que_menos35,26100,40066.30664207697,-467.5464161336422,23362.332249194384,29378.49045563953,17451.68248953376
unet,A,2016-07-01,2016,7,lat_menos35_a_menos15,20880,16819.843139618977,1153.236505338922,12611.32601406239,14532.991287400955,18808.59412325443
unet,A,2016-07-01,2016,7,lat_maior_igual_menos15,31581,109828.77913928288,3085.7136763632298,34746.94918346405,108936.10764113328,31215.50842646724
unet,A,2016-08-01,2016,8,dominio_inteiro,78561,162486.6608585893,10125.393725652248,67139.0593944462,150294.09309469245,67475.78503925544
unet,A,2016-08-01,2016,8,lat_menor_que_menos35,26100,30712.775460958168,1794.312391102314,18921.714326918125,22483.754212795066,17451.68248953376
unet,A,2016-08-01,2016,8,lat_menos35_a_menos15,20880,25436.35912197157,-5740.15016373992,15219.707887836732,22519.99050516823,18808.59412325443
unet,A,2016-08-01,2016,8,lat_maior_igual_menos15,31581,106337.5262756596,14071.231498289852,32997.637179691344,105290.34837672916,31215.50842646724
unet,A,2016-09-01,2016,9,dominio_inteiro,78561,169508.50986663986,13463.852064465638,74962.04150672024,154145.68311027478,67475.78503925544
unet,A,2016-09-01,2016,9,lat_menor_que_menos35,26100,32178.850977132264,8439.457458794117,21943.89932566881,21785.438840583138,17451.68248953376
unet,A,2016-09-01,2016,9,lat_menos35_a_menos15,20880,34738.33632846155,9464.086823337246,17229.992684372235,30820.67675727336,18808.59412325443
unet,A,2016-09-01,2016,9,lat_maior_igual_menos15,31581,102591.32256104604,-4439.6922176657245,35788.149496679194,101539.56751241827,31215.50842646724
unet,A,2016-10-01,2016,10,dominio_inteiro,78561,171793.25337368436,1891.880940596573,66977.28891174216,160911.1043405485,67475.78503925544
unet,A,2016-10-01,2016,10,lat_menor_que_menos35,26100,23220.927974619888,190.08014169335365,16995.378389924765,16997.843762016244,17451.68248953376
unet,A,2016-10-01,2016,10,lat_menos35_a_menos15,20880,29316.60872463792,1088.2701414255423,15545.193735633977,26169.423466666536,18808.59412325443
unet,A,2016-10-01,2016,10,lat_maior_igual_menos15,31581,119255.7166744266,613.5306574776769,34436.71678618342,117743.83711186577,31215.50842646724
unet,A,2016-11-01,2016,11,dominio_inteiro,78561,263591.0409575006,4769.723295981064,85353.36107619666,251535.080658512,67475.78503925544
unet,A,2016-11-01,2016,11,lat_menor_que_menos35,26100,20828.040443583683,-7852.726372018456,17935.956150993705,14331.392781983555,17451.68248953376
unet,A,2016-11-01,2016,11,lat_menos35_a_menos15,20880,29102.109644514974,5979.434379735962,16367.54818486236,26411.599348563785,18808.59412325443
unet,A,2016-11-01,2016,11,lat_maior_igual_menos15,31581,213660.89086940192,6643.015288263559,51049.85674034059,210792.08852796463,31215.50842646724
unet,A,2016-12-01,2016,12,dominio_inteiro,78561,208377.4320635052,-17289.714249939658,82193.87006712519,196596.15033057745,67475.78503925544
unet,A,2016-12-01,2016,12,lat_menor_que_menos35,26100,21984.69041336396,-3861.928366035223,15996.25605365634,15485.401574665257,17451.68248953376
unet,A,2016-12-01,2016,12,lat_menos35_a_menos15,20880,42695.40102130122,8717.34884083923,20467.76890338771,38448.079983946285,18808.59412325443
unet,A,2016-12-01,2016,12,lat_maior_igual_menos15,31581,143697.34062884003,-22145.134724743664,45729.845110081136,142662.66877196592,31215.50842646724
hybrid,A,2015-01-01,2015,1,dominio_inteiro,78561,309159.82628768886,16868.150301014437,98616.89339834316,289242.78390116134,67475.78503925544
hybrid,A,2015-01-01,2015,1,lat_menor_que_menos35,26100,28010.491572363204,42.25867288392243,18571.946973340426,18981.456566900284,17451.68248953376
hybrid,A,2015-01-01,2015,1,lat_menos35_a_menos15,20880,120393.62519171632,21031.820372569287,32415.358778215086,110878.02555825045,18808.59412325443
hybrid,A,2015-01-01,2015,1,lat_maior_igual_menos15,31581,160755.7095236093,-4205.928744438774,47629.58764678765,159383.30177601063,31215.50842646724
hybrid,A,2015-02-01,2015,2,dominio_inteiro,78561,193284.67740125337,-13180.08281381888,76316.42551937522,174850.90038453756,67475.78503925544
hybrid,A,2015-02-01,2015,2,lat_menor_que_menos35,26100,39477.34591532923,1851.6719711032808,23110.22669227765,29108.80749022255,17451.68248953376
hybrid,A,2015-02-01,2015,2,lat_menos35_a_menos15,20880,66262.74843682555,-7940.432857599054,21755.26789104137,58600.03866266295,18808.59412325443
hybrid,A,2015-02-01,2015,2,lat_maior_igual_menos15,31581,87544.5830490986,-7091.32192732311,31450.9309360562,87142.05423165203,31215.50842646724
hybrid,A,2015-03-01,2015,3,dominio_inteiro,78561,237269.49039420977,-19126.70849678214,85843.42520812823,221832.35445834344,67475.78503925544
hybrid,A,2015-03-01,2015,3,lat_menor_que_menos35,26100,34202.128047781014,4487.321127287162,20871.71241894521,23804.03764232526,17451.68248953376
hybrid,A,2015-03-01,2015,3,lat_menos35_a_menos15,20880,39848.36844563254,-325.3770662645244,19692.463705910155,35408.53291524434,18808.59412325443
hybrid,A,2015-03-01,2015,3,lat_maior_igual_menos15,31581,163218.99390079628,-23288.65255780478,45279.24908327285,162619.78390077382,31215.50842646724
hybrid,A,2015-04-01,2015,4,dominio_inteiro,78561,195727.88643015551,5623.975769205887,81132.07504379866,181955.66152329775,67475.78503925544
hybrid,A,2015-04-01,2015,4,lat_menor_que_menos35,26100,22978.04729260719,3153.981349287423,18318.455596539872,16654.25597642293,17451.68248953376
hybrid,A,2015-04-01,2015,4,lat_menos35_a_menos15,20880,64376.27311275031,2849.347661787924,24032.95374994118,57613.00245919031,18808.59412325443
hybrid,A,2015-04-01,2015,4,lat_maior_igual_menos15,31581,108373.56602479806,-379.35324186945945,38780.665697317614,107688.40308768452,31215.50842646724
hybrid,A,2015-05-01,2015,5,dominio_inteiro,78561,266629.63863571564,-5891.360632881565,87646.44677907134,250738.48154764625,67475.78503925544
hybrid,A,2015-05-01,2015,5,lat_menor_que_menos35,26100,41014.83978461791,-5260.661431431029,20368.77093729645,28952.38334446377,17451.68248953376
hybrid,A,2015-05-01,2015,5,lat_menos35_a_menos15,20880,26087.55109867783,-405.50385037410615,16105.994395207588,23422.31123667417,18808.59412325443
hybrid,A,2015-05-01,2015,5,lat_maior_igual_menos15,31581,199527.2477524199,-225.1953510764288,51171.681446567294,198363.78696650828,31215.50842646724
hybrid,A,2015-06-01,2015,6,dominio_inteiro,78561,219442.62561789475,928.6799085736936,74305.07156407602,202142.5250346067,67475.78503925544
hybrid,A,2015-06-01,2015,6,lat_menor_que_menos35,26100,43249.0904885946,-280.76738914506404,22748.11070971441,30474.91743131869,17451.68248953376
hybrid,A,2015-06-01,2015,6,lat_menos35_a_menos15,20880,26497.957862959865,8803.966688827906,15126.83671100319,22845.683238781363,18808.59412325443
hybrid,A,2015-06-01,2015,6,lat_maior_igual_menos15,31581,149695.57726634026,-7594.5193911091455,36430.124143358415,148821.92436450665,31215.50842646724
hybrid,A,2015-07-01,2015,7,dominio_inteiro,78561,269570.3888915997,-32382.75445633013,78092.28690262348,248933.6986620463,67475.78503925544
hybrid,A,2015-07-01,2015,7,lat_menor_que_menos35,26100,42795.70513795142,-10875.793198629162,22433.514049462705,31078.50463131333,17451.68248953376
hybrid,A,2015-07-01,2015,7,lat_menos35_a_menos15,20880,62312.433840027865,-7062.644483536833,19628.48809100977,54494.88107256178,18808.59412325443
hybrid,A,2015-07-01,2015,7,lat_maior_igual_menos15,31581,164462.2499136204,-14444.316774164145,36030.284762151015,163360.31295817118,31215.50842646724
hybrid,A,2015-08-01,2015,8,dominio_inteiro,78561,199796.47197919124,-18979.978432213185,74778.07446245839,180616.44839370705,67475.78503925544
hybrid,A,2015-08-01,2015,8,lat_menor_que_menos35,26100,45144.96030618925,-19448.316317913188,23318.33199377694,33038.60444981203,17451.68248953376
hybrid,A,2015-08-01,2015,8,lat_menos35_a_menos15,20880,44854.117096048736,1123.208270589577,19923.715280111886,38695.58206173099,18808.59412325443
hybrid,A,2015-08-01,2015,8,lat_maior_igual_menos15,31581,109797.39457695326,-654.8703848895725,31536.02718856955,108882.26188216404,31215.50842646724
hybrid,A,2015-09-01,2015,9,dominio_inteiro,78561,188274.92971736437,9414.050415057016,78348.59441395363,174950.13013610768,67475.78503925544
hybrid,A,2015-09-01,2015,9,lat_menor_que_menos35,26100,26160.96375574109,1647.7357287227064,18865.5831174482,18865.89215730488,17451.68248953376
hybrid,A,2015-09-01,2015,9,lat_menos35_a_menos15,20880,40933.08528151391,-5870.781395540536,19800.802127994262,36089.95369661777,18808.59412325443
hybrid,A,2015-09-01,2015,9,lat_maior_igual_menos15,31581,121180.88068010936,13637.096081874844,39682.20916851118,119994.28428218504,31215.50842646724
hybrid,A,2015-10-01,2015,10,dominio_inteiro,78561,162361.16545108147,10253.978616586486,71735.31437441736,150245.48363571885,67475.78503925544
hybrid,A,2015-10-01,2015,10,lat_menor_que_menos35,26100,22480.79498886319,-481.0323729769948,17761.597619583183,15996.1413228143,17451.68248953376
hybrid,A,2015-10-01,2015,10,lat_menos35_a_menos15,20880,39139.15681587736,4973.106364975886,19326.08805737728,34444.238567331646,18808.59412325443
hybrid,A,2015-10-01,2015,10,lat_maior_igual_menos15,31581,100741.21364634093,5761.904624587593,34647.62869745691,99805.10374557288,31215.50842646724
hybrid,A,2015-11-01,2015,11,dominio_inteiro,78561,170616.71301593984,5475.880608013025,70554.40936315442,160249.2525317005,67475.78503925544
hybrid,A,2015-11-01,2015,11,lat_menor_que_menos35,26100,12394.217708395336,4344.626411681377,13467.301952890228,8944.534517912973,17451.68248953376
hybrid,A,2015-11-01,2015,11,lat_menos35_a_menos15,20880,65502.26653176767,-4070.50472219829,23558.631216038677,59381.53885078632,18808.59412325443
hybrid,A,2015-11-01,2015,11,lat_maior_igual_menos15,31581,92720.22877577684,5201.758918529937,33528.47619422553,91923.17916300126,31215.50842646724
hybrid,A,2015-12-01,2015,12,dominio_inteiro,78561,307410.1447660888,26103.39216668271,90636.3639425029,290441.67515203,67475.78503925544
hybrid,A,2015-12-01,2015,12,lat_menor_que_menos35,26100,21762.08982177565,-2336.303851667325,15520.120632706376,15833.350599975834,17451.68248953376
hybrid,A,2015-12-01,2015,12,lat_menos35_a_menos15,20880,104617.45442370136,12821.216262489528,31113.570888635502,94973.26361022113,18808.59412325443
hybrid,A,2015-12-01,2015,12,lat_maior_igual_menos15,31581,181030.6005206118,15618.479755860502,44002.672421161005,179635.06094183298,31215.50842646724
hybrid,A,2016-01-01,2016,1,dominio_inteiro,78561,506354.3864288562,-6922.651462731766,118891.51665335768,475032.7725174133,67475.78503925544
hybrid,A,2016-01-01,2016,1,lat_menor_que_menos35,26100,36626.40591955088,1673.4618704312425,19765.906738769983,25221.643967841104,17451.68248953376
hybrid,A,2016-01-01,2016,1,lat_menos35_a_menos15,20880,172588.63404968393,-9153.205956817446,38709.99802011789,156251.758774259,18808.59412325443
hybrid,A,2016-01-01,2016,1,lat_maior_igual_menos15,31581,297139.3464596215,557.0926236544371,60415.61189446982,293559.36977531324,31215.50842646724
hybrid,A,2016-02-01,2016,2,dominio_inteiro,78561,192191.39350493977,-180.278573948475,78506.79870906712,177632.73181094558,67475.78503925544
hybrid,A,2016-02-01,2016,2,lat_menor_que_menos35,26100,28537.006137652705,-8153.471171829679,19222.656081050158,19475.915491868996,17451.68248953376
hybrid,A,2016-02-01,2016,2,lat_menos35_a_menos15,20880,48006.84584613615,5033.4818528548185,20768.45399871172,43340.15781738171,18808.59412325443
hybrid,A,2016-02-01,2016,2,lat_maior_igual_menos15,31581,115647.54152115092,2939.7107450263843,38515.68862930526,114816.65850169488,31215.50842646724
hybrid,A,2016-03-01,2016,3,dominio_inteiro,78561,370302.672762742,-8497.68924093571,103829.7877374968,347071.480603305,67475.78503925544
hybrid,A,2016-03-01,2016,3,lat_menor_que_menos35,26100,46065.46332877333,4204.848398937497,26650.19318277503,32909.21889051563,17451.68248953376
hybrid,A,2016-03-01,2016,3,lat_menos35_a_menos15,20880,74435.287828396,5801.861437349427,26516.90788772231,65369.9140329977,18808.59412325443
hybrid,A,2016-03-01,2016,3,lat_maior_igual_menos15,31581,249801.92160557263,-18504.399077222635,50662.68666699947,248792.3476797916,31215.50842646724
hybrid,A,2016-04-01,2016,4,dominio_inteiro,78561,297934.5271496615,-12320.852647578817,93677.72039932857,275951.472133559,67475.78503925544
hybrid,A,2016-04-01,2016,4,lat_menor_que_menos35,26100,38285.20365022397,-7670.7996932468195,20899.51959139156,27656.588391737103,17451.68248953376
hybrid,A,2016-04-01,2016,4,lat_menos35_a_menos15,20880,84299.2930219866,2173.9883207389307,26797.80537782493,73667.82208496472,18808.59412325443
hybrid,A,2016-04-01,2016,4,lat_maior_igual_menos15,31581,175350.03047745096,-6824.041275070927,45980.39543011208,174627.0616568572,31215.50842646724
hybrid,A,2016-05-01,2016,5,dominio_inteiro,78561,277557.7095503318,21025.50870254243,91711.18917435948,241761.53493671608,67475.78503925544
hybrid,A,2016-05-01,2016,5,lat_menor_que_menos35,26100,95741.55255974468,23981.888200315378,32572.91959177353,64574.25116221368,17451.68248953376
hybrid,A,2016-05-01,2016,5,lat_menos35_a_menos15,20880,31827.29637819929,-890.0993078355232,17229.57983852608,28031.0941968212,18808.59412325443
hybrid,A,2016-05-01,2016,5,lat_maior_igual_menos15,31581,149988.86061238777,-2066.2801899374203,41908.68974405988,149156.1895776812,31215.50842646724
hybrid,A,2016-06-01,2016,6,dominio_inteiro,78561,221916.95281921292,27812.09726990837,81642.18880382512,194731.0403905268,67475.78503925544
hybrid,A,2016-06-01,2016,6,lat_menor_que_menos35,26100,75110.60750408037,21112.596230558785,29003.87386662387,54947.40442935779,17451.68248953376
hybrid,A,2016-06-01,2016,6,lat_menos35_a_menos15,20880,55174.56724682175,388.9949019000365,22433.513108104617,48723.39837890887,18808.59412325443
hybrid,A,2016-06-01,2016,6,lat_maior_igual_menos15,31581,91631.7780683108,6310.506137449551,30204.80182909664,91060.23758226007,31215.50842646724
hybrid,A,2016-07-01,2016,7,dominio_inteiro,78561,160239.30895054547,2930.395055326645,67634.87571210676,146939.9056893179,67475.78503925544
hybrid,A,2016-07-01,2016,7,lat_menor_que_menos35,26100,37898.93517908853,1558.730926130167,22788.3614984113,27577.468067773727,17451.68248953376
hybrid,A,2016-07-01,2016,7,lat_menos35_a_menos15,20880,15288.288648864467,476.6954837004493,11619.02432265328,13169.82184144026,18808.59412325443
hybrid,A,2016-07-01,2016,7,lat_maior_igual_menos15,31581,107052.08512259249,894.968645496029,33227.489891042176,106192.6157801039,31215.50842646724
hybrid,A,2016-08-01,2016,8,dominio_inteiro,78561,162931.9887021141,11012.442980788504,66295.52502514434,150693.12099956334,67475.78503925544
hybrid,A,2016-08-01,2016,8,lat_menor_que_menos35,26100,30992.898102710915,2373.9755226386965,18945.75335748362,22657.60845996956,17451.68248953376
hybrid,A,2016-08-01,2016,8,lat_menos35_a_menos15,20880,24691.41834568192,-5538.7561174274215,14847.15778710706,21869.10312642344,18808.59412325443
hybrid,A,2016-08-01,2016,8,lat_maior_igual_menos15,31581,107247.67225372123,14177.223575577227,32502.61388055366,106166.40941317032,31215.50842646724
hybrid,A,2016-09-01,2016,9,dominio_inteiro,78561,172946.76532320946,12922.431056285734,75253.1699761308,156690.9662955851,67475.78503925544
hybrid,A,2016-09-01,2016,9,lat_menor_que_menos35,26100,34968.770261812984,9047.748419041602,22672.185651593656,23777.888057500917,17451.68248953376
hybrid,A,2016-09-01,2016,9,lat_menos35_a_menos15,20880,34897.603211455644,9194.14132398964,17354.089235155123,30904.929472207787,18808.59412325443
hybrid,A,2016-09-01,2016,9,lat_maior_igual_menos15,31581,103080.39184994085,-5319.45868674551,35226.895089382015,102008.14876587642,31215.50842646724
hybrid,A,2016-10-01,2016,10,dominio_inteiro,78561,167845.76186907847,439.6262262192647,65520.59756821633,156677.95544669952,67475.78503925544
hybrid,A,2016-10-01,2016,10,lat_menor_que_menos35,26100,24580.56175138533,1709.727716691284,17504.8910954511,17869.582305702803,17451.68248953376
hybrid,A,2016-10-01,2016,10,lat_menos35_a_menos15,20880,28055.155769717538,838.2374417035261,15193.013689565165,25049.2249228639,18808.59412325443
hybrid,A,2016-10-01,2016,10,lat_maior_igual_menos15,31581,115210.0443479756,-2108.3389321755444,32822.69278320007,113759.1482181328,31215.50842646724
hybrid,A,2016-11-01,2016,11,dominio_inteiro,78561,261035.47770885075,2434.510984859029,82649.70187656253,249652.9548943964,67475.78503925544
hybrid,A,2016-11-01,2016,11,lat_menor_que_menos35,26100,19472.1119186688,-5644.673502237397,17098.29268363177,13546.467143256068,17451.68248953376
hybrid,A,2016-11-01,2016,11,lat_menos35_a_menos15,20880,28319.02510072738,4499.598383654288,16111.822508851445,25704.60512498586,18808.59412325443
hybrid,A,2016-11-01,2016,11,lat_maior_igual_menos15,31581,213244.34068945452,3579.58610344214,49439.58668407932,210401.8826261545,31215.50842646724
hybrid,A,2016-12-01,2016,12,dominio_inteiro,78561,207622.6316233841,-12555.452142850005,82809.20991186511,195998.3193643512,67475.78503925544
hybrid,A,2016-12-01,2016,12,lat_menor_que_menos35,26100,21038.9202097412,-3257.7943017304083,15691.32374809693,14849.1355071277,17451.68248953376
hybrid,A,2016-12-01,2016,12,lat_menos35_a_menos15,20880,44985.70423031852,9937.85921553329,21122.810348329567,40585.27981631437,18808.59412325443
hybrid,A,2016-12-01,2016,12,lat_maior_igual_menos15,31581,141598.0071833244,-19235.517056652883,45995.0758154386,140563.90404090914,31215.50842646724
climatology,A,2015-01-01,2015,1,dominio_inteiro,78561,312149.4281093196,28208.903654305264,99707.32546293968,292204.3065607041,67475.78503925544
climatology,A,2015-01-01,2015,1,lat_menor_que_menos35,26100,30530.17082324761,1067.3163519725204,18755.42299681157,20678.699242484166,17451.68248953376
climatology,A,2015-01-01,2015,1,lat_menos35_a_menos15,20880,108546.55968136714,19439.34490174428,31281.37656782614,99768.65170883675,18808.59412325443
climatology,A,2015-01-01,2015,1,lat_maior_igual_menos15,31581,173072.69760470485,7702.242400588468,49670.52589830197,171756.95560938315,31215.50842646724
climatology,A,2015-02-01,2015,2,dominio_inteiro,78561,194744.10696707648,-138.33887726801913,78821.23629791255,175534.5321355579,67475.78503925544
climatology,A,2015-02-01,2015,2,lat_menor_que_menos35,26100,42061.80659655563,2676.0101874172688,23938.49206480384,30850.40059255021,17451.68248953376
climatology,A,2015-02-01,2015,2,lat_menos35_a_menos15,20880,65696.67302764393,-8182.424511341262,21824.153298234218,58070.33259849638,18808.59412325443
climatology,A,2015-02-01,2015,2,lat_maior_igual_menos15,31581,86985.6273428769,5368.075446655974,33058.59093487449,86613.79894451132,31215.50842646724
climatology,A,2015-03-01,2015,3,dominio_inteiro,78561,213267.69211054695,-8999.520260943333,81857.57925353595,197969.3421976381,67475.78503925544
climatology,A,2015-03-01,2015,3,lat_menor_que_menos35,26100,34760.51789106137,3646.9766337275514,20910.523748278614,24111.978174622625,17451.68248953376
climatology,A,2015-03-01,2015,3,lat_menos35_a_menos15,20880,37911.76905929552,-221.0377584754024,19254.20529518113,33791.98226242978,18808.59412325443
climatology,A,2015-03-01,2015,3,lat_maior_igual_menos15,31581,140595.40516019013,-12425.45913619548,41692.8502100762,140065.38176058567,31215.50842646724
climatology,A,2015-04-01,2015,4,dominio_inteiro,78561,216251.20772494157,12830.605457594618,86314.20750094578,202992.7785834756,67475.78503925544
climatology,A,2015-04-01,2015,4,lat_menor_que_menos35,26100,22275.312826726928,2588.0573678314686,17929.87242653966,16187.583884362288,17451.68248953376
climatology,A,2015-04-01,2015,4,lat_menos35_a_menos15,20880,62028.632950069696,644.298425488174,23441.70678307861,55699.07264199056,18808.59412325443
climatology,A,2015-04-01,2015,4,lat_maior_igual_menos15,31581,131947.26194814488,9598.249664274976,44942.62829132751,131106.12205712273,31215.50842646724
climatology,A,2015-05-01,2015,5,dominio_inteiro,78561,334749.0189158285,-6203.289924692363,98484.1557868747,318962.7483269717,67475.78503925544
climatology,A,2015-05-01,2015,5,lat_menor_que_menos35,26100,38784.74790449707,-5078.5259937644005,19877.353371679783,27477.698625858116,17451.68248953376
climatology,A,2015-05-01,2015,5,lat_menos35_a_menos15,20880,29454.020494319702,-4859.345497308299,16882.449850973673,26544.523225506007,18808.59412325443
climatology,A,2015-05-01,2015,5,lat_maior_igual_menos15,31581,266510.25051701174,3734.581566380337,61724.35256422125,264940.52647560765,31215.50842646724
climatology,A,2015-06-01,2015,6,dominio_inteiro,78561,238464.28620658783,9248.98515542224,76011.6435988918,225779.9040330444,67475.78503925544
climatology,A,2015-06-01,2015,6,lat_menor_que_menos35,26100,30401.59547153649,-1062.627030313015,19802.57276713848,21288.039431392142,17451.68248953376
climatology,A,2015-06-01,2015,6,lat_menos35_a_menos15,20880,17314.782434260193,4421.009831496514,12462.229528048076,14897.350670020714,18808.59412325443
climatology,A,2015-06-01,2015,6,lat_maior_igual_menos15,31581,190747.9083007912,5890.602354238741,43746.84130370524,189594.5139316316,31215.50842646724
climatology,A,2015-07-01,2015,7,dominio_inteiro,78561,308947.0633916516,-24145.166838202626,83361.35061912797,286505.3122640068,67475.78503925544
climatology,A,2015-07-01,2015,7,lat_menor_que_menos35,26100,45471.93899937726,-12322.36436522007,23022.13496118784,33068.99034427144,17451.68248953376
climatology,A,2015-07-01,2015,7,lat_menos35_a_menos15,20880,71244.71803015134,-10628.315095733851,20060.37749063224,62547.65887897642,18808.59412325443
climatology,A,2015-07-01,2015,7,lat_maior_igual_menos15,31581,192230.4063621229,-1194.4873772487044,40278.8381673079,190888.66304075893,31215.50842646724
climatology,A,2015-08-01,2015,8,dominio_inteiro,78561,219914.65884839825,-10203.421165345935,78954.28989452939,199374.03616793343,67475.78503925544
climatology,A,2015-08-01,2015,8,lat_menor_que_menos35,26100,49557.34155443202,-20364.900391459465,23761.58234834671,36746.55123978444,17451.68248953376
climatology,A,2015-08-01,2015,8,lat_menos35_a_menos15,20880,45619.07691984135,-1846.298598308349,19686.55038906657,39136.370251073706,18808.59412325443
climatology,A,2015-08-01,2015,8,lat_maior_igual_menos15,31581,124738.24037412489,12007.77782442188,35506.157157116104,123491.11467707533,31215.50842646724
climatology,A,2015-09-01,2015,9,dominio_inteiro,78561,239864.7104044528,23697.18699628464,89827.4978222379,225494.0638529153,67475.78503925544
climatology,A,2015-09-01,2015,9,lat_menor_que_menos35,26100,27653.8233076941,1829.3095400631428,19003.6602576077,19907.9154178874,17451.68248953376
climatology,A,2015-09-01,2015,9,lat_menos35_a_menos15,20880,42928.99476407518,-9142.709236247232,19905.899813656,37815.02843901849,18808.59412325443
climatology,A,2015-09-01,2015,9,lat_maior_igual_menos15,31581,169281.8923326835,31010.58669246873,50917.937750974204,167771.11999600945,31215.50842646724
climatology,A,2015-10-01,2015,10,dominio_inteiro,78561,242175.8444665499,27711.321957787262,89180.96017596754,226509.514129906,67475.78503925544
climatology,A,2015-10-01,2015,10,lat_menor_que_menos35,26100,30260.179262893704,221.60397627949715,19759.18891718984,21288.733577183728,17451.68248953376
climatology,A,2015-10-01,2015,10,lat_menos35_a_menos15,20880,42287.7064213879,2675.507231589174,20179.763529778225,37190.0527690282,18808.59412325443
climatology,A,2015-10-01,2015,10,lat_maior_igual_menos15,31581,169627.95878226828,24814.210749918595,49242.00772899948,168030.7277836941,31215.50842646724
climatology,A,2015-11-01,2015,11,dominio_inteiro,78561,247801.66021212,21709.17250457959,84427.62147858588,236220.6761607777,67475.78503925544
climatology,A,2015-11-01,2015,11,lat_menor_que_menos35,26100,11381.20606382334,3616.950760245323,12442.052436292171,8003.996111096029,17451.68248953376
climatology,A,2015-11-01,2015,11,lat_menos35_a_menos15,20880,78504.44262111465,-5360.422122815682,25124.625736205257,71573.21651293294,18808.59412325443
climatology,A,2015-11-01,2015,11,lat_maior_igual_menos15,31581,157916.01152718204,23452.64386714995,46860.94330608845,156643.4635367487,31215.50842646724
climatology,A,2015-12-01,2015,12,dominio_inteiro,78561,445777.99325118895,48679.66334673,110733.66653722088,425367.2693864044,67475.78503925544
climatology,A,2015-12-01,2015,12,lat_menor_que_menos35,26100,23406.851075458853,-143.4295174330473,16029.18509413302,16904.382420929956,17451.68248953376
climatology,A,2015-12-01,2015,12,lat_menos35_a_menos15,20880,128813.17714701414,8639.836129691277,33779.41328750487,117095.38781728449,18808.59412325443
climatology,A,2015-12-01,2015,12,lat_maior_igual_menos15,31581,293557.9650287159,40183.25673447177,60925.068155582994,291367.49914819014,31215.50842646724
climatology,A,2016-01-01,2016,1,dominio_inteiro,78561,609105.1441551499,18528.184278694916,134992.09299099818,576560.9621173741,67475.78503925544
climatology,A,2016-01-01,2016,1,lat_menor_que_menos35,26100,49373.24692462531,3325.378714643419,21633.887139596045,33637.85711389993,17451.68248953376
climatology,A,2016-01-01,2016,1,lat_menos35_a_menos15,20880,156618.5260066338,-14566.340904530138,36508.863419497386,143232.35365454396,18808.59412325443
climatology,A,2016-01-01,2016,1,lat_maior_igual_menos15,31581,403113.3712238908,29769.14646858163,76849.34243190475,399690.7513489301,31215.50842646724
climatology,A,2016-02-01,2016,2,dominio_inteiro,78561,250932.6695252852,23286.379979543504,88800.27923372958,237773.0915747285,67475.78503925544
climatology,A,2016-02-01,2016,2,lat_menor_que_menos35,26100,22422.80141562545,-6813.650075644255,17453.118269711733,15570.211800223253,17451.68248953376
climatology,A,2016-02-01,2016,2,lat_menos35_a_menos15,20880,50593.437118754126,1815.608058543992,20950.773567967237,45739.46234375007,18808.59412325443
climatology,A,2016-02-01,2016,2,lat_maior_igual_menos15,31581,177916.4309909056,28284.421996643767,50396.38739605062,176463.41743075513,31215.50842646724
climatology,A,2016-03-01,2016,3,dominio_inteiro,78561,292165.31593030854,6503.647845135769,94739.59368187073,272901.6864685957,67475.78503925544
climatology,A,2016-03-01,2016,3,lat_menor_que_menos35,26100,35558.518484194705,7472.402735412121,22530.902639985085,26027.93633143781,17451.68248953376
climatology,A,2016-03-01,2016,3,lat_menos35_a_menos15,20880,74340.71573642967,1433.2629312218633,25523.67836370948,65562.74974120625,18808.59412325443
climatology,A,2016-03-01,2016,3,lat_maior_igual_menos15,31581,182266.0817096841,-2402.017821498215,46685.012678176165,181311.00039595165,31215.50842646724
climatology,A,2016-04-01,2016,4,dominio_inteiro,78561,328052.507256704,1530.7435496356338,100158.45633947664,300087.59105933784,67475.78503925544
climatology,A,2016-04-01,2016,4,lat_menor_que_menos35,26100,53188.13351454322,-4156.247289150953,23092.354052454237,38204.56233801167,17451.68248953376
climatology,A,2016-04-01,2016,4,lat_menos35_a_menos15,20880,88716.76915163264,-3252.031454272568,26029.489264300093,76685.2960292963,18808.59412325443
climatology,A,2016-04-01,2016,4,lat_maior_igual_menos15,31581,186147.6045905281,8939.022293059155,51036.613022722304,185197.7326920299,31215.50842646724
climatology,A,2016-05-01,2016,5,dominio_inteiro,78561,349656.3316327328,36439.57239525393,103085.41849388929,306476.3868540545,67475.78503925544
climatology,A,2016-05-01,2016,5,lat_menor_que_menos35,26100,119328.14515362664,28445.600059092045,37354.09995537996,80553.78023549232,17451.68248953376
climatology,A,2016-05-01,2016,5,lat_menos35_a_menos15,20880,30933.694715573714,-5033.576072869822,17288.972727978602,27275.81870306463,18808.59412325443
climatology,A,2016-05-01,2016,5,lat_maior_igual_menos15,31581,199394.4917635324,13027.548409031704,48442.34581053071,198646.7879154976,31215.50842646724
climatology,A,2016-06-01,2016,6,dominio_inteiro,78561,254032.5506173816,37756.14534218982,90707.7981020352,221673.1653621745,67475.78503925544
climatology,A,2016-06-01,2016,6,lat_menor_que_menos35,26100,97290.81994210654,24471.133040487766,32523.693340718743,71516.78136485371,17451.68248953376
climatology,A,2016-06-01,2016,6,lat_menos35_a_menos15,20880,50826.78827259774,114.28337580803782,21795.3106117025,44850.85041812736,18808.59412325443
climatology,A,2016-06-01,2016,6,lat_maior_igual_menos15,31581,105914.94240267732,13170.728925894016,36388.79414961394,105305.53357919343,31215.50842646724
climatology,A,2016-07-01,2016,7,dominio_inteiro,78561,169672.265647549,7424.695527520031,70250.08332901075,156747.60125545211,67475.78503925544
climatology,A,2016-07-01,2016,7,lat_menor_que_menos35,26100,36283.07369975928,1924.2462762594223,22513.454357862476,26380.41046497384,17451.68248953376
climatology,A,2016-07-01,2016,7,lat_menos35_a_menos15,20880,15623.635012903642,1691.690321136266,12091.039264895022,13550.713071178756,18808.59412325443
climatology,A,2016-07-01,2016,7,lat_maior_igual_menos15,31581,117765.55693488606,3808.7589301243424,35645.58970625326,116816.47771929952,31215.50842646724
climatology,A,2016-08-01,2016,8,dominio_inteiro,78561,153907.67658746112,11701.487968565198,64658.76098685269,142488.13672462665,67475.78503925544
climatology,A,2016-08-01,2016,8,lat_menor_que_menos35,26100,30114.366687801303,1883.3715506792068,18664.08187508583,21994.98450407015,17451.68248953376
climatology,A,2016-08-01,2016,8,lat_menos35_a_menos15,20880,20235.838200406968,-3104.8263540456537,13698.177338977112,17866.82826317405,18808.59412325443
climatology,A,2016-08-01,2016,8,lat_maior_igual_menos15,31581,103557.47169925284,12922.942771931645,32296.50177278975,102626.32395738244,31215.50842646724
climatology,A,2016-09-01,2016,9,dominio_inteiro,78561,168193.07616373646,10919.065048042452,75471.6186001075,152018.00272031047,67475.78503925544
climatology,A,2016-09-01,2016,9,lat_menor_que_menos35,26100,35370.30323910802,10384.779053002596,23464.66669377685,24026.94313929342,17451.68248953376
climatology,A,2016-09-01,2016,9,lat_menos35_a_menos15,20880,33577.73031667686,9270.882148640463,17277.203990100184,29789.914818009347,18808.59412325443
climatology,A,2016-09-01,2016,9,lat_maior_igual_menos15,31581,99245.04260795156,-8736.596153600607,34729.747916230466,98201.14476300767,31215.50842646724
climatology,A,2016-10-01,2016,10,dominio_inteiro,78561,168632.82490783214,-3219.0502803719137,65476.40010439954,157900.99805171473,67475.78503925544
climatology,A,2016-10-01,2016,10,lat_menor_que_menos35,26100,22043.952227639296,1365.7156095802784,17155.281127244234,16090.26815031034,17451.68248953376
climatology,A,2016-10-01,2016,10,lat_menos35_a_menos15,20880,30884.60817987085,-101.14415085711516,15785.837941625854,27550.54976709701,18808.59412325443
climatology,A,2016-10-01,2016,10,lat_maior_igual_menos15,31581,115704.26450032197,-4483.621739095077,32535.28103552945,114260.18013430736,31215.50842646724
climatology,A,2016-11-01,2016,11,dominio_inteiro,78561,273594.3833968317,-3505.24399932666,84760.04446559417,261985.270872482,67475.78503925544
climatology,A,2016-11-01,2016,11,lat_menor_que_menos35,26100,18836.652421003902,-4995.691527962685,16553.751399934292,13304.140421912944,17451.68248953376
climatology,A,2016-11-01,2016,11,lat_menos35_a_menos15,20880,30750.07933561065,4684.909832140373,16891.469115205284,27863.995361480516,18808.59412325443
climatology,A,2016-11-01,2016,11,lat_maior_igual_menos15,31581,224007.6516402171,-3194.462303504348,51314.82395045459,220817.1350890885,31215.50842646724
climatology,A,2016-12-01,2016,12,dominio_inteiro,78561,251740.61596121255,-21822.137190379377,91473.57720230584,239410.12827801864,67475.78503925544
climatology,A,2016-12-01,2016,12,lat_menor_que_menos35,26100,22157.85465077391,-3716.236829444766,15972.235428020358,15554.352691394048,17451.68248953376
climatology,A,2016-12-01,2016,12,lat_menos35_a_menos15,20880,44956.770782124295,11229.68941643444,21279.198397171396,40614.8492050237,18808.59412325443
climatology,A,2016-12-01,2016,12,lat_maior_igual_menos15,31581,184625.9905283144,-29335.58977736905,54222.14337711409,183240.92638160085,31215.50842646724
unet,B,2017-01-01,2017,1,dominio_inteiro,78561,242644.75073974943,7032.051331724972,89050.34101918712,228746.92754117685,67475.78503925544
unet,B,2017-01-01,2017,1,lat_menor_que_menos35,26100,22260.172169140544,-8871.983211509883,16576.76945308596,15454.354624828931,17451.68248953376
unet,B,2017-01-01,2017,1,lat_menos35_a_menos15,20880,70220.62513612212,14590.487100686878,26409.104170221835,64154.19180988103,18808.59412325443
unet,B,2017-01-01,2017,1,lat_maior_igual_menos15,31581,150163.95343448676,1313.547442547977,46064.46739587933,149138.3811064669,31215.50842646724
unet,B,2017-02-01,2017,2,dominio_inteiro,78561,286488.2174097556,-10807.36615701206,92529.4147395473,265508.2376978103,67475.78503925544
unet,B,2017-02-01,2017,2,lat_menor_que_menos35,26100,53324.56317413356,-9621.321484871209,25181.44091071933,38830.93282340227,17451.68248953376
unet,B,2017-02-01,2017,2,lat_menos35_a_menos15,20880,50948.44009972896,7520.497333308682,21126.21054256521,45468.03677694528,18808.59412325443
unet,B,2017-02-01,2017,2,lat_maior_igual_menos15,31581,182215.21413589315,-8706.542005449533,46221.76328626275,181209.2680974627,31215.50842646724
unet,B,2017-03-01,2017,3,dominio_inteiro,78561,233607.80196739256,-7659.981453272514,83513.97941623162,217330.83416430725,67475.78503925544
unet,B,2017-03-01,2017,3,lat_menor_que_menos35,26100,34660.401373256806,220.70669075846672,22148.84399560094,23178.943010522136,17451.68248953376
unet,B,2017-03-01,2017,3,lat_menos35_a_menos15,20880,38740.826836137,-197.741462867707,19163.73963637277,34722.40944413488,18808.59412325443
unet,B,2017-03-01,2017,3,lat_maior_igual_menos15,31581,160206.57375799876,-7682.946681163274,42201.39578425791,159429.48170965022,31215.50842646724
unet,B,2017-04-01,2017,4,dominio_inteiro,78561,198938.9202863575,8960.828345444053,83851.34873490408,180887.63949192097,67475.78503925544
unet,B,2017-04-01,2017,4,lat_menor_que_menos35,26100,44454.12759151091,-3890.769597738981,26498.892794579268,30512.335587412497,17451.68248953376
unet,B,2017-04-01,2017,4,lat_menos35_a_menos15,20880,32518.635045201263,-3963.93432507664,17038.865879163146,29047.78542572201,18808.59412325443
unet,B,2017-04-01,2017,4,lat_maior_igual_menos15,31581,121966.15764964528,16815.532268259674,40313.59006116167,121327.51847878649,31215.50842646724
unet,B,2017-05-01,2017,5,dominio_inteiro,78561,290779.4341097316,-16052.648471184077,94618.95654378086,272748.6865811709,67475.78503925544
unet,B,2017-05-01,2017,5,lat_menor_que_menos35,26100,33640.41196908233,1612.9799498915672,21539.726315438747,24365.315716597852,17451.68248953376
unet,B,2017-05-01,2017,5,lat_menos35_a_menos15,20880,65508.01966849383,-12549.139214795085,22198.769835758954,57876.66815391649,18808.59412325443
unet,B,2017-05-01,2017,5,lat_maior_igual_menos15,31581,191631.00247215547,-5116.489206280559,50880.46039258316,190506.7027106565,31215.50842646724
unet,B,2017-06-01,2017,6,dominio_inteiro,78561,251132.54289347527,-19329.317824417725,80849.74928830005,238768.8461705322,67475.78503925544
unet,B,2017-06-01,2017,6,lat_menor_que_menos35,26100,30322.67530733658,-4231.037890970707,20779.867235958576,22250.54670353223,17451.68248953376
unet,B,2017-06-01,2017,6,lat_menos35_a_menos15,20880,22368.66830901744,4542.238399984315,14011.835537431762,19201.87739333581,18808.59412325443
unet,B,2017-06-01,2017,6,lat_maior_igual_menos15,31581,198441.19927712125,-19640.518333431333,46058.046514909714,197316.42207366417,31215.50842646724
unet,B,2017-07-01,2017,7,dominio_inteiro,78561,283170.8483852249,2258.701902870089,90443.32446298748,262269.7538607845,67475.78503925544
unet,B,2017-07-01,2017,7,lat_menor_que_menos35,26100,51384.38679444323,-212.00645849108696,25573.226892977957,36672.86526320568,17451.68248953376
unet,B,2017-07-01,2017,7,lat_menos35_a_menos15,20880,36570.50166109032,14355.151140972972,18328.362179607157,31714.864119451267,18808.59412325443
unet,B,2017-07-01,2017,7,lat_maior_igual_menos15,31581,195215.9599296914,-11884.442779611796,46541.73539040238,193882.02447812763,31215.50842646724
unet,B,2017-08-01,2017,8,dominio_inteiro,78561,151009.28369056797,-1242.5295619494282,67177.13741656998,135319.98862109933,67475.78503925544
unet,B,2017-08-01,2017,8,lat_menor_que_menos35,26100,44629.12682892973,-12337.286505192518,23903.19718542695,31940.775034429345,17451.68248953376
unet,B,2017-08-01,2017,8,lat_menos35_a_menos15,20880,17080.060422102953,-3057.289867915213,11346.191157475114,14823.131123060472,18808.59412325443
unet,B,2017-08-01,2017,8,lat_maior_igual_menos15,31581,89300.09643953532,14152.046811158303,31927.74907366792,88556.0824636095,31215.50842646724
unet,B,2017-09-01,2017,9,dominio_inteiro,78561,236625.37082677797,-473.3593955384568,84075.2255397914,217432.9909960613,67475.78503925544
unet,B,2017-09-01,2017,9,lat_menor_que_menos35,26100,36839.53194140668,-6856.7028895020485,21146.817159950733,25018.411352418927,17451.68248953376
unet,B,2017-09-01,2017,9,lat_menos35_a_menos15,20880,50962.47801540743,14037.036763007753,22395.050381827168,45037.59199949745,18808.59412325443
unet,B,2017-09-01,2017,9,lat_maior_igual_menos15,31581,148823.3608699639,-7653.693269044161,40533.3579980135,147376.98764414492,31215.50842646724
unet,B,2017-10-01,2017,10,dominio_inteiro,78561,256421.34797782364,-10388.120638483204,90098.68851932044,235806.6088962764,67475.78503925544
unet,B,2017-10-01,2017,10,lat_menor_que_menos35,26100,48620.2177060927,-16380.062720835209,23350.61711281538,34989.96512912212,17451.68248953376
unet,B,2017-10-01,2017,10,lat_menos35_a_menos15,20880,45167.29671727408,3974.814281917177,21251.08133395668,40258.03607882772,18808.59412325443
unet,B,2017-10-01,2017,10,lat_maior_igual_menos15,31581,162633.83355445685,2017.127800434828,45496.99007254839,160558.60768832656,31215.50842646724
unet,B,2017-11-01,2017,11,dominio_inteiro,78561,195726.6022785477,16331.31278682733,75726.47942983685,183563.9457386582,67475.78503925544
unet,B,2017-11-01,2017,11,lat_menor_que_menos35,26100,22284.847539365237,-6278.322268456221,15982.621541708708,16332.697777678244,17451.68248953376
unet,B,2017-11-01,2017,11,lat_menos35_a_menos15,20880,41712.34223647022,2665.518776024226,20068.94832637487,36697.43760898387,18808.59412325443
unet,B,2017-11-01,2017,11,lat_maior_igual_menos15,31581,131729.41250271228,19944.116279259324,39674.90956175327,130533.81035199609,31215.50842646724
unet,B,2017-12-01,2017,12,dominio_inteiro,78561,245439.9249373419,2599.6834507193416,80423.92796088196,230924.43223326767,67475.78503925544
unet,B,2017-12-01,2017,12,lat_menor_que_menos35,26100,15060.5374500932,1210.1673496589065,13674.806396998463,10490.786055972074,17451.68248953376
unet,B,2017-12-01,2017,12,lat_menos35_a_menos15,20880,110033.76020652863,-2111.670448726043,27942.90703473054,100981.66664270149,18808.59412325443
unet,B,2017-12-01,2017,12,lat_maior_igual_menos15,31581,120345.62728072007,3501.1865497864783,38806.21452915296,119451.9795345941,31215.50842646724
unet,B,2018-01-01,2018,1,dominio_inteiro,78561,209269.94706710795,12713.83268953301,79531.34016261157,196761.1695746469,67475.78503925544
unet,B,2018-01-01,2018,1,lat_menor_que_menos35,26100,23186.26459615365,-3260.446881197393,17402.625885732472,15860.552003097424,17451.68248953376
unet,B,2018-01-01,2018,1,lat_menos35_a_menos15,20880,41706.87587374471,2183.3620863277465,19103.505007280968,37552.11016216481,18808.59412325443
unet,B,2018-01-01,2018,1,lat_maior_igual_menos15,31581,144376.80659720965,13790.917484402657,43025.20926959813,143348.50740938462,31215.50842646724
unet,B,2018-02-01,2018,2,dominio_inteiro,78561,440947.1937815492,2007.4438436722849,114352.89734317572,422875.83344740194,67475.78503925544
unet,B,2018-02-01,2018,2,lat_menor_que_menos35,26100,26508.25947627801,5268.88451564312,20533.176599770784,18864.25971542671,17451.68248953376
unet,B,2018-02-01,2018,2,lat_menos35_a_menos15,20880,99631.87291402023,102.12240766943432,30574.74675059528,90453.1331117041,18808.59412325443
unet,B,2018-02-01,2018,2,lat_maior_igual_menos15,31581,314807.061391251,-3363.5630796402693,63244.97399280965,313558.44062027114,31215.50842646724
unet,B,2018-03-01,2018,3,dominio_inteiro,78561,260814.99753825716,26712.0223904904,92008.80548655055,241468.69070975453,67475.78503925544
unet,B,2018-03-01,2018,3,lat_menor_que_menos35,26100,39903.91265953508,-11523.826949238775,22774.275585234165,27708.47237004631,17451.68248953376
unet,B,2018-03-01,2018,3,lat_menos35_a_menos15,20880,62269.68211969228,5927.65626292862,23610.43702987768,55636.93464832212,18808.59412325443
unet,B,2018-03-01,2018,3,lat_maior_igual_menos15,31581,158641.40275902976,32308.193076800555,45624.09287143871,158123.28369138605,31215.50842646724
unet,B,2018-04-01,2018,4,dominio_inteiro,78561,249894.14169055625,4059.520018667914,87863.47371476796,234559.24848832024,67475.78503925544
unet,B,2018-04-01,2018,4,lat_menor_que_menos35,26100,34782.782183381416,-6806.3753806352615,21150.324463129044,24464.819442108907,17451.68248953376
unet,B,2018-04-01,2018,4,lat_menos35_a_menos15,20880,42118.94239155313,15347.762474150397,20498.986330031417,37632.4872368786,18808.59412325443
unet,B,2018-04-01,2018,4,lat_maior_igual_menos15,31581,172992.41711562173,-4481.867074847221,46214.16292160749,172461.94180933273,31215.50842646724
unet,B,2018-05-01,2018,5,dominio_inteiro,78561,483260.9037659125,-18669.036039704457,97499.6745070964,470734.18428425945,67475.78503925544
unet,B,2018-05-01,2018,5,lat_menor_que_menos35,26100,26763.585101766093,-4490.787813127041,18441.079581797123,19640.13986965884,17451.68248953376
unet,B,2018-05-01,2018,5,lat_menos35_a_menos15,20880,35953.66489632723,3926.660542148165,18408.854888639413,31418.157759433685,18808.59412325443
unet,B,2018-05-01,2018,5,lat_maior_igual_menos15,31581,420543.6537678192,-18104.90876872558,60649.740036659874,419675.886655167,31215.50842646724
unet,B,2018-06-01,2018,6,dominio_inteiro,78561,205568.53138567653,18215.71850599069,73410.55051854346,197770.9270727979,67475.78503925544
unet,B,2018-06-01,2018,6,lat_menor_que_menos35,26100,18743.89686766545,1371.650680243969,16313.209503233433,13353.95177180364,17451.68248953376
unet,B,2018-06-01,2018,6,lat_menos35_a_menos15,20880,12810.510515435151,8340.29142142646,11923.45303173922,11228.033535479844,18808.59412325443
unet,B,2018-06-01,2018,6,lat_maior_igual_menos15,31581,174014.12400257593,8503.776404320262,45173.88798357081,173188.9417655144,31215.50842646724
unet,B,2018-07-01,2018,7,dominio_inteiro,78561,151797.2041143665,16266.59627404809,68161.01412378252,140079.73638007845,67475.78503925544
unet,B,2018-07-01,2018,7,lat_menor_que_menos35,26100,28690.71030505231,7775.935383141041,19358.201551496983,20758.7804343219,17451.68248953376
unet,B,2018-07-01,2018,7,lat_menos35_a_menos15,20880,24666.298592003943,-731.5658805891871,14593.609326176344,21532.48094980458,18808.59412325443
unet,B,2018-07-01,2018,7,lat_maior_igual_menos15,31581,98440.19521731025,9222.226771496236,34209.20324610919,97788.47499595195,31215.50842646724
unet,B,2018-08-01,2018,8,dominio_inteiro,78561,165752.00570082583,6605.912129406817,66834.45034938771,153207.7012483179,67475.78503925544
unet,B,2018-08-01,2018,8,lat_menor_que_menos35,26100,28115.195021754964,1215.3067404031754,20453.866007208824,19225.63026962832,17451.68248953376
unet,B,2018-08-01,2018,8,lat_menos35_a_menos15,20880,26613.901659034196,-3787.50655670464,15258.700327431785,23828.425050794365,18808.59412325443
unet,B,2018-08-01,2018,8,lat_maior_igual_menos15,31581,111022.90902003668,9178.111945708282,31121.884014747106,110153.6459278952,31215.50842646724
unet,B,2018-09-01,2018,9,dominio_inteiro,78561,172430.64528916325,-11817.397909873163,71553.42780044582,157199.4066075854,67475.78503925544
unet,B,2018-09-01,2018,9,lat_menor_que_menos35,26100,37215.76345822815,-9801.586607068775,22227.666309565306,26441.60212901342,17451.68248953376
unet,B,2018-09-01,2018,9,lat_menos35_a_menos15,20880,32549.671302961626,-4298.041479093023,15291.413195396774,28946.116016730797,18808.59412325443
unet,B,2018-09-01,2018,9,lat_maior_igual_menos15,31581,102665.21052797348,2282.2301762886345,34034.34829548374,101811.6884618412,31215.50842646724
unet,B,2018-10-01,2018,10,dominio_inteiro,78561,222855.89158956576,-8663.319135260303,73567.37703170348,211904.81521675503,67475.78503925544
unet,B,2018-10-01,2018,10,lat_menor_que_menos35,26100,20517.72704398844,-646.5204650461674,16091.529117375612,14556.009719324224,17451.68248953376
unet,B,2018-10-01,2018,10,lat_menos35_a_menos15,20880,34020.423167846144,-8556.304964907933,17576.12320625875,30491.241552618678,18808.59412325443
unet,B,2018-10-01,2018,10,lat_maior_igual_menos15,31581,168317.7413777312,539.5062946937978,39899.72470806912,166857.56394481217,31215.50842646724
unet,B,2018-11-01,2018,11,dominio_inteiro,78561,304998.12986100704,-29864.537151699653,91706.5797363876,292507.7803498019,67475.78503925544
unet,B,2018-11-01,2018,11,lat_menor_que_menos35,26100,25179.5968642576,-9653.262329399586,18267.94929844141,18102.014876913967,17451.68248953376
unet,B,2018-11-01,2018,11,lat_menos35_a_menos15,20880,44946.687425428565,139.04712076322176,19365.726146051893,41355.19628011497,18808.59412325443
unet,B,2018-11-01,2018,11,lat_maior_igual_menos15,31581,234871.84557132088,-20350.32194306329,54072.90429189429,233050.56919277305,31215.50842646724
unet,B,2018-12-01,2018,12,dominio_inteiro,78561,425547.1630781202,21146.462848380208,110391.13412777334,412141.31060236617,67475.78503925544
unet,B,2018-12-01,2018,12,lat_menor_que_menos35,26100,17186.82786893328,3425.064551979304,16146.873903930187,11946.754224884038,17451.68248953376
unet,B,2018-12-01,2018,12,lat_menos35_a_menos15,20880,72331.00604530593,13496.078883741053,26709.35846586898,65678.91924026658,18808.59412325443
unet,B,2018-12-01,2018,12,lat_maior_igual_menos15,31581,336029.329163881,4225.319412659854,67534.90175797418,334515.6371372156,31215.50842646724
hybrid,B,2017-01-01,2017,1,dominio_inteiro,78561,241947.17176402023,-1578.1049487042678,89024.15611360785,226971.60068450903,67475.78503925544
hybrid,B,2017-01-01,2017,1,lat_menor_que_menos35,26100,26757.99800720077,-9640.994332255284,17362.734700732122,18558.404601948117,17451.68248953376
hybrid,B,2017-01-01,2017,1,lat_menos35_a_menos15,20880,65099.0057578484,13485.899972946989,25526.43425635509,59272.3597598607,18808.59412325443
hybrid,B,2017-01-01,2017,1,lat_maior_igual_menos15,31581,150090.16799897104,-5423.010589395973,46134.98715652063,149140.83632270026,31215.50842646724
hybrid,B,2017-02-01,2017,2,dominio_inteiro,78561,285810.9716761311,-16548.780484121122,91336.44573545973,265608.10589805833,67475.78503925544
hybrid,B,2017-02-01,2017,2,lat_menor_que_menos35,26100,51905.00256117272,-9761.759518329758,24376.91756653008,37787.47098700631,17451.68248953376
hybrid,B,2017-02-01,2017,2,lat_menos35_a_menos15,20880,46910.55032961114,7192.496794129737,20341.72388342812,41894.70047454598,18808.59412325443
hybrid,B,2017-02-01,2017,2,lat_maior_igual_menos15,31581,186995.4187853473,-13979.517759921098,46617.80428550152,185925.93443650607,31215.50842646724
hybrid,B,2017-03-01,2017,3,dominio_inteiro,78561,230190.68764606124,-18735.40652954488,82162.04554652564,214252.0450767228,67475.78503925544
hybrid,B,2017-03-01,2017,3,lat_menor_que_menos35,26100,34690.15137512831,64.49537116012061,22209.622154243232,23227.70375132009,17451.68248953376
hybrid,B,2017-03-01,2017,3,lat_menos35_a_menos15,20880,36400.07965151395,-811.117178965691,18229.85662204926,32648.180607876053,18808.59412325443
hybrid,B,2017-03-01,2017,3,lat_maior_igual_menos15,31581,159100.45661941898,-17988.78472173931,41722.56677023313,158376.16071752668,31215.50842646724
hybrid,B,2017-04-01,2017,4,dominio_inteiro,78561,178148.3645344378,-93.33363117656268,79450.81459938326,160205.75810832233,67475.78503925544
hybrid,B,2017-04-01,2017,4,lat_menor_que_menos35,26100,44424.701176708375,-5536.281751955382,26464.43138452549,30443.92271526367,17451.68248953376
hybrid,B,2017-04-01,2017,4,lat_menos35_a_menos15,20880,31879.35985869045,-4012.194429230231,16486.065803134803,28491.699735647115,18808.59412325443
hybrid,B,2017-04-01,2017,4,lat_maior_igual_menos15,31581,101844.303499039,9455.14255000905,36500.31741172296,101270.13565741156,31215.50842646724
hybrid,B,2017-05-01,2017,5,dominio_inteiro,78561,265359.3166485098,-17257.596837274927,89651.68461872148,247226.03423341404,67475.78503925544
hybrid,B,2017-05-01,2017,5,lat_menor_que_menos35,26100,33989.56756278055,1231.1083215393564,21271.13377467629,24560.8025961366,17451.68248953376
hybrid,B,2017-05-01,2017,5,lat_menos35_a_menos15,20880,65808.84792682085,-12157.814921103036,22263.125487061257,58119.4501672976,18808.59412325443
hybrid,B,2017-05-01,2017,5,lat_maior_igual_menos15,31581,165560.90115890844,-6330.890237711249,46117.42535698394,164545.78146997982,31215.50842646724
hybrid,B,2017-06-01,2017,6,dominio_inteiro,78561,218316.4294739323,-16397.80313447181,75799.55661576526,207514.42181546715,67475.78503925544
hybrid,B,2017-06-01,2017,6,lat_menor_que_menos35,26100,26042.80283055164,-5884.054772145763,19002.4509465871,19191.03829981351,17451.68248953376
hybrid,B,2017-06-01,2017,6,lat_menos35_a_menos15,20880,20788.29105444336,4374.242847641321,13968.606331459538,17892.45313976603,18808.59412325443
hybrid,B,2017-06-01,2017,6,lat_maior_igual_menos15,31581,171485.3355889373,-14887.991209967367,42828.49933771862,170430.9303758876,31215.50842646724
hybrid,B,2017-07-01,2017,7,dominio_inteiro,78561,294951.5492607523,-1434.8904519676753,92579.47571328645,272642.07255513617,67475.78503925544
hybrid,B,2017-07-01,2017,7,lat_menor_que_menos35,26100,53491.97118469264,-3488.926019372685,26008.59050247366,37786.395102033945,17451.68248953376
hybrid,B,2017-07-01,2017,7,lat_menos35_a_menos15,20880,39744.9100438133,15854.697909245671,19290.463639952788,34534.951370181865,18808.59412325443
hybrid,B,2017-07-01,2017,7,lat_maior_igual_menos15,31581,201714.66803224632,-13800.662341840663,47280.42157086,200320.7260829204,31215.50842646724
hybrid,B,2017-08-01,2017,8,dominio_inteiro,78561,147856.40672087765,117.65616693703214,66233.0553617031,131826.67357024123,67475.78503925544
hybrid,B,2017-08-01,2017,8,lat_menor_que_menos35,26100,45906.781294237895,-12288.174950626688,24020.208546542268,32810.27917359314,17451.68248953376
hybrid,B,2017-08-01,2017,8,lat_menos35_a_menos15,20880,16503.824230212012,-1566.1774758136748,11177.61243086518,14299.67829517814,18808.59412325443
hybrid,B,2017-08-01,2017,8,lat_maior_igual_menos15,31581,85445.80119642774,13972.008593377395,31035.23438429564,84716.71610146994,31215.50842646724
hybrid,B,2017-09-01,2017,9,dominio_inteiro,78561,228042.38070698915,1169.0773629221285,82128.18711687284,209919.52344115477,67475.78503925544
hybrid,B,2017-09-01,2017,9,lat_menor_que_menos35,26100,34401.11388177776,-6410.265272450457,20567.07934566046,23407.64037808364,17451.68248953376
hybrid,B,2017-09-01,2017,9,lat_menos35_a_menos15,20880,49381.273347499264,14270.8189918779,22026.82929478176,43644.89834012141,18808.59412325443
hybrid,B,2017-09-01,2017,9,lat_maior_igual_menos15,31581,144259.99347771212,-6691.476356505314,39534.27847643063,142866.98472294968,31215.50842646724
hybrid,B,2017-10-01,2017,10,dominio_inteiro,78561,253681.43636331128,-12150.505717245878,87846.6451202133,233974.7824581592,67475.78503925544
hybrid,B,2017-10-01,2017,10,lat_menor_que_menos35,26100,45740.171026886586,-15019.78851615654,22697.24167131628,32953.787856473005,17451.68248953376
hybrid,B,2017-10-01,2017,10,lat_menos35_a_menos15,20880,43900.91826951671,3350.3492666018515,20577.46880098623,39032.73624118726,18808.59412325443
hybrid,B,2017-10-01,2017,10,lat_maior_igual_menos15,31581,164040.34706690803,-481.0664676911879,44571.934647910806,161988.25836049893,31215.50842646724
hybrid,B,2017-11-01,2017,11,dominio_inteiro,78561,190242.1725013196,14703.864118656058,73756.59934814028,178183.22732663844,67475.78503925544
hybrid,B,2017-11-01,2017,11,lat_menor_que_menos35,26100,23659.89953438442,-5323.673110947878,16407.525788743733,17234.593507391375,17451.68248953376
hybrid,B,2017-11-01,2017,11,lat_menos35_a_menos15,20880,38873.402796221286,3037.5936465638715,19412.258129518534,34331.49172123169,18808.59412325443
hybrid,B,2017-11-01,2017,11,lat_maior_igual_menos15,31581,127708.8701707139,16989.94358304006,37936.81542987803,126617.14209801538,31215.50842646724
hybrid,B,2017-12-01,2017,12,dominio_inteiro,78561,246292.7032087809,-8049.969810504087,78956.43825528557,232142.04983890048,67475.78503925544
hybrid,B,2017-12-01,2017,12,lat_menor_que_menos35,26100,14843.592276422653,1549.6894905384288,13518.713260158163,10295.777624526168,17451.68248953376
hybrid,B,2017-12-01,2017,12,lat_menos35_a_menos15,20880,106184.9377979402,-3102.062667756046,27221.90631287174,97525.49714287106,18808.59412325443
hybrid,B,2017-12-01,2017,12,lat_maior_igual_menos15,31581,125264.17313441807,-6497.596633286471,38215.81868225565,124320.77507150325,31215.50842646724
hybrid,B,2018-01-01,2018,1,dominio_inteiro,78561,191979.01590516465,6710.674503678698,74650.62957649658,179947.352007918,67475.78503925544
hybrid,B,2018-01-01,2018,1,lat_menor_que_menos35,26100,21386.40320571816,-1711.6299337594005,16953.353886684003,14633.934933834931,17451.68248953376
hybrid,B,2018-01-01,2018,1,lat_menos35_a_menos15,20880,42372.42978898625,1260.0024257651817,18805.97321264264,38049.41810951564,18808.59412325443
hybrid,B,2018-01-01,2018,1,lat_maior_igual_menos15,31581,128220.18291046024,7162.302011672917,38891.302477169935,127263.99896456744,31215.50842646724
hybrid,B,2018-02-01,2018,2,dominio_inteiro,78561,448153.5811371636,-5488.698344605353,115769.99919009097,429737.28762652766,67475.78503925544
hybrid,B,2018-02-01,2018,2,lat_menor_que_menos35,26100,26984.88000318349,5497.065906681161,20789.307226951525,19181.628296263407,17451.68248953376
hybrid,B,2018-02-01,2018,2,lat_menos35_a_menos15,20880,101387.6027703475,-1221.8149247827505,30490.4039426778,92129.5298904955,18808.59412325443
hybrid,B,2018-02-01,2018,2,lat_maior_igual_menos15,31581,319781.09836363257,-9763.949326503764,64490.288020461616,318426.1294397688,31215.50842646724
hybrid,B,2018-03-01,2018,3,dominio_inteiro,78561,239096.50694181345,17895.364078479437,87779.92538309429,219106.90960278467,67475.78503925544
hybrid,B,2018-03-01,2018,3,lat_menor_que_menos35,26100,42287.05845934145,-11977.545211596604,22867.94774679776,29441.24331808038,17451.68248953376
hybrid,B,2018-03-01,2018,3,lat_menos35_a_menos15,20880,62073.26042947052,5299.585666111785,23525.19797885746,55416.93346097821,18808.59412325443
hybrid,B,2018-03-01,2018,3,lat_maior_igual_menos15,31581,134736.18805300145,24573.323623964254,41386.77965743907,134248.73282372614,31215.50842646724
hybrid,B,2018-04-01,2018,4,dominio_inteiro,78561,260502.1855080932,-10499.695416413986,85861.97330829367,245074.69468663557,67475.78503925544
hybrid,B,2018-04-01,2018,4,lat_menor_que_menos35,26100,36617.271345935726,-8837.268380258954,20792.2353765561,25703.66477508977,17451.68248953376
hybrid,B,2018-04-01,2018,4,lat_menos35_a_menos15,20880,37851.54935883051,13527.630505031162,19478.215494794877,33858.55726321449,18808.59412325443
hybrid,B,2018-04-01,2018,4,lat_maior_igual_menos15,31581,186033.36480332696,-15190.057541186192,45591.5224369427,185512.47264833128,31215.50842646724
hybrid,B,2018-05-01,2018,5,dominio_inteiro,78561,533779.687478226,-25568.82487781967,101805.9072494227,520618.9366549028,67475.78503925544
hybrid,B,2018-05-01,2018,5,lat_menor_que_menos35,26100,27939.66185194936,-5247.582500137475,18876.74443112641,20532.23651496093,17451.68248953376
hybrid,B,2018-05-01,2018,5,lat_menos35_a_menos15,20880,38662.492238857296,4338.723215043184,19023.220450594177,33814.02322210852,18808.59412325443
hybrid,B,2018-05-01,2018,5,lat_maior_igual_menos15,31581,467177.5333874194,-24659.965592725384,63905.94236770212,466272.6769178333,31215.50842646724
hybrid,B,2018-06-01,2018,6,dominio_inteiro,78561,221456.09798710624,8178.963961399824,73684.23203754857,213463.8888093064,67475.78503925544
hybrid,B,2018-06-01,2018,6,lat_menor_que_menos35,26100,19791.34717894511,-805.2930704701163,16328.157999631836,14176.768006018612,17451.68248953376
hybrid,B,2018-06-01,2018,6,lat_menos35_a_menos15,20880,11492.048286080671,7265.599368385536,11346.67736806486,10071.86447392906,18808.59412325443
hybrid,B,2018-06-01,2018,6,lat_maior_igual_menos15,31581,190172.70252208045,1718.657663484406,46009.39666985188,189215.2563293588,31215.50842646724
hybrid,B,2018-07-01,2018,7,dominio_inteiro,78561,151828.26060430214,8082.464526920389,65593.7231071679,140140.81542836974,67475.78503925544
hybrid,B,2018-07-01,2018,7,lat_menor_que_menos35,26100,28150.3425430039,6873.043816460292,18949.65627661137,20282.79965104413,17451.68248953376
hybrid,B,2018-07-01,2018,7,lat_menos35_a_menos15,20880,24733.29722386016,-2666.309025060624,14235.180829002573,21517.899919014308,18808.59412325443
hybrid,B,2018-07-01,2018,7,lat_maior_igual_menos15,31581,98944.62083743808,3875.7297355207215,32408.88600155394,98340.11585831131,31215.50842646724
hybrid,B,2018-08-01,2018,8,dominio_inteiro,78561,163564.89277026252,5148.378549886133,65880.31253298878,151673.14052159563,67475.78503925544
hybrid,B,2018-08-01,2018,8,lat_menor_que_menos35,26100,26115.94227901654,2707.5161217466234,19875.903161359984,17928.552786648197,17451.68248953376
hybrid,B,2018-08-01,2018,8,lat_menos35_a_menos15,20880,27299.88306943049,-4610.42964229522,15340.078036313987,24482.48908267414,18808.59412325443
hybrid,B,2018-08-01,2018,8,lat_maior_igual_menos15,31581,110149.06742181547,7051.292070434729,30664.331335314822,109262.09865227331,31215.50842646724
hybrid,B,2018-09-01,2018,9,dominio_inteiro,78561,165443.8474768502,-6180.057739674893,70280.49161072209,150790.2938303422,67475.78503925544
hybrid,B,2018-09-01,2018,9,lat_menor_que_menos35,26100,37064.64458367063,-7428.33993609674,21990.83669097082,26588.59844454874,17451.68248953376
hybrid,B,2018-09-01,2018,9,lat_menos35_a_menos15,20880,30783.337381707744,-3286.6589585998427,15214.932233493404,27398.20933057169,18808.59412325443
hybrid,B,2018-09-01,2018,9,lat_maior_igual_menos15,31581,97595.8655114718,4534.94115502169,33074.72268625787,96803.48605522176,31215.50842646724
hybrid,B,2018-10-01,2018,10,dominio_inteiro,78561,229816.77798289567,-3232.888922313625,74453.71437656366,218507.4352328673,67475.78503925544
hybrid,B,2018-10-01,2018,10,lat_menor_que_menos35,26100,21631.59318111457,227.6852076626712,16567.142501434104,15259.533185955805,17451.68248953376
hybrid,B,2018-10-01,2018,10,lat_menos35_a_menos15,20880,32958.07631829598,-8577.521213662436,17160.624049743106,29518.60522301857,18808.59412325443
hybrid,B,2018-10-01,2018,10,lat_maior_igual_menos15,31581,175227.10848348512,5116.947083686137,40725.94782538645,173729.29682389292,31215.50842646724
hybrid,B,2018-11-01,2018,11,dominio_inteiro,78561,305594.9429194481,-30520.608885636822,91365.19484911444,293236.0045411632,67475.78503925544
hybrid,B,2018-11-01,2018,11,lat_menor_que_menos35,26100,24672.87161735849,-9050.909340318509,18164.96687705556,17770.52677785344,17451.68248953376
hybrid,B,2018-11-01,2018,11,lat_menos35_a_menos15,20880,46226.383919537606,129.7786608123797,19481.29848671591,42552.28671505209,18808.59412325443
hybrid,B,2018-11-01,2018,11,lat_maior_igual_menos15,31581,234695.687382552,-21599.47820613069,53718.92948534296,232913.1910482577,31215.50842646724
hybrid,B,2018-12-01,2018,12,dominio_inteiro,78561,432616.5678504091,21890.18713888577,113250.50490874697,418983.8223378304,67475.78503925544
hybrid,B,2018-12-01,2018,12,lat_menor_que_menos35,26100,18845.83720854048,5850.365560615149,16980.55589341364,13276.534339922331,17451.68248953376
hybrid,B,2018-12-01,2018,12,lat_menos35_a_menos15,20880,69592.16295086316,14000.281723321394,26473.180200456,63080.46615524484,18808.59412325443
hybrid,B,2018-12-01,2018,12,lat_maior_igual_menos15,31581,344178.5676910054,2039.5398549492256,69796.76881487733,342626.8218426632,31215.50842646724
climatology,B,2017-01-01,2017,1,dominio_inteiro,78561,265153.86003862426,-11815.83213771705,92527.29926201876,248961.199792326,67475.78503925544
climatology,B,2017-01-01,2017,1,lat_menor_que_menos35,26100,28874.531920237725,-9488.122841708362,17428.369055338204,19932.711210133664,17451.68248953376
climatology,B,2017-01-01,2017,1,lat_menos35_a_menos15,20880,69766.07171788395,14042.209896327811,26341.994990358013,63492.15115488792,18808.59412325443
climatology,B,2017-01-01,2017,1,lat_maior_igual_menos15,31581,166513.25640050258,-16369.9191923365,48756.93521632254,165536.33742730442,31215.50842646724
climatology,B,2017-02-01,2017,2,dominio_inteiro,78561,352381.35063382523,-27246.10316254024,99125.5923201096,332142.90027211234,67475.78503925544
climatology,B,2017-02-01,2017,2,lat_menor_que_menos35,26100,52455.413288914686,-9765.776393309236,24744.541235163808,38094.63752391028,17451.68248953376
climatology,B,2017-02-01,2017,2,lat_menos35_a_menos15,20880,44739.93538900235,7808.395015144604,20195.92323655903,39983.018574456,18808.59412325443
climatology,B,2017-02-01,2017,2,lat_maior_igual_menos15,31581,255186.00195590823,-25288.721784375608,54185.127848386765,254065.244173746,31215.50842646724
climatology,B,2017-03-01,2017,3,dominio_inteiro,78561,295488.1692790766,-25739.46726258844,90566.17850663511,278755.8615079356,67475.78503925544
climatology,B,2017-03-01,2017,3,lat_menor_que_menos35,26100,36456.44340417866,533.5766760408878,22617.617451161143,24340.98042572932,17451.68248953376
climatology,B,2017-03-01,2017,3,lat_menos35_a_menos15,20880,37504.61197976896,-221.27673146501184,18330.727984216064,33893.083634744755,18808.59412325443
climatology,B,2017-03-01,2017,3,lat_maior_igual_menos15,31581,221527.11389512903,-26051.76720716432,49617.83307125792,220521.79744746143,31215.50842646724
climatology,B,2017-04-01,2017,4,dominio_inteiro,78561,171289.97997201423,-2017.9720057258385,77723.51284177229,153108.2376115548,67475.78503925544
climatology,B,2017-04-01,2017,4,lat_menor_que_menos35,26100,45145.637586652425,-4480.020628601313,26570.534740000963,30914.67220634873,17451.68248953376
climatology,B,2017-04-01,2017,4,lat_menos35_a_menos15,20880,32259.77823081058,-4016.509031219408,16619.217527656816,28878.075301882203,18808.59412325443
climatology,B,2017-04-01,2017,4,lat_maior_igual_menos15,31581,93884.56415455126,6478.557654094882,34533.76057411451,93315.49010332389,31215.50842646724
climatology,B,2017-05-01,2017,5,dominio_inteiro,78561,246902.3459844724,-14694.863255612552,86897.58603209257,229318.8028540609,67475.78503925544
climatology,B,2017-05-01,2017,5,lat_menor_que_menos35,26100,34522.678794003616,486.4438464641571,21290.25344133377,24936.29388534369,17451.68248953376
climatology,B,2017-05-01,2017,5,lat_menos35_a_menos15,20880,60799.69863078571,-10892.941920403391,21937.208039961755,53693.742822486485,18808.59412325443
climatology,B,2017-05-01,2017,5,lat_maior_igual_menos15,31581,151579.9685596831,-4288.365181673318,43670.124550797045,150688.76614623074,31215.50842646724
climatology,B,2017-06-01,2017,6,dominio_inteiro,78561,218008.9677281117,-19143.41622293042,75416.0427167411,206987.07183898357,67475.78503925544
climatology,B,2017-06-01,2017,6,lat_menor_que_menos35,26100,26420.532014547,-8288.25672006607,19206.098320961,19369.65116944389,17451.68248953376
climatology,B,2017-06-01,2017,6,lat_menos35_a_menos15,20880,20382.823999967928,2826.3931277561933,13950.03456860967,17550.590838003794,18808.59412325443
climatology,B,2017-06-01,2017,6,lat_maior_igual_menos15,31581,171205.61171359677,-13681.552630620545,42259.90982717043,170066.82983153584,31215.50842646724
climatology,B,2017-07-01,2017,7,dominio_inteiro,78561,341200.96849592746,-4610.852165881544,99673.3969346024,315846.117061214,67475.78503925544
climatology,B,2017-07-01,2017,7,lat_menor_que_menos35,26100,59149.60264439894,-4594.132374346256,27454.390453398228,41412.41568946236,17451.68248953376
climatology,B,2017-07-01,2017,7,lat_menos35_a_menos15,20880,46755.86875348284,17489.196147273295,21063.865538763814,40716.86167693624,18808.59412325443
climatology,B,2017-07-01,2017,7,lat_maior_igual_menos15,31581,235295.49709804563,-17505.915938808583,51155.14094244037,233716.83969481543,31215.50842646724
climatology,B,2017-08-01,2017,8,dominio_inteiro,78561,152969.04679236567,-4626.983887849608,67185.81749581802,134065.66227697962,67475.78503925544
climatology,B,2017-08-01,2017,8,lat_menor_que_menos35,26100,54757.91137818964,-15034.492233514786,24971.14463043213,38963.73747987684,17451.68248953376
climatology,B,2017-08-01,2017,8,lat_menos35_a_menos15,20880,17978.872961728513,-1882.032593972981,11640.909896172583,15566.578397500602,18808.59412325443
climatology,B,2017-08-01,2017,8,lat_maior_igual_menos15,31581,80232.26245244751,12289.540939638158,30573.762969213305,79535.34639960219,31215.50842646724
climatology,B,2017-09-01,2017,9,dominio_inteiro,78561,252545.21277728747,-5324.051452637184,85957.01602147426,232550.38762781568,67475.78503925544
climatology,B,2017-09-01,2017,9,lat_menor_que_menos35,26100,37744.43133929741,-8551.46613496542,21157.19439643621,25604.006490760225,17451.68248953376
climatology,B,2017-09-01,2017,9,lat_menos35_a_menos15,20880,54327.51965205774,15584.723145144992,23265.84331972292,48039.56599472647,18808.59412325443
climatology,B,2017-09-01,2017,9,lat_maior_igual_menos15,31581,160473.26178593232,-12357.308462816756,41533.97830531513,158906.815142329,31215.50842646724
climatology,B,2017-10-01,2017,10,dominio_inteiro,78561,265866.13231473503,-15579.200049057108,90514.82907317208,245018.29786389304,67475.78503925544
climatology,B,2017-10-01,2017,10,lat_menor_que_menos35,26100,48882.77920475682,-16646.813583433628,23536.55559623241,35104.10000092781,17451.68248953376
climatology,B,2017-10-01,2017,10,lat_menos35_a_menos15,20880,44464.99337654595,4032.5508708735288,20932.475830528914,39567.3509125968,18808.59412325443
climatology,B,2017-10-01,2017,10,lat_maior_igual_menos15,31581,172518.35973343224,-2964.937336497009,46045.79764641076,170346.84695036843,31215.50842646724
climatology,B,2017-11-01,2017,11,dominio_inteiro,78561,200380.43315702977,8243.649848244473,75552.93644370415,187045.79649113133,67475.78503925544
climatology,B,2017-11-01,2017,11,lat_menor_que_menos35,26100,27053.84492284164,-5104.824485480785,17397.603453457355,19690.13407908449,17451.68248953376
climatology,B,2017-11-01,2017,11,lat_menos35_a_menos15,20880,40040.2518488457,403.4547129881976,19445.76802837939,35151.00538625153,18808.59412325443
climatology,B,2017-11-01,2017,11,lat_maior_igual_menos15,31581,133286.33638534247,12945.01962073706,38709.56496186741,132204.65702579528,31215.50842646724
climatology,B,2017-12-01,2017,12,dominio_inteiro,78561,252532.7087256992,-9728.722707695792,79698.78685329948,238495.11094597343,67475.78503925544
climatology,B,2017-12-01,2017,12,lat_menor_que_menos35,26100,13972.46637708923,796.7333087474108,13423.49569453299,9670.089338687663,17451.68248953376
climatology,B,2017-12-01,2017,12,lat_menos35_a_menos15,20880,107896.99549628732,-3349.387343123089,27508.99285845552,99127.28426647228,18808.59412325443
climatology,B,2017-12-01,2017,12,lat_maior_igual_menos15,31581,130663.24685232269,-7176.068673320115,38766.29830031097,129697.7373408135,31215.50842646724
climatology,B,2018-01-01,2018,1,dominio_inteiro,78561,207901.64231984116,-2381.915092123789,78143.9618286899,195195.3175036409,67475.78503925544
climatology,B,2018-01-01,2018,1,lat_menor_que_menos35,26100,22998.811355023856,-2990.9199684783816,17396.052200950682,15774.310213974046,17451.68248953376
climatology,B,2018-01-01,2018,1,lat_menos35_a_menos15,20880,44596.61280258888,556.0353128927527,19706.959826517734,40234.78583330877,18808.59412325443
climatology,B,2018-01-01,2018,1,lat_maior_igual_menos15,31581,140306.2181622284,52.96956346184015,41040.94980122149,139186.2214563581,31215.50842646724
climatology,B,2018-02-01,2018,2,dominio_inteiro,78561,409152.5196886454,-10002.737874759478,110011.22340769893,391865.7515191269,67475.78503925544
climatology,B,2018-02-01,2018,2,lat_menor_que_menos35,26100,26286.875455185826,4522.032978639007,20467.22005482018,18626.86300671905,17451.68248953376
climatology,B,2018-02-01,2018,2,lat_menos35_a_menos15,20880,91106.92172040704,52.10076465632301,29461.260044975323,82610.56931220816,18808.59412325443
climatology,B,2018-02-01,2018,2,lat_maior_igual_menos15,31581,291758.72251305246,-14576.871618054807,60082.74330790341,290628.31920019974,31215.50842646724
climatology,B,2018-03-01,2018,3,dominio_inteiro,78561,224225.5464412057,16564.384818710387,86631.42034820467,202871.49184462632,67475.78503925544
climatology,B,2018-03-01,2018,3,lat_menor_que_menos35,26100,45528.576224869685,-13007.246306747198,23778.297769099478,31490.989215694965,17451.68248953376
climatology,B,2018-03-01,2018,3,lat_menos35_a_menos15,20880,63162.72896151083,5466.683893229812,23835.664335723966,56314.483563867085,18808.59412325443
climatology,B,2018-03-01,2018,3,lat_maior_igual_menos15,31581,115534.24125482512,24104.94723222777,39017.45824338123,115066.01906506428,31215.50842646724
climatology,B,2018-04-01,2018,4,dominio_inteiro,78561,292187.6166449332,-5372.469915271737,91821.85548223276,275149.68697543617,67475.78503925544
climatology,B,2018-04-01,2018,4,lat_menor_que_menos35,26100,37623.94087284049,-8080.473051697016,21447.839502424,26323.96419570089,17451.68248953376
climatology,B,2018-04-01,2018,4,lat_menos35_a_menos15,20880,47984.34300619953,15541.070009307936,21303.889044232663,42766.92070990237,18808.59412325443
climatology,B,2018-04-01,2018,4,lat_maior_igual_menos15,31581,206579.3327658932,-12833.066872882657,49070.12693557609,206058.8020698329,31215.50842646724
climatology,B,2018-05-01,2018,5,dominio_inteiro,78561,549095.7939787448,-20850.323613278568,105341.94690451212,535803.9513680092,67475.78503925544
climatology,B,2018-05-01,2018,5,lat_menor_que_menos35,26100,27956.088112991816,-5540.432603120804,18931.63858151436,20509.018305681933,17451.68248953376
climatology,B,2018-05-01,2018,5,lat_menos35_a_menos15,20880,38551.59516535451,4577.620060797781,19029.703769709915,33692.73526072831,18808.59412325443
climatology,B,2018-05-01,2018,5,lat_maior_igual_menos15,31581,482588.1107003984,-19887.511070955545,67380.60455328785,481602.1978015991,31215.50842646724
climatology,B,2018-06-01,2018,6,dominio_inteiro,78561,211435.19103281788,13623.21204245044,73244.69010648923,202937.45748809175,67475.78503925544
climatology,B,2018-06-01,2018,6,lat_menor_que_menos35,26100,21339.63373299547,-254.67594003677368,16857.436897039413,15315.247487994584,17451.68248953376
climatology,B,2018-06-01,2018,6,lat_menos35_a_menos15,20880,11685.685247578964,7532.646179514006,11344.216291246936,10240.47585443877,18808.59412325443
climatology,B,2018-06-01,2018,6,lat_maior_igual_menos15,31581,178409.87205224342,6345.241802973207,45043.03691820288,177381.7341456584,31215.50842646724
climatology,B,2018-07-01,2018,7,dominio_inteiro,78561,173863.7755279609,14978.575782116504,71470.13307909109,160556.78408496766,67475.78503925544
climatology,B,2018-07-01,2018,7,lat_menor_que_menos35,26100,32998.022048839215,6724.070598065853,19975.29981559515,23965.06198201216,17451.68248953376
climatology,B,2018-07-01,2018,7,lat_menos35_a_menos15,20880,25815.052701854496,-1592.730198551901,14674.612816835754,22516.243021368893,18808.59412325443
climatology,B,2018-07-01,2018,7,lat_maior_igual_menos15,31581,115050.7007772672,9847.23538260255,36820.22044666018,114075.4790815866,31215.50842646724
climatology,B,2018-08-01,2018,8,dominio_inteiro,78561,191073.83063441,7720.256560148438,72034.56551479199,177954.14440592934,67475.78503925544
climatology,B,2018-08-01,2018,8,lat_menor_que_menos35,26100,27993.095065988316,543.3867185115814,20163.12932300568,19074.403912930225,17451.68248953376
climatology,B,2018-08-01,2018,8,lat_menos35_a_menos15,20880,28424.74023186667,-5315.3154461458325,15624.85904490389,25488.22220843537,18808.59412325443
climatology,B,2018-08-01,2018,8,lat_maior_igual_menos15,31581,134655.99533655497,12492.18528778269,36246.57714688242,133391.51828456373,31215.50842646724
climatology,B,2018-09-01,2018,9,dominio_inteiro,78561,172694.52392458197,-9109.146667480934,71048.90913102916,157115.23209824745,67475.78503925544
climatology,B,2018-09-01,2018,9,lat_menor_que_menos35,26100,39717.6882461183,-9691.652444779873,22839.68607646227,28333.45909254216,17451.68248953376
climatology,B,2018-09-01,2018,9,lat_menos35_a_menos15,20880,29848.30904793858,-3273.589461666532,14993.980787877925,26564.180362081264,18808.59412325443
climatology,B,2018-09-01,2018,9,lat_maior_igual_menos15,31581,103128.52663052511,3856.0952389654703,33215.24226668896,102217.59264362404,31215.50842646724
climatology,B,2018-10-01,2018,10,dominio_inteiro,78561,213796.95990595227,-7756.746550216776,72761.17109129947,203071.7324665811,67475.78503925544
climatology,B,2018-10-01,2018,10,lat_menor_que_menos35,26100,20457.522777849063,-1424.07722479105,16071.670528948309,14550.047832236884,17451.68248953376
climatology,B,2018-10-01,2018,10,lat_menos35_a_menos15,20880,34463.36792023055,-8666.476190588874,17536.215965915442,30979.296598524463,18808.59412325443
climatology,B,2018-10-01,2018,10,lat_maior_igual_menos15,31581,158876.06920787267,2333.8068651631474,39153.284596435726,157542.38803581978,31215.50842646724
climatology,B,2018-11-01,2018,11,dominio_inteiro,78561,346397.4397987085,-31739.475838401035,97858.07483000154,333059.88233969884,67475.78503925544
climatology,B,2018-11-01,2018,11,lat_menor_que_menos35,26100,26110.61577953532,-10252.127113044262,18551.67908102274,18811.456732303755,17451.68248953376
climatology,B,2018-11-01,2018,11,lat_menos35_a_menos15,20880,50305.68859209127,512.3414317381976,20510.03767765345,46308.732853040274,18808.59412325443
climatology,B,2018-11-01,2018,11,lat_maior_igual_menos15,31581,269981.13542708184,-21999.69015709497,58796.35807132535,267939.6927543548,31215.50842646724
climatology,B,2018-12-01,2018,12,dominio_inteiro,78561,479099.7412714694,16489.449365668464,118593.53882366722,464919.8229048767,67475.78503925544
climatology,B,2018-12-01,2018,12,lat_menor_que_menos35,26100,18816.77059878541,4397.475648835301,16866.606430068612,13213.34536623293,17451.68248953376
climatology,B,2018-12-01,2018,12,lat_menos35_a_menos15,20880,72383.67653040896,13507.056062028278,26890.70870902692,65560.18674735,18808.59412325443
climatology,B,2018-12-01,2018,12,lat_maior_igual_menos15,31581,387899.2941422749,-1415.0823451951146,74836.22368457168,386146.2907912937,31215.50842646724
unet,C,2019-01-01,2019,1,dominio_inteiro,78561,301973.2279745722,20905.250723651145,91033.32802750776,282874.7817978409,67475.78503925544
unet,C,2019-01-01,2019,1,lat_menor_que_menos35,26100,12689.29570162352,-933.5228843986988,12920.74570466578,9105.543556163788,17451.68248953376
unet,C,2019-01-01,2019,1,lat_menos35_a_menos15,20880,152443.47296267317,15723.373372922186,36670.60157187143,137993.48701347836,18808.59412325443
unet,C,2019-01-01,2019,1,lat_maior_igual_menos15,31581,136840.45931027553,6115.400235127658,41441.98075097054,135775.7512281987,31215.50842646724
unet,C,2019-02-01,2019,2,dominio_inteiro,78561,182858.0519069073,7155.299069399014,74506.56770906784,170104.60793326102,67475.78503925544
unet,C,2019-02-01,2019,2,lat_menor_que_menos35,26100,23839.984954542306,3771.313549943268,18689.563171379268,16726.145805595515,17451.68248953376
unet,C,2019-02-01,2019,2,lat_menos35_a_menos15,20880,48539.58651197055,4420.666228195652,21273.67552838288,43485.13153074495,18808.59412325443
unet,C,2019-02-01,2019,2,lat_maior_igual_menos15,31581,110478.48044039449,-1036.6807087399063,34543.329009305686,109893.33059692054,31215.50842646724
unet,C,2019-03-01,2019,3,dominio_inteiro,78561,202779.32232830385,12332.46943497099,78089.93122257479,192935.5918451708,67475.78503925544
unet,C,2019-03-01,2019,3,lat_menor_que_menos35,26100,16951.855876174694,5559.076595887542,16080.735479518771,12368.397272130487,17451.68248953376
unet,C,2019-03-01,2019,3,lat_menos35_a_menos15,20880,55198.13144537837,2048.825755123049,22534.93552874401,50505.553809642544,18808.59412325443
unet,C,2019-03-01,2019,3,lat_maior_igual_menos15,31581,130629.33500675076,4724.567083960399,39474.260214312,130061.64076339772,31215.50842646724
unet,C,2019-04-01,2019,4,dominio_inteiro,78561,227909.56051365228,-3465.7634289134294,78153.17357497104,214691.710665038,67475.78503925544
unet,C,2019-04-01,2019,4,lat_menor_que_menos35,26100,25147.391001054653,4622.904065340757,19367.97638168931,18249.35811959269,17451.68248953376
unet,C,2019-04-01,2019,4,lat_menos35_a_menos15,20880,49450.88192391075,-2701.4781957268715,20375.069316484038,43575.8044482,18808.59412325443
unet,C,2019-04-01,2019,4,lat_maior_igual_menos15,31581,153311.28758868683,-5387.189298527315,38410.12787679769,152866.5480972453,31215.50842646724
unet,C,2019-05-01,2019,5,dominio_inteiro,78561,302285.70406586025,-4720.007640993223,88747.89789971523,291424.25944446534,67475.78503925544
unet,C,2019-05-01,2019,5,lat_menor_que_menos35,26100,16189.46026144694,-1660.1822972595692,15116.748966544868,11137.030677604827,17451.68248953376
unet,C,2019-05-01,2019,5,lat_menos35_a_menos15,20880,39098.24282092716,-5980.29139418155,17587.285957194865,35044.19400599772,18808.59412325443
unet,C,2019-05-01,2019,5,lat_maior_igual_menos15,31581,246998.00098348613,2920.466050447896,56043.8629759755,245243.0347608628,31215.50842646724
unet,C,2019-06-01,2019,6,dominio_inteiro,78561,246429.8641827259,4373.419200405479,75755.72658364475,234681.66390384853,67475.78503925544
unet,C,2019-06-01,2019,6,lat_menor_que_menos35,26100,21709.82674892698,-7299.568296611309,16085.360145926476,16065.43495576819,17451.68248953376
unet,C,2019-06-01,2019,6,lat_menos35_a_menos15,20880,38414.32721478386,9204.677455432711,17455.828534163535,33229.926924047155,18808.59412325443
unet,C,2019-06-01,2019,6,lat_maior_igual_menos15,31581,186305.71021901505,2468.3100415840745,42214.53790355474,185386.30202403315,31215.50842646724
unet,C,2019-07-01,2019,7,dominio_inteiro,78561,195068.43405755612,5878.580750964582,67642.92451225221,185237.9390846424,67475.78503925544
unet,C,2019-07-01,2019,7,lat_menor_que_menos35,26100,20224.258724382795,-568.4461459219456,16070.169848054647,14711.014543729209,17451.68248953376
unet,C,2019-07-01,2019,7,lat_menos35_a_menos15,20880,25368.23198598932,6013.76428125985,14639.395540511236,22146.055785596087,18808.59412325443
unet,C,2019-07-01,2019,7,lat_maior_igual_menos15,31581,149475.943347184,433.2626156266778,36933.35912368633,148380.86875531712,31215.50842646724
unet,C,2019-08-01,2019,8,dominio_inteiro,78561,160894.6612522762,24805.55314274784,64252.306289090775,152213.5614973358,67475.78503925544
unet,C,2019-08-01,2019,8,lat_menor_que_menos35,26100,20378.307753816876,4442.387547761202,16667.793918579817,14876.960175073986,17451.68248953376
unet,C,2019-08-01,2019,8,lat_menos35_a_menos15,20880,17750.54806353226,9102.43151262682,13445.249079289846,15542.796953751582,18808.59412325443
unet,C,2019-08-01,2019,8,lat_maior_igual_menos15,31581,122765.80543492704,11260.73408235982,34139.26329122111,121793.80436851025,31215.50842646724
unet,C,2019-09-01,2019,9,dominio_inteiro,78561,157485.35750858707,6231.4036952396855,67328.0487259524,147594.30418949126,67475.78503925544
unet,C,2019-09-01,2019,9,lat_menor_que_menos35,26100,21131.645186493864,-1301.6706279218197,16870.42052039504,15447.111456182942,17451.68248953376
unet,C,2019-09-01,2019,9,lat_menos35_a_menos15,20880,23530.668681688192,4751.491234777495,14522.945685679091,20634.75625831444,18808.59412325443
unet,C,2019-09-01,2019,9,lat_maior_igual_menos15,31581,112823.04364040504,2781.58308838401,35934.68251987826,111512.43647499384,31215.50842646724
unet,C,2019-10-01,2019,10,dominio_inteiro,78561,194228.63060286065,25860.19861325296,73948.90859512053,183408.0105108217,67475.78503925544
unet,C,2019-10-01,2019,10,lat_menor_que_menos35,26100,15140.39291795564,5649.438559025526,12732.124586075544,10686.120540076883,17451.68248953376
unet,C,2019-10-01,2019,10,lat_menos35_a_menos15,20880,46829.12719553636,11867.85225981893,20617.51747067459,41701.12155400929,18808.59412325443
unet,C,2019-10-01,2019,10,lat_maior_igual_menos15,31581,132259.11048936867,8342.9077944085,40599.2665383704,131020.76841673556,31215.50842646724
unet,C,2019-11-01,2019,11,dominio_inteiro,78561,239731.3799348943,18998.33549076598,82294.70024021436,227612.1581997355,67475.78503925544
unet,C,2019-11-01,2019,11,lat_menor_que_menos35,26100,23985.509037581924,3076.824264675379,18461.74425584078,16562.952998536184,17451.68248953376
unet,C,2019-11-01,2019,11,lat_menos35_a_menos15,20880,25524.72688704094,6936.17429409083,15615.552101411857,23162.061886385563,18808.59412325443
unet,C,2019-11-01,2019,11,lat_maior_igual_menos15,31581,190221.14401027144,8985.336931999773,48217.40388296172,187887.14331481376,31215.50842646724
unet,C,2019-12-01,2019,12,dominio_inteiro,78561,252515.8335261416,11053.941660713404,86741.51136180758,238259.0208462099,67475.78503925544
unet,C,2019-12-01,2019,12,lat_menor_que_menos35,26100,31843.16863235898,-4686.092725560069,17548.28347109258,23932.716230765334,17451.68248953376
unet,C,2019-12-01,2019,12,lat_menos35_a_menos15,20880,50706.87017229054,11991.516199445352,21341.411882197484,45983.38915389369,18808.59412325443
unet,C,2019-12-01,2019,12,lat_maior_igual_menos15,31581,169965.79472149213,3748.5181868281215,47851.81600851752,168342.91546155082,31215.50842646724
unet,C,2020-01-01,2020,1,dominio_inteiro,78561,260935.7474483561,10965.855986076058,84257.16101891978,246361.16271652584,67475.78503925544
unet,C,2020-01-01,2020,1,lat_menor_que_menos35,26100,12723.202139482604,-2906.371000844985,13769.274933818728,8717.34852540595,17451.68248953376
unet,C,2020-01-01,2020,1,lat_menos35_a_menos15,20880,107801.03089068049,-4448.955951110809,28594.753172677592,98078.193537641,18808.59412325443
unet,C,2020-01-01,2020,1,lat_maior_igual_menos15,31581,140411.51441819302,18321.18293803185,41893.13291242346,139565.6206534789,31215.50842646724
unet,C,2020-02-01,2020,2,dominio_inteiro,78561,201983.4129370108,25935.70246918127,78299.4656252414,189663.75074244765,67475.78503925544
unet,C,2020-02-01,2020,2,lat_menor_que_menos35,26100,17800.457334369403,2082.066530480981,15176.6805177778,12675.527440977256,17451.68248953376
unet,C,2020-02-01,2020,2,lat_menos35_a_menos15,20880,65753.3181245501,2137.9149307347834,23669.43329044804,59307.5700890871,18808.59412325443
unet,C,2020-02-01,2020,2,lat_maior_igual_menos15,31581,118429.6374780913,21715.721007965505,39453.35181701556,117680.6532123833,31215.50842646724
unet,C,2020-03-01,2020,3,dominio_inteiro,78561,246801.6276229199,37507.40986313112,90369.05605696328,231633.9000790366,67475.78503925544
unet,C,2020-03-01,2020,3,lat_menor_que_menos35,26100,28070.35371427458,12531.88315217197,20208.546378538013,20128.35215335772,17451.68248953376
unet,C,2020-03-01,2020,3,lat_menos35_a_menos15,20880,67403.38561362775,11019.13175484538,26348.718409210443,61116.11057634097,18808.59412325443
unet,C,2020-03-01,2020,3,lat_maior_igual_menos15,31581,151327.8882950176,13956.39495611377,43811.79126921482,150389.43734933788,31215.50842646724
unet,C,2020-04-01,2020,4,dominio_inteiro,78561,351439.1522901953,17812.8039734466,102005.73489603492,334167.6329329621,67475.78503925544
unet,C,2020-04-01,2020,4,lat_menor_que_menos35,26100,42271.58718920463,2048.0740590393543,23909.423951655623,30184.717589776414,17451.68248953376
unet,C,2020-04-01,2020,4,lat_menos35_a_menos15,20880,40031.69705806422,8419.76169539988,19446.02291046083,35963.82071807067,18808.59412325443
unet,C,2020-04-01,2020,4,lat_maior_igual_menos15,31581,269135.8680429264,7344.968219007365,58650.28803391848,268019.09462511505,31215.50842646724
unet,C,2020-05-01,2020,5,dominio_inteiro,78561,345306.25480116985,19150.017561445013,99749.47563964316,329290.7421898217,67475.78503925544
unet,C,2020-05-01,2020,5,lat_menor_que_menos35,26100,44695.51329377949,-4995.5330775380135,23598.62782484293,32564.69191428792,17451.68248953376
unet,C,2020-05-01,2020,5,lat_menos35_a_menos15,20880,21461.2529283763,3798.7030003517866,15336.929036810994,18949.00445665469,18808.59412325443
unet,C,2020-05-01,2020,5,lat_maior_igual_menos15,31581,279149.4885790141,20346.84763863124,60813.91877798922,277777.04581887915,31215.50842646724
unet,C,2020-06-01,2020,6,dominio_inteiro,78561,208287.78679630923,-1124.1319643482566,76828.39076467603,190933.6425836668,67475.78503925544
unet,C,2020-06-01,2020,6,lat_menor_que_menos35,26100,50316.69163069077,-5621.967046990991,25612.25172103941,36284.10799688219,17451.68248953376
unet,C,2020-06-01,2020,6,lat_menos35_a_menos15,20880,17720.513426354497,-1950.9742219224568,11924.888088800011,15276.41076104966,18808.59412325443
unet,C,2020-06-01,2020,6,lat_maior_igual_menos15,31581,140250.58173926393,6448.809304565191,39291.25095483661,139373.12382573492,31215.50842646724
unet,C,2020-07-01,2020,7,dominio_inteiro,78561,233967.4257218103,14694.607725575566,83992.87533052266,210676.2924242658,67475.78503925544
unet,C,2020-07-01,2020,7,lat_menor_que_menos35,26100,67853.74057176622,-5460.914539813995,30577.34174138308,47544.88727139041,17451.68248953376
unet,C,2020-07-01,2020,7,lat_menos35_a_menos15,20880,14336.39058470177,1753.374348178506,10562.596738651397,12378.549130932057,18808.59412325443
unet,C,2020-07-01,2020,7,lat_maior_igual_menos15,31581,151777.2945653423,18402.147917211056,42852.936850488186,150752.85602194327,31215.50842646724
unet,C,2020-08-01,2020,8,dominio_inteiro,78561,186328.01738961093,5521.07774328813,67112.00241834298,176228.75064912785,67475.78503925544
unet,C,2020-08-01,2020,8,lat_menor_que_menos35,26100,20368.223801897984,-5680.6845523417,17674.52337655425,13902.561822352516,17451.68248953376
unet,C,2020-08-01,2020,8,lat_menos35_a_menos15,20880,25859.08086638765,-1260.6626853495836,13869.86845098436,23251.12715610208,18808.59412325443
unet,C,2020-08-01,2020,8,lat_maior_igual_menos15,31581,140100.7127213253,12462.424980979413,35567.61059080437,139075.06167067325,31215.50842646724
unet,C,2020-09-01,2020,9,dominio_inteiro,78561,129505.71977935328,31722.228866172954,63951.19924190454,122791.80951356245,67475.78503925544
unet,C,2020-09-01,2020,9,lat_menor_que_menos35,26100,10980.926487777062,2572.161072850228,13027.313111305237,7725.192508984139,17451.68248953376
unet,C,2020-09-01,2020,9,lat_menos35_a_menos15,20880,24596.11148788226,10849.274826439098,14632.838593663648,22208.36709445513,18808.59412325443
unet,C,2020-09-01,2020,9,lat_maior_igual_menos15,31581,93928.68180369397,18300.79296688363,36291.04753693566,92858.24991012317,31215.50842646724
unet,C,2020-10-01,2020,10,dominio_inteiro,78561,213976.14285126893,35547.96956767887,82964.58676495403,202281.59335811491,67475.78503925544
unet,C,2020-10-01,2020,10,lat_menor_que_menos35,26100,15772.886301676142,5376.5599500238895,14633.116991788149,11460.90620971394,17451.68248953376
unet,C,2020-10-01,2020,10,lat_menos35_a_menos15,20880,63810.86096407965,3594.8305506296456,23336.716698866338,57800.89433124164,18808.59412325443
unet,C,2020-10-01,2020,10,lat_maior_igual_menos15,31581,134392.39558551315,26576.579067025334,44994.75307429954,133019.79281715935,31215.50842646724
unet,C,2020-11-01,2020,11,dominio_inteiro,78561,412762.65620438295,11507.53330987133,108555.11779973842,398101.9024981921,67475.78503925544
unet,C,2020-11-01,2020,11,lat_menor_que_menos35,26100,17414.484114652943,11073.822181284428,15293.06030189991,12794.29583720615,17451.68248953376
unet,C,2020-11-01,2020,11,lat_menos35_a_menos15,20880,73541.41787217426,11601.80590592511,25803.85832396336,67743.00913375251,18808.59412325443
unet,C,2020-11-01,2020,11,lat_maior_igual_menos15,31581,321806.7542175557,-11168.094777338209,67458.19917387515,317564.5975272334,31215.50842646724
unet,C,2020-12-01,2020,12,dominio_inteiro,78561,292139.90731297684,13343.57329193689,91720.12979806028,279377.4023197039,67475.78503925544
unet,C,2020-12-01,2020,12,lat_menor_que_menos35,26100,11087.48222393098,283.2961043715477,12818.507601559162,7838.021322162543,17451.68248953376
unet,C,2020-12-01,2020,12,lat_menos35_a_menos15,20880,80214.1135941443,13294.422755332664,27985.39676634781,72648.77716373504,18808.59412325443
unet,C,2020-12-01,2020,12,lat_maior_igual_menos15,31581,200838.3114949015,-234.1455677673221,50916.22543015331,198890.60383380635,31215.50842646724
hybrid,C,2019-01-01,2019,1,dominio_inteiro,78561,305527.424472293,20637.29276329605,91849.6664797912,285628.03164088656,67475.78503925544
hybrid,C,2019-01-01,2019,1,lat_menor_que_menos35,26100,14491.45141902028,-2785.197181173273,13957.2942695575,10299.615880669564,17451.68248953376
hybrid,C,2019-01-01,2019,1,lat_menos35_a_menos15,20880,152815.46696964375,15305.79550192257,36169.12292823992,138237.82316296856,18808.59412325443
hybrid,C,2019-01-01,2019,1,lat_maior_igual_menos15,31581,138220.506083629,8116.694442546748,41723.249281993776,137090.59259724844,31215.50842646724
hybrid,C,2019-02-01,2019,2,dominio_inteiro,78561,196049.29102673836,11586.95865008859,76431.57896763817,183892.42787763604,67475.78503925544
hybrid,C,2019-02-01,2019,2,lat_menor_que_menos35,26100,22285.5252910379,3265.342283108981,18072.7825650587,15702.2178258068,17451.68248953376
hybrid,C,2019-02-01,2019,2,lat_menos35_a_menos15,20880,48193.55931423087,3350.1822609831943,20889.73996186828,43195.02464599945,18808.59412325443
hybrid,C,2019-02-01,2019,2,lat_maior_igual_menos15,31581,125570.20642146951,4971.434105996413,37469.05644071119,124995.18540582982,31215.50842646724
hybrid,C,2019-03-01,2019,3,dominio_inteiro,78561,242935.0277748423,13105.44338357593,83958.70259482725,232852.48182619704,67475.78503925544
hybrid,C,2019-03-01,2019,3,lat_menor_que_menos35,26100,16582.686771522756,5000.425071933133,15752.427137942464,12080.88380986413,17451.68248953376
hybrid,C,2019-03-01,2019,3,lat_menos35_a_menos15,20880,58974.71340571564,-333.7442281741162,22885.31809973428,54021.11100912736,18808.59412325443
hybrid,C,2019-03-01,2019,3,lat_maior_igual_menos15,31581,167377.62759760392,8438.762539816915,45320.95735715051,166750.48700720555,31215.50842646724
hybrid,C,2019-04-01,2019,4,dominio_inteiro,78561,243351.7548442327,-4250.70707369427,79529.95221066364,230632.3582836526,67475.78503925544
hybrid,C,2019-04-01,2019,4,lat_menor_que_menos35,26100,24332.405104451347,4789.496192541841,19086.992254159995,17675.023785256722,17451.68248953376
hybrid,C,2019-04-01,2019,4,lat_menos35_a_menos15,20880,47540.30381682524,-3180.24136073878,19934.131167930875,41931.69337436039,18808.59412325443
hybrid,C,2019-04-01,2019,4,lat_maior_igual_menos15,31581,171479.04592295605,-5859.961905497332,40508.82878857276,171025.64112403552,31215.50842646724
hybrid,C,2019-05-01,2019,5,dominio_inteiro,78561,271564.7990988635,-994.546184271012,84755.33728044937,261139.3615648005,67475.78503925544
hybrid,C,2019-05-01,2019,5,lat_menor_que_menos35,26100,15691.68583628834,117.5609733308236,14786.895819346695,10895.89566254534,17451.68248953376
hybrid,C,2019-05-01,2019,5,lat_menos35_a_menos15,20880,39661.040639879495,-5190.472694273971,17455.831506074705,35553.37335063245,18808.59412325443
hybrid,C,2019-05-01,2019,5,lat_maior_igual_menos15,31581,216212.0726226957,4078.365536672133,52512.609955027976,214690.09255162263,31215.50842646724
hybrid,C,2019-06-01,2019,6,dominio_inteiro,78561,248401.60953884848,4800.824122758822,75333.33070105372,236722.90881930484,67475.78503925544
hybrid,C,2019-06-01,2019,6,lat_menor_que_menos35,26100,21148.72107561997,-6404.4431835615405,16037.913419846724,15585.702650027226,17451.68248953376
hybrid,C,2019-06-01,2019,6,lat_menos35_a_menos15,20880,38730.35934001242,10377.50388843124,17819.78542447277,33541.33447187407,18808.59412325443
hybrid,C,2019-06-01,2019,6,lat_maior_igual_menos15,31581,188522.5291232161,827.7634178891226,41475.63185673421,187595.87169740355,31215.50842646724
hybrid,C,2019-07-01,2019,7,dominio_inteiro,78561,178932.79951629016,9677.827313657974,65785.85962739558,169603.54948668752,67475.78503925544
hybrid,C,2019-07-01,2019,7,lat_menor_que_menos35,26100,19828.0224575938,-569.0100420884175,16073.224668038823,14320.772528445785,17451.68248953376
hybrid,C,2019-07-01,2019,7,lat_menos35_a_menos15,20880,22426.07339787508,5056.829761822079,13897.444531416577,19597.75532172893,18808.59412325443
hybrid,C,2019-07-01,2019,7,lat_maior_igual_menos15,31581,136678.70366082125,5190.007593924312,35815.19042794018,135685.02163651277,31215.50842646724
hybrid,C,2019-08-01,2019,8,dominio_inteiro,78561,171308.01070478276,28167.196604578,66233.37559141824,162002.5399634442,67475.78503925544
hybrid,C,2019-08-01,2019,8,lat_menor_que_menos35,26100,21629.575460494176,5132.813006180798,17084.491977598118,15754.335617217805,17451.68248953376
hybrid,C,2019-08-01,2019,8,lat_menos35_a_menos15,20880,19209.559476120245,10023.196969892642,13990.881035022634,16852.57320236224,18808.59412325443
hybrid,C,2019-08-01,2019,8,lat_maior_igual_menos15,31581,130468.87576816832,13011.186628504558,35158.00257879749,129395.63114386411,31215.50842646724
hybrid,C,2019-09-01,2019,9,dominio_inteiro,78561,158945.1515172635,4481.348692194959,66792.65241091602,148755.5584961497,67475.78503925544
hybrid,C,2019-09-01,2019,9,lat_menor_que_menos35,26100,22211.7375286016,-1034.0094288270543,17057.326084570963,16374.757851348551,17451.68248953376
hybrid,C,2019-09-01,2019,9,lat_menos35_a_menos15,20880,24999.546184687257,4289.496764063412,14919.720309254912,21950.535003855133,18808.59412325443
hybrid,C,2019-09-01,2019,9,lat_maior_igual_menos15,31581,111733.86780397466,1225.8613569586005,34815.60601709016,110430.265640946,31215.50842646724
hybrid,C,2019-10-01,2019,10,dominio_inteiro,78561,180010.30436482935,21655.09996088866,71912.95485931632,169849.43855233787,67475.78503925544
hybrid,C,2019-10-01,2019,10,lat_menor_que_menos35,26100,13467.046189688854,5529.813837255188,12661.53022818226,9435.501967064436,17451.68248953376
hybrid,C,2019-10-01,2019,10,lat_menos35_a_menos15,20880,46889.706678054,12126.532557193916,20751.180152738845,41837.82430458284,18808.59412325443
hybrid,C,2019-10-01,2019,10,lat_maior_igual_menos15,31581,119653.5514970865,3998.753566439557,38500.24447839522,118576.11228069056,31215.50842646724
hybrid,C,2019-11-01,2019,11,dominio_inteiro,78561,238059.5177805081,10028.097856087246,81734.2063460761,226298.486673225,67475.78503925544
hybrid,C,2019-11-01,2019,11,lat_menor_que_menos35,26100,23773.42434401215,1334.0539993656782,17435.273875084327,16446.634541555402,17451.68248953376
hybrid,C,2019-11-01,2019,11,lat_menos35_a_menos15,20880,25348.32397290054,7129.596996730279,15330.663226605377,23122.74632246552,18808.59412325443
hybrid,C,2019-11-01,2019,11,lat_maior_igual_menos15,31581,188937.76946359532,1564.4468599912898,48968.2692443864,186729.10580920405,31215.50842646724
hybrid,C,2019-12-01,2019,12,dominio_inteiro,78561,261457.21862657112,8318.965465619087,87777.2808192023,247258.84547342168,67475.78503925544
hybrid,C,2019-12-01,2019,12,lat_menor_que_menos35,26100,30895.27310524681,-5248.717753167193,17232.721748089687,23194.610880720356,17451.68248953376
hybrid,C,2019-12-01,2019,12,lat_menos35_a_menos15,20880,52457.34528609181,13257.660725958103,21728.681513160554,47579.29239296046,18808.59412325443
hybrid,C,2019-12-01,2019,12,lat_maior_igual_menos15,31581,178104.6002352325,310.02249282817684,48815.87755795205,176484.94219974085,31215.50842646724
hybrid,C,2020-01-01,2020,1,dominio_inteiro,78561,258454.62113865517,11791.286481516345,82340.75037982195,244245.5035609148,67475.78503925544
hybrid,C,2020-01-01,2020,1,lat_menor_que_menos35,26100,11215.122923019677,-840.2303273249265,12750.678608893108,7765.891494681743,17451.68248953376
hybrid,C,2020-01-01,2020,1,lat_menos35_a_menos15,20880,109264.5668392448,-4749.841720067204,28139.814579564496,99306.2428020416,18808.59412325443
hybrid,C,2020-01-01,2020,1,lat_maior_igual_menos15,31581,137974.93137639068,17381.35852890847,41450.25719136434,137173.36926419142,31215.50842646724
hybrid,C,2020-02-01,2020,2,dominio_inteiro,78561,202495.2261128883,17075.461311018727,77531.9010795569,189522.60116036807,67475.78503925544
hybrid,C,2020-02-01,2020,2,lat_menor_que_menos35,26100,17805.13932364529,1475.8198889229668,15133.042977980987,12731.742624722148,17451.68248953376
hybrid,C,2020-02-01,2020,2,lat_menos35_a_menos15,20880,75240.47104981416,-1503.5076874814094,24417.738496215658,67941.12848872374,18808.59412325443
hybrid,C,2020-02-01,2020,2,lat_maior_igual_menos15,31581,109449.61573942885,17103.149109577167,37981.119605360254,108849.7300469222,31215.50842646724
hybrid,C,2020-03-01,2020,3,dominio_inteiro,78561,245890.5569677961,26891.486073008306,89449.74665598052,231392.03552291828,67475.78503925544
hybrid,C,2020-03-01,2020,3,lat_menor_que_menos35,26100,24385.962780980062,10910.13848023798,19210.452463772304,17716.093987509634,17451.68248953376
hybrid,C,2020-03-01,2020,3,lat_menos35_a_menos15,20880,72744.39826114608,9198.322167221777,27335.96482403944,65907.40408422904,18808.59412325443
hybrid,C,2020-03-01,2020,3,lat_maior_igual_menos15,31581,148760.19592566992,6783.025425548549,42903.32936816877,147768.5374511796,31215.50842646724
hybrid,C,2020-04-01,2020,4,dominio_inteiro,78561,341374.13390057685,11061.791338608127,99322.10579985348,325662.8815393138,67475.78503925544
hybrid,C,2020-04-01,2020,4,lat_menor_que_menos35,26100,35908.40312369319,2737.6691158478543,22123.43991358847,25650.4537354224,17451.68248953376
hybrid,C,2020-04-01,2020,4,lat_menos35_a_menos15,20880,42813.36575163655,10484.120780022591,20159.082775479605,38491.57250741284,18808.59412325443
hybrid,C,2020-04-01,2020,4,lat_maior_igual_menos15,31581,262652.3650252472,-2159.9985572623177,57039.5831107854,261520.85529647855,31215.50842646724
hybrid,C,2020-05-01,2020,5,dominio_inteiro,78561,325679.6732899968,16072.95666537048,96172.48564656387,308900.54229411006,67475.78503925544
hybrid,C,2020-05-01,2020,5,lat_menor_que_menos35,26100,47227.45494868108,-3988.933083544743,23636.94984717056,34647.1457577887,17451.68248953376
hybrid,C,2020-05-01,2020,5,lat_menos35_a_menos15,20880,23728.44620717924,7998.005158255606,15911.87949181813,20833.302844993035,18808.59412325443
hybrid,C,2020-05-01,2020,5,lat_maior_igual_menos15,31581,254723.77213413647,12063.884590659614,56623.65630757519,253420.0936913283,31215.50842646724
hybrid,C,2020-06-01,2020,6,dominio_inteiro,78561,188309.3138567385,-4760.941016771399,73078.82250146965,173844.7174468825,67475.78503925544
hybrid,C,2020-06-01,2020,6,lat_menor_que_menos35,26100,39782.78957762056,-6208.666141321222,22627.7552312951,28554.009317189928,17451.68248953376
hybrid,C,2020-06-01,2020,6,lat_menos35_a_menos15,20880,18059.29527357504,-558.9460373880328,12480.200020251406,15641.010992288191,18808.59412325443
hybrid,C,2020-06-01,2020,6,lat_maior_igual_menos15,31581,130467.22900554292,2006.671161937854,37970.867249923154,129649.69713740438,31215.50842646724
hybrid,C,2020-07-01,2020,7,dominio_inteiro,78561,210209.9515408445,18937.170170314865,80396.83710792547,188451.2335984007,67475.78503925544
hybrid,C,2020-07-01,2020,7,lat_menor_que_menos35,26100,61554.05932228456,-3549.825370885228,29556.94058403664,42533.801003694585,17451.68248953376
hybrid,C,2020-07-01,2020,7,lat_menos35_a_menos15,20880,13789.47593826787,4886.508150823552,11008.094842473734,11991.739600698029,18808.59412325443
hybrid,C,2020-07-01,2020,7,lat_maior_igual_menos15,31581,134866.41628029203,17600.48739037654,39831.80168141509,133925.69299400804,31215.50842646724
hybrid,C,2020-08-01,2020,8,dominio_inteiro,78561,196465.6392715744,1941.5862633591544,68616.53687531817,185497.44101799,67475.78503925544
hybrid,C,2020-08-01,2020,8,lat_menor_que_menos35,26100,23771.996814124064,-5860.455479045906,19155.68311632065,16276.156849596207,17451.68248953376
hybrid,C,2020-08-01,2020,8,lat_menos35_a_menos15,20880,24758.55039461389,-1398.0306961635715,13741.40680198778,22286.32851645509,18808.59412325443
hybrid,C,2020-08-01,2020,8,lat_maior_igual_menos15,31581,147935.0920628364,9200.072438568632,35719.446957009735,146934.9556519387,31215.50842646724
hybrid,C,2020-09-01,2020,9,dominio_inteiro,78561,124905.03819336784,26499.94762604047,61546.96067622476,117898.39115865504,67475.78503925544
hybrid,C,2020-09-01,2020,9,lat_menor_que_menos35,26100,11379.055541056276,1035.222031901274,13271.133255935829,7893.91076767575,17451.68248953376
hybrid,C,2020-09-01,2020,9,lat_menos35_a_menos15,20880,26032.749502016777,10775.28482584852,14543.965391269656,23535.277178003245,18808.59412325443
hybrid,C,2020-09-01,2020,9,lat_maior_igual_menos15,31581,87493.23315029478,14689.44076829068,33731.86202901928,86469.20321297605,31215.50842646724
hybrid,C,2020-10-01,2020,10,dominio_inteiro,78561,211997.8317546921,29717.625171850592,82097.33039851388,199592.2909674348,67475.78503925544
hybrid,C,2020-10-01,2020,10,lat_menor_que_menos35,26100,16779.25737650499,3412.1340124246794,15370.671513962472,11996.084416241803,17451.68248953376
hybrid,C,2020-10-01,2020,10,lat_menos35_a_menos15,20880,66976.14948256759,4014.400890116253,23788.304603556822,60692.28891963575,18808.59412325443
hybrid,C,2020-10-01,2020,10,lat_maior_igual_menos15,31581,128242.42489561957,22291.09026930965,42938.35428099458,126903.9176315572,31215.50842646724
hybrid,C,2020-11-01,2020,11,dominio_inteiro,78561,421106.4439484315,7018.978642641537,109351.27474528036,406363.134496248,67475.78503925544
hybrid,C,2020-11-01,2020,11,lat_menor_que_menos35,26100,17387.786792762206,10880.647813343052,15203.545787391186,12868.094353744107,17451.68248953376
hybrid,C,2020-11-01,2020,11,lat_menos35_a_menos15,20880,74677.60703343846,11255.64580508392,26066.845651729724,68698.87438092593,18808.59412325443
hybrid,C,2020-11-01,2020,11,lat_maior_igual_menos15,31581,329041.05012223084,-15117.31497578544,68080.88330615943,324796.16576157795,31215.50842646724
hybrid,C,2020-12-01,2020,12,dominio_inteiro,78561,290260.16113362875,16645.517332486845,91420.8701694472,277555.2293616957,67475.78503925544
hybrid,C,2020-12-01,2020,12,lat_menor_que_menos35,26100,10743.214704371305,1368.3244398363934,12704.094139478184,7608.036489560605,17451.68248953376
hybrid,C,2020-12-01,2020,12,lat_menos35_a_menos15,20880,80881.93040939466,14222.334097865478,28022.84158641944,73259.8709699965,18808.59412325443
hybrid,C,2020-12-01,2020,12,lat_maior_igual_menos15,31581,198635.01601986284,1054.8587947849735,50693.93444354959,196687.32190213865,31215.50842646724
climatology,C,2019-01-01,2019,1,dominio_inteiro,78561,337709.8513413746,24150.561004502582,100741.24785853166,317364.0926850967,67475.78503925544
climatology,C,2019-01-01,2019,1,lat_menor_que_menos35,26100,14901.587675241131,-3164.741459533572,14069.420881465076,10587.618390352452,17451.68248953376
climatology,C,2019-01-01,2019,1,lat_menos35_a_menos15,20880,152510.9239677052,15580.839622201282,36233.31827929977,137755.0411027252,18808.59412325443
climatology,C,2019-01-01,2019,1,lat_maior_igual_menos15,31581,170297.33969842835,11734.462841834871,50438.50869776681,169021.43319201906,31215.50842646724
climatology,C,2019-02-01,2019,2,dominio_inteiro,78561,268263.65189458453,15773.232464539702,89297.28790858097,255357.40632837705,67475.78503925544
climatology,C,2019-02-01,2019,2,lat_menor_que_menos35,26100,23070.16057107017,4426.460570082068,18251.671732887626,16300.682729362594,17451.68248953376
climatology,C,2019-02-01,2019,2,lat_menos35_a_menos15,20880,51612.27589281821,2673.726712834905,21571.366775299302,46228.40280156736,18808.59412325443
climatology,C,2019-02-01,2019,2,lat_maior_igual_menos15,31581,193581.2154306962,8673.045181622729,49474.24940039404,192828.32079744717,31215.50842646724
climatology,C,2019-03-01,2019,3,dominio_inteiro,78561,336491.4614365721,18854.13737474382,97531.6958449334,325175.3449291726,67475.78503925544
climatology,C,2019-03-01,2019,3,lat_menor_que_menos35,26100,19637.663508478905,8142.345657259226,17354.5698992908,14231.169034831224,17451.68248953376
climatology,C,2019-03-01,2019,3,lat_menos35_a_menos15,20880,61220.08852746229,-1420.8769983444363,23057.815660921857,56092.381172956186,18808.59412325443
climatology,C,2019-03-01,2019,3,lat_maior_igual_menos15,31581,255633.7094006308,12132.66871582903,57119.310284720734,254851.79472138517,31215.50842646724
climatology,C,2019-04-01,2019,4,dominio_inteiro,78561,338452.360547524,862.117072425317,91233.40344332578,325793.08204583084,67475.78503925544
climatology,C,2019-04-01,2019,4,lat_menor_que_menos35,26100,25332.5876912783,4477.246882528067,19477.929170638323,18281.37728308466,17451.68248953376
climatology,C,2019-04-01,2019,4,lat_menos35_a_menos15,20880,42897.54008996585,-4671.421862205025,18774.315870690625,37928.09801694557,18808.59412325443
climatology,C,2019-04-01,2019,4,lat_maior_igual_menos15,31581,270222.23276627983,1056.2920521022752,52981.15840199683,269583.60674580064,31215.50842646724
climatology,C,2019-05-01,2019,5,dominio_inteiro,78561,255647.74729078295,-4794.413395746145,82483.44799468713,245145.5755392852,67475.78503925544
climatology,C,2019-05-01,2019,5,lat_menor_que_menos35,26100,15813.064674526844,1350.6214265227318,14945.961643755436,10995.273180787222,17451.68248953376
climatology,C,2019-05-01,2019,5,lat_menos35_a_menos15,20880,42385.10111915232,-5342.434566982556,17987.574258121196,37978.59880589736,18808.59412325443
climatology,C,2019-05-01,2019,5,lat_maior_igual_menos15,31581,197449.5814971038,-802.600255286321,49549.9120928105,196171.70355260064,31215.50842646724
climatology,C,2019-06-01,2019,6,dominio_inteiro,78561,272032.7730948317,8343.696128884796,79932.52684946498,260748.74550231063,67475.78503925544
climatology,C,2019-06-01,2019,6,lat_menor_que_menos35,26100,19003.1138972903,-5054.995585262775,15496.500529944897,14064.607634193522,17451.68248953376
climatology,C,2019-06-01,2019,6,lat_menos35_a_menos15,20880,38203.63117634062,10414.138548244257,17914.049282047432,33090.479343735526,18808.59412325443
climatology,C,2019-06-01,2019,6,lat_maior_igual_menos15,31581,214826.0280212008,2984.553165903315,46521.97703747265,213593.6585243816,31215.50842646724
climatology,C,2019-07-01,2019,7,dominio_inteiro,78561,176278.0759120135,8334.36610634718,64416.81542631332,167292.12659855827,67475.78503925544
climatology,C,2019-07-01,2019,7,lat_menor_que_menos35,26100,19232.18469600716,-321.30846697092056,15882.631517231464,13876.555835408944,17451.68248953376
climatology,C,2019-07-01,2019,7,lat_menos35_a_menos15,20880,19729.93159876157,2287.0196558376774,12954.24326662626,17164.000547425207,18808.59412325443
climatology,C,2019-07-01,2019,7,lat_maior_igual_menos15,31581,137315.95961724478,6368.654917480424,35579.94064245559,136251.57021572412,31215.50842646724
climatology,C,2019-08-01,2019,8,dominio_inteiro,78561,190831.25024629824,29549.00163162453,68931.37163298251,180816.40942017123,67475.78503925544
climatology,C,2019-08-01,2019,8,lat_menor_que_menos35,26100,23450.635121152627,4782.920839428902,17403.90231370926,17208.199021789922,17451.68248953376
climatology,C,2019-08-01,2019,8,lat_menos35_a_menos15,20880,20033.391855029546,10476.297752616929,14341.541163174435,17545.598821567986,18808.59412325443
climatology,C,2019-08-01,2019,8,lat_maior_igual_menos15,31581,147347.22327011608,14289.783039578702,37185.92815609882,146062.61157681333,31215.50842646724
climatology,C,2019-09-01,2019,9,dominio_inteiro,78561,161573.81308304492,10806.101565275574,68993.49741681083,150928.34048056422,67475.78503925544
climatology,C,2019-09-01,2019,9,lat_menor_que_menos35,26100,23609.200675960357,-883.232611477375,17822.050087034702,17466.659673263035,17451.68248953376
climatology,C,2019-09-01,2019,9,lat_menos35_a_menos15,20880,27539.163281199868,6712.161077083787,15997.484781308332,24287.995205608702,18808.59412325443
climatology,C,2019-09-01,2019,9,lat_maior_igual_menos15,31581,110425.4491258847,4977.173099669162,35173.9625484678,109173.6856016925,31215.50842646724
climatology,C,2019-10-01,2019,10,dominio_inteiro,78561,188493.5399405468,24860.01387714964,73846.75083679377,178669.31908833203,67475.78503925544
climatology,C,2019-10-01,2019,10,lat_menor_que_menos35,26100,10645.1168967628,2936.864397317171,11756.578639775516,7442.622743706526,17451.68248953376
climatology,C,2019-10-01,2019,10,lat_menos35_a_menos15,20880,50893.902498479525,13147.20324862373,22159.6113193263,45474.13861306773,18808.59412325443
climatology,C,2019-10-01,2019,10,lat_maior_igual_menos15,31581,126954.52054530448,8775.946231208742,39930.560877691954,125752.55773155778,31215.50842646724
climatology,C,2019-11-01,2019,11,dominio_inteiro,78561,257155.131083658,10718.451543180676,86424.15345219737,243847.30825772567,67475.78503925544
climatology,C,2019-11-01,2019,11,lat_menor_que_menos35,26100,27930.506783729037,100.21627923846243,18130.36123022437,19297.171073367936,17451.68248953376
climatology,C,2019-11-01,2019,11,lat_menos35_a_menos15,20880,29203.844316486317,8731.647106329383,16421.79641496231,26766.522114475018,18808.59412325443
climatology,C,2019-11-01,2019,11,lat_maior_igual_menos15,31581,200020.77998344263,1886.5881576128304,51871.99580701068,197783.61506988277,31215.50842646724
climatology,C,2019-12-01,2019,12,dominio_inteiro,78561,306215.86395865784,2099.6523155007744,96097.67427721585,291295.0772652097,67475.78503925544
climatology,C,2019-12-01,2019,12,lat_menor_que_menos35,26100,31110.407278492832,-6641.252813801169,17132.987995371222,23188.97085520524,17451.68248953376
climatology,C,2019-12-01,2019,12,lat_menos35_a_menos15,20880,55120.67429600375,14686.121495011845,22579.6376420554,49957.18975233658,18808.59412325443
climatology,C,2019-12-01,2019,12,lat_maior_igual_menos15,31581,219984.7823841612,-5945.216365709901,56385.04863978922,218148.916657668,31215.50842646724
climatology,C,2020-01-01,2020,1,dominio_inteiro,78561,295393.2211672633,8190.439849717426,91054.53365090616,280300.1939992824,67475.78503925544
climatology,C,2020-01-01,2020,1,lat_menor_que_menos35,26100,12267.814440897257,-2921.581211730838,13409.596490740776,8428.229050911255,17451.68248953376
climatology,C,2020-01-01,2020,1,lat_menos35_a_menos15,20880,113289.99974682048,-4264.6880267245,28843.073922795596,102941.37992603402,18808.59412325443
climatology,C,2020-01-01,2020,1,lat_maior_igual_menos15,31581,169835.40697954557,15376.709088172764,48801.863237369806,168930.58502233712,31215.50842646724
climatology,C,2020-02-01,2020,2,dominio_inteiro,78561,260889.3506005627,14895.703320252593,88668.81747512042,246163.10459721973,67475.78503925544
climatology,C,2020-02-01,2020,2,lat_menor_que_menos35,26100,18735.40432465585,1822.8190600723028,15631.00231795013,13444.534914396332,17451.68248953376
climatology,C,2020-02-01,2020,2,lat_menos35_a_menos15,20880,90288.94780045752,-2647.1217521309154,26610.002124071936,81539.14881727034,18808.59412325443
climatology,C,2020-02-01,2020,2,lat_maior_igual_menos15,31581,151864.9984754493,15720.006012311203,46427.81303309836,151179.42086555308,31215.50842646724
climatology,C,2020-03-01,2020,3,dominio_inteiro,78561,300275.5124865427,23692.58589921892,100205.21962724626,283743.4656318173,67475.78503925544
climatology,C,2020-03-01,2020,3,lat_menor_que_menos35,26100,25675.026761648893,10079.735031038525,19724.41427752376,18778.132775719587,17451.68248953376
climatology,C,2020-03-01,2020,3,lat_menos35_a_menos15,20880,88311.91613319752,10110.096436103806,30403.1590152178,80028.45617884216,18808.59412325443
climatology,C,2020-03-01,2020,3,lat_maior_igual_menos15,31581,186288.56959169623,3502.7544320765883,50077.64633450471,184936.87667725555,31215.50842646724
climatology,C,2020-04-01,2020,4,dominio_inteiro,78561,372903.3472250092,5037.278434119653,103231.99148262618,358299.01225226256,67475.78503925544
climatology,C,2020-04-01,2020,4,lat_menor_que_menos35,26100,30333.546949679807,2325.296046346426,20733.285859376192,21817.06016156659,17451.68248953376
climatology,C,2020-04-01,2020,4,lat_menos35_a_menos15,20880,48666.86939506802,12111.77744809771,21714.009306533728,43797.65326236842,18808.59412325443
climatology,C,2020-04-01,2020,4,lat_maior_igual_menos15,31581,293902.9308802613,-9399.795060324484,60784.69631671626,292684.2988283275,31215.50842646724
climatology,C,2020-05-01,2020,5,dominio_inteiro,78561,339932.1397070268,7122.176341192331,96021.52470161348,322540.7463607548,67475.78503925544
climatology,C,2020-05-01,2020,5,lat_menor_que_menos35,26100,47851.21037567448,-4325.072085440159,23444.74347454309,35029.62187657862,17451.68248953376
climatology,C,2020-05-01,2020,5,lat_menos35_a_menos15,20880,27170.455729840724,10523.507434360215,17170.58207326336,23831.372092661597,18808.59412325443
climatology,C,2020-05-01,2020,5,lat_maior_igual_menos15,31581,264910.4736015116,923.7409922722728,55406.19915380701,263679.75239151454,31215.50842646724
climatology,C,2020-06-01,2020,6,dominio_inteiro,78561,199136.20495098535,-8932.320106466766,75609.1597142038,184820.14870967704,67475.78503925544
climatology,C,2020-06-01,2020,6,lat_menor_que_menos35,26100,38320.03670924543,-5608.048487484455,22349.83239787817,27330.00263094078,17451.68248953376
climatology,C,2020-06-01,2020,6,lat_menos35_a_menos15,20880,18870.8951605702,77.01849209191278,13101.997116508428,16392.404005996275,18808.59412325443
climatology,C,2020-06-01,2020,6,lat_maior_igual_menos15,31581,141945.27308116975,-3401.290111074224,40157.3301998172,141097.74207273996,31215.50842646724
climatology,C,2020-07-01,2020,7,dominio_inteiro,78561,190591.14577485135,9495.346330956556,75614.19163199794,171028.04544418625,67475.78503925544
climatology,C,2020-07-01,2020,7,lat_menor_que_menos35,26100,54682.545404038254,-3292.3053236603737,28307.17423409224,37855.45469296188,17451.68248953376
climatology,C,2020-07-01,2020,7,lat_menos35_a_menos15,20880,15182.96236125679,7398.963854446076,12262.74776529055,13325.899206829738,18808.59412325443
climatology,C,2020-07-01,2020,7,lat_maior_igual_menos15,31581,120725.63800955632,5388.687800170854,35044.26963261515,119846.69154439463,31215.50842646724
climatology,C,2020-08-01,2020,8,dominio_inteiro,78561,218950.3334907533,-2137.0087290932424,73427.71358867874,207155.62093103892,67475.78503925544
climatology,C,2020-08-01,2020,8,lat_menor_que_menos35,26100,26633.351905398453,-3989.9368265867233,20099.59360897541,18428.34537246932,17451.68248953376
climatology,C,2020-08-01,2020,8,lat_menos35_a_menos15,20880,23524.459278321134,293.1770250778645,13964.422336356714,21116.78831066274,18808.59412325443
climatology,C,2020-08-01,2020,8,lat_maior_igual_menos15,31581,168792.52230703374,1559.7510724156164,39363.69764334662,167610.48724790686,31215.50842646724
climatology,C,2020-09-01,2020,9,dominio_inteiro,78561,140965.61213095387,25939.965014372254,66210.65451488341,132388.20204513345,67475.78503925544
climatology,C,2020-09-01,2020,9,lat_menor_que_menos35,26100,14484.73172542109,595.4260646700859,14772.543067276478,10001.415236165016,17451.68248953376
climatology,C,2020-09-01,2020,9,lat_menos35_a_menos15,20880,31776.99239392193,12815.749181331834,16491.398959406884,28808.49943057925,18808.59412325443
climatology,C,2020-09-01,2020,9,lat_maior_igual_menos15,31581,94703.88801161086,12528.789768370334,34946.71248820005,93578.2873783892,31215.50842646724
climatology,C,2020-10-01,2020,10,dominio_inteiro,78561,227996.19573441063,26969.688330884997,86267.94030935827,213342.92437406295,67475.78503925544
climatology,C,2020-10-01,2020,10,lat_menor_que_menos35,26100,19991.33580856434,3575.002214699984,17036.32691398263,14261.224992927588,17451.68248953376
climatology,C,2020-10-01,2020,10,lat_menos35_a_menos15,20880,79664.08292727853,3603.261750820995,25940.23888208854,72128.84777235585,18808.59412325443
climatology,C,2020-10-01,2020,10,lat_maior_igual_menos15,31581,128340.7769985678,19791.42436536401,43291.3745132871,126952.85160877954,31215.50842646724
climatology,C,2020-11-01,2020,11,dominio_inteiro,78561,472738.730262526,380.6944325849763,117942.1423712166,454888.65231703286,67475.78503925544
climatology,C,2020-11-01,2020,11,lat_menor_que_menos35,26100,22530.841552143916,13675.32194635272,17655.92827704549,16774.156538606716,17451.68248953376
climatology,C,2020-11-01,2020,11,lat_menos35_a_menos15,20880,86075.80282504161,11315.892788092078,28313.328420718924,78886.34410261786,18808.59412325443
climatology,C,2020-11-01,2020,11,lat_maior_igual_menos15,31581,364132.0858853405,-24610.520301859822,71972.88567345217,359228.1516758083,31215.50842646724
climatology,C,2020-12-01,2020,12,dominio_inteiro,78561,327167.8181757311,2423.989321116009,94207.64214620006,313877.61177219683,67475.78503925544
climatology,C,2020-12-01,2020,12,lat_menor_que_menos35,26100,10387.823450568623,1933.082284465432,12426.616008922458,7399.505298897277,17451.68248953376
climatology,C,2020-12-01,2020,12,lat_menos35_a_menos15,20880,82886.45353696955,12459.457905534306,28418.61266480398,74805.22447726024,18808.59412325443
climatology,C,2020-12-01,2020,12,lat_maior_igual_menos15,31581,233893.54118819293,-11968.550868883727,53362.41347247362,231672.8819960393,31215.50842646724
