modelo,bloco,mes_alvo,ano,mes,regiao,n,sse,soma_erro,soma_erro_absoluto,sse_area,peso_area
controle,H1,2007-01-01,2007,1,dominio_inteiro,78561,236447.83542353736,10947.688583662566,84728.0593852085,221545.32211790173,67475.78503925544
controle,H1,2007-01-01,2007,1,lat_menor_que_menos35,26100,26408.396695879495,-125.24787283473006,17679.068927786873,19179.717825708358,17451.68248953376
controle,H1,2007-01-01,2007,1,lat_menos35_a_menos15,20880,80277.77795698663,-7887.883791842055,25456.458820271895,73424.47748340096,18808.59412325443
controle,H1,2007-01-01,2007,1,lat_maior_igual_menos15,31581,129761.66077067125,18960.82024833935,41592.53163714974,128941.12680879243,31215.50842646724
controle,H1,2007-02-01,2007,2,dominio_inteiro,78561,371011.7121710596,7663.202409545062,108761.11424968006,353763.567611099,67475.78503925544
controle,H1,2007-02-01,2007,2,lat_menor_que_menos35,26100,32058.77589002286,-620.0942219204024,21788.38214874415,23034.596665692763,17451.68248953376
controle,H1,2007-02-01,2007,2,lat_menos35_a_menos15,20880,71305.48301431585,-4464.1753285839295,24155.15853630616,65092.20689489308,18808.59412325443
controle,H1,2007-02-01,2007,2,lat_maior_igual_menos15,31581,267647.453266721,12747.471960049397,62817.57356462973,265636.76405051316,31215.50842646724
controle,H1,2007-03-01,2007,3,dominio_inteiro,78561,324723.3688100964,-2586.2736643605795,94127.82146586725,304609.1355985978,67475.78503925544
controle,H1,2007-03-01,2007,3,lat_menor_que_menos35,26100,26813.141200814018,-4753.025074883196,17941.5798924638,19564.60058635884,17451.68248953376
controle,H1,2007-03-01,2007,3,lat_menos35_a_menos15,20880,103970.81245610425,7086.537848804346,29047.331359688196,92196.935640034,18808.59412325443
controle,H1,2007-03-01,2007,3,lat_maior_igual_menos15,31581,193939.41515317812,-4919.7864382817315,47138.91021371526,192847.59937220495,31215.50842646724
controle,H1,2007-04-01,2007,4,dominio_inteiro,78561,164588.43358625929,-9853.718807280235,69017.22759562841,153643.2864592959,67475.78503925544
controle,H1,2007-04-01,2007,4,lat_menor_que_menos35,26100,26190.105144332458,-6218.537361273253,18206.166657702786,17559.656252390534,17451.68248953376
controle,H1,2007-04-01,2007,4,lat_menos35_a_menos15,20880,17019.452688685207,2048.5512048244696,12811.159934343505,15153.486401715472,18808.59412325443
controle,H1,2007-04-01,2007,4,lat_maior_igual_menos15,31581,121378.87575324156,-5683.732650831452,37999.901003582134,120930.14380518987,31215.50842646724
controle,H1,2007-05-01,2007,5,dominio_inteiro,78561,279329.67071650666,1497.093549413039,85221.55764845037,261123.1457333416,67475.78503925544
controle,H1,2007-05-01,2007,5,lat_menor_que_menos35,26100,53764.83992266265,8490.581477813921,24335.32114693671,39778.9902437475,17451.68248953376
controle,H1,2007-05-01,2007,5,lat_menos35_a_menos15,20880,24097.43267741115,955.6462712516884,14603.514915171101,20925.05626211162,18808.59412325443
controle,H1,2007-05-01,2007,5,lat_maior_igual_menos15,31581,201467.3981164329,-7949.134199652568,46282.72158634255,200419.09922748248,31215.50842646724
controle,H1,2007-06-01,2007,6,dominio_inteiro,78561,200779.5625132119,18447.83343986622,75070.50062652615,189140.07350587437,67475.78503925544
controle,H1,2007-06-01,2007,6,lat_menor_que_menos35,26100,26925.4330199276,-1242.0414684579152,18372.25511810767,19076.427837030325,17451.68248953376
controle,H1,2007-06-01,2007,6,lat_menos35_a_menos15,20880,24117.691650949953,6910.111229613936,15026.527946414275,21449.309858436187,18808.59412325443
controle,H1,2007-06-01,2007,6,lat_maior_igual_menos15,31581,149736.43784233433,12779.763678710198,41671.7175620042,148614.33581040788,31215.50842646724
controle,H1,2007-07-01,2007,7,dominio_inteiro,78561,152256.29393452706,11527.56279931265,63219.218387870984,141149.77925171924,67475.78503925544
controle,H1,2007-07-01,2007,7,lat_menor_que_menos35,26100,27259.95643076616,4068.915130779975,18430.43270906777,19710.331378910745,17451.68248953376
controle,H1,2007-07-01,2007,7,lat_menos35_a_menos15,20880,21217.547074052673,69.43745595239412,14067.996492938762,18517.05727186725,18808.59412325443
controle,H1,2007-07-01,2007,7,lat_maior_igual_menos15,31581,103778.79042970826,7389.210212580281,30720.789185864458,102922.39060094127,31215.50842646724
controle,H1,2007-08-01,2007,8,dominio_inteiro,78561,226957.80209634913,-15175.729110656801,75129.09855151642,214949.183918392,67475.78503925544
controle,H1,2007-08-01,2007,8,lat_menor_que_menos35,26100,23953.891891017272,-4623.272053571581,18093.005925807207,16512.774701648035,17451.68248953376
controle,H1,2007-08-01,2007,8,lat_menos35_a_menos15,20880,18479.30824245687,7358.217972295006,13918.998292125707,16193.717127780754,18808.59412325443
controle,H1,2007-08-01,2007,8,lat_maior_igual_menos15,31581,184524.60196287493,-17910.67502938023,43117.0943335835,182242.6920889632,31215.50842646724
controle,H1,2007-09-01,2007,9,dominio_inteiro,78561,178354.49626282143,17189.062557569454,72863.18446196859,167341.42123912182,67475.78503925544
controle,H1,2007-09-01,2007,9,lat_menor_que_menos35,26100,21064.342212508553,52.41539776773925,17129.598784407142,15114.340350167175,17451.68248953376
controle,H1,2007-09-01,2007,9,lat_menos35_a_menos15,20880,38200.39267368255,13839.965288690006,19482.978248168238,34443.628832243565,18808.59412325443
controle,H1,2007-09-01,2007,9,lat_maior_igual_menos15,31581,119089.76137663031,3296.6818711117094,36250.6074293932,117783.4520567111,31215.50842646724
controle,H1,2007-10-01,2007,10,dominio_inteiro,78561,242262.90442164108,-7748.504906653676,81083.93023839076,228327.4133507476,67475.78503925544
controle,H1,2007-10-01,2007,10,lat_menor_que_menos35,26100,26945.85001359805,-7632.144421929834,18450.02843345275,19177.625688252705,17451.68248953376
controle,H1,2007-10-01,2007,10,lat_menos35_a_menos15,20880,42074.617032938084,11314.846740619749,20262.17205882689,37507.36001725689,18808.59412325443
controle,H1,2007-10-01,2007,10,lat_maior_igual_menos15,31581,173242.437375105,-11431.20722534359,42371.729746111116,171642.427645238,31215.50842646724
controle,H1,2007-11-01,2007,11,dominio_inteiro,78561,206604.81870442448,-5513.618494238879,80160.2282712273,191542.1441633628,67475.78503925544
controle,H1,2007-11-01,2007,11,lat_menor_que_menos35,26100,34909.433486595255,-10608.400176459176,20412.50205082625,25428.118173754912,17451.68248953376
controle,H1,2007-11-01,2007,11,lat_menos35_a_menos15,20880,50946.12742392755,-273.06629774838734,20716.582817885803,46568.04289885718,18808.59412325443
controle,H1,2007-11-01,2007,11,lat_maior_igual_menos15,31581,120749.2577939017,5367.847979968681,39031.14340251525,119545.9830907507,31215.50842646724
controle,H1,2007-12-01,2007,12,dominio_inteiro,78561,227063.2288723333,-2689.793385606195,77025.3258434292,218356.0063768009,67475.78503925544
controle,H1,2007-12-01,2007,12,lat_menor_que_menos35,26100,10956.605048095245,4099.225619772482,12385.357918474589,7884.41656735846,17451.68248953376
controle,H1,2007-12-01,2007,12,lat_menos35_a_menos15,20880,49274.289831151254,4548.466015093683,20398.32414920349,44843.80382395425,18808.59412325443
controle,H1,2007-12-01,2007,12,lat_maior_igual_menos15,31581,166832.33399308682,-11337.485020472359,44241.64377575111,165627.7859854882,31215.50842646724
controle,H1,2008-01-01,2008,1,dominio_inteiro,78561,273070.1533347356,-22.03170897527889,86432.84054001502,259087.1460979109,67475.78503925544
controle,H1,2008-01-01,2008,1,lat_menor_que_menos35,26100,22707.92490057751,7270.216535432282,17609.432939678867,15635.923347569289,17451.68248953376
controle,H1,2008-01-01,2008,1,lat_menos35_a_menos15,20880,74927.24497383449,-9839.7974179505,24025.43985667031,68890.47337316067,18808.59412325443
controle,H1,2008-01-01,2008,1,lat_maior_igual_menos15,31581,175434.98346032362,2547.5491735429378,44797.96774366586,174560.74937718097,31215.50842646724
controle,H1,2008-02-01,2008,2,dominio_inteiro,78561,266783.17177175946,-19115.760462590504,89330.61620917612,252204.3981107935,67475.78503925544
controle,H1,2008-02-01,2008,2,lat_menor_que_menos35,26100,18529.971433890045,427.8467170481083,16483.341524303134,13065.726192637105,17451.68248953376
controle,H1,2008-02-01,2008,2,lat_menos35_a_menos15,20880,87572.98788739814,-12280.066557407583,26250.446503324656,79214.73007156949,18808.59412325443
controle,H1,2008-02-01,2008,2,lat_maior_igual_menos15,31581,160680.2124504713,-7263.540622231031,46596.82818154833,159923.9418465869,31215.50842646724
controle,H1,2008-03-01,2008,3,dominio_inteiro,78561,185531.64005579907,-1355.9956957958298,76239.13358035333,173179.3522105572,67475.78503925544
controle,H1,2008-03-01,2008,3,lat_menor_que_menos35,26100,27704.91027972508,7712.447215884327,18549.14459184853,19320.22401369003,17451.68248953376
controle,H1,2008-03-01,2008,3,lat_menos35_a_menos15,20880,33639.35405951504,-368.27924493738004,17177.782682788773,30223.097554198757,18808.59412325443
controle,H1,2008-03-01,2008,3,lat_maior_igual_menos15,31581,124187.37571655892,-8700.163666742777,40512.206305716034,123636.03064266844,31215.50842646724
controle,H1,2008-04-01,2008,4,dominio_inteiro,78561,237804.26396594482,-6783.064714526323,88352.8167525037,222215.46193454618,67475.78503925544
controle,H1,2008-04-01,2008,4,lat_menor_que_menos35,26100,33442.86006045157,-6264.794547713136,22383.327587325603,23507.962962064383,17451.68248953376
controle,H1,2008-04-01,2008,4,lat_menos35_a_menos15,20880,47538.254695982665,-3841.3359427092155,21161.918925703096,42469.27686757267,18808.59412325443
controle,H1,2008-04-01,2008,4,lat_maior_igual_menos15,31581,156823.1492095106,3323.0657758960288,44807.57023947499,156238.22210490916,31215.50842646724
controle,H1,2008-05-01,2008,5,dominio_inteiro,78561,206685.1246486918,-6807.89184729645,83272.69323167672,189899.45875489473,67475.78503925544
controle,H1,2008-05-01,2008,5,lat_menor_que_menos35,26100,45034.782108803534,-10181.437932266184,23757.68070637465,33383.59195367433,17451.68248953376
controle,H1,2008-05-01,2008,5,lat_menos35_a_menos15,20880,34804.8346694665,3288.8175427125107,18821.43680376051,30354.017384201696,18808.59412325443
controle,H1,2008-05-01,2008,5,lat_maior_igual_menos15,31581,126845.50787042174,84.72854225722631,40693.575721541565,126161.84941701872,31215.50842646724
controle,H1,2008-06-01,2008,6,dominio_inteiro,78561,227643.12248634818,847.6646613651047,71882.95291163787,219547.59611473608,67475.78503925544
controle,H1,2008-06-01,2008,6,lat_menor_que_menos35,26100,24032.983419243315,10123.961701555727,17351.453169820565,17573.61637380092,17451.68248953376
controle,H1,2008-06-01,2008,6,lat_menos35_a_menos15,20880,9045.719623634022,3666.023391936429,9332.112474032781,7982.030505567462,18808.59412325443
controle,H1,2008-06-01,2008,6,lat_maior_igual_menos15,31581,194564.41944347086,-12942.320432127048,45199.38726778452,193991.94923536768,31215.50842646724
controle,H1,2008-07-01,2008,7,dominio_inteiro,78561,167499.64337195357,-10415.214678607494,69012.20203460648,156187.56835303243,67475.78503925544
controle,H1,2008-07-01,2008,7,lat_menor_que_menos35,26100,30816.585971400258,-3500.1309966200356,18690.413325035992,22827.55119295876,17451.68248953376
controle,H1,2008-07-01,2008,7,lat_menos35_a_menos15,20880,18947.499260669632,5287.503449900521,13499.949369530048,16674.665669623835,18808.59412325443
controle,H1,2008-07-01,2008,7,lat_maior_igual_menos15,31581,117735.55813988367,-12202.587131887976,36821.839340040446,116685.35149044983,31215.50842646724
controle,H1,2008-08-01,2008,8,dominio_inteiro,78561,163255.69611357796,-19106.345058424686,67956.84837841785,146996.6740819729,67475.78503925544
controle,H1,2008-08-01,2008,8,lat_menor_que_menos35,26100,43315.01415431734,-13854.977779560144,22856.037013056506,31185.140171260045,17451.68248953376
controle,H1,2008-08-01,2008,8,lat_menos35_a_menos15,20880,24092.319465376073,-5918.834937572024,13831.792284124538,20941.754835369644,18808.59412325443
controle,H1,2008-08-01,2008,8,lat_maior_igual_menos15,31581,95848.36249388455,667.4676587074819,31269.019081236802,94869.77907534319,31215.50842646724
controle,H1,2008-09-01,2008,9,dominio_inteiro,78561,157238.43675444985,26512.467769287603,70803.25934116705,142098.65120962178,67475.78503925544
controle,H1,2008-09-01,2008,9,lat_menor_que_menos35,26100,36451.55152667694,17177.88747887689,23909.878906311842,24848.962987791252,17451.68248953376
controle,H1,2008-09-01,2008,9,lat_menos35_a_menos15,20880,26387.951753915946,4262.0923322262715,15497.466221504377,23805.104138757444,18808.59412325443
controle,H1,2008-09-01,2008,9,lat_maior_igual_menos15,31581,94398.93347385697,5072.487958184438,31395.91421335083,93444.58408307307,31215.50842646724
controle,H1,2008-10-01,2008,10,dominio_inteiro,78561,239631.35772817492,-17670.197730687272,80908.97557100534,227790.59397983615,67475.78503925544
controle,H1,2008-10-01,2008,10,lat_menor_que_menos35,26100,16201.935717728345,1512.2951650672617,15916.027703976255,11299.037796832012,17451.68248953376
controle,H1,2008-10-01,2008,10,lat_menos35_a_menos15,20880,43549.539473830824,3745.7098535738505,19262.995180825004,39383.97591116722,18808.59412325443
controle,H1,2008-10-01,2008,10,lat_maior_igual_menos15,31581,179879.88253661577,-22928.202749328382,45729.95268620408,177107.58027183692,31215.50842646724
controle,H1,2008-11-01,2008,11,dominio_inteiro,78561,399758.3273510786,-11020.490858235391,98873.23247272312,383659.0072901029,67475.78503925544
controle,H1,2008-11-01,2008,11,lat_menor_que_menos35,26100,22544.09487240341,5361.715209010411,16861.688438026948,16754.22426449963,17451.68248953376
controle,H1,2008-11-01,2008,11,lat_menos35_a_menos15,20880,76922.77310200776,2461.6894869651414,24986.57669048853,69901.70705499433,18808.59412325443
controle,H1,2008-11-01,2008,11,lat_maior_igual_menos15,31581,300291.45937666745,-18843.89555421094,57024.96734420763,297003.075970609,31215.50842646724
controle,H1,2008-12-01,2008,12,dominio_inteiro,78561,293532.80763527215,-6983.355854336629,93956.61527210048,278337.6306812755,67475.78503925544
controle,H1,2008-12-01,2008,12,lat_menor_que_menos35,26100,20458.659646440323,7083.536102555004,16436.80729991054,14634.012711228948,17451.68248953376
controle,H1,2008-12-01,2008,12,lat_menos35_a_menos15,20880,73435.83243666765,641.3309349899897,25299.622086853968,65730.35952816176,18808.59412325443
controle,H1,2008-12-01,2008,12,lat_maior_igual_menos15,31581,199638.3155521642,-14708.222891881624,52220.18588533597,197973.25844188477,31215.50842646724
sst_8pcs,H1,2007-01-01,2007,1,dominio_inteiro,78561,240976.64048562452,11453.439658168536,85684.32458748695,225877.97379842546,67475.78503925544
sst_8pcs,H1,2007-01-01,2007,1,lat_menor_que_menos35,26100,26591.516948357836,-258.970371761995,17728.305705172574,19303.74724902549,17451.68248953376
sst_8pcs,H1,2007-01-01,2007,1,lat_menos35_a_menos15,20880,81239.97528334976,-7409.720719233179,25741.65722168633,74322.6766991833,18808.59412325443
sst_8pcs,H1,2007-01-01,2007,1,lat_maior_igual_menos15,31581,133145.14825391694,19122.13074916371,42214.36166062804,132251.5498502167,31215.50842646724
sst_8pcs,H1,2007-02-01,2007,2,dominio_inteiro,78561,373290.88633755874,3228.2120853205174,108735.10814143032,355974.16853240045,67475.78503925544
sst_8pcs,H1,2007-02-01,2007,2,lat_menor_que_menos35,26100,31419.384896170857,-2528.3607001627547,21703.37894061864,22466.79387383182,17451.68248953376
sst_8pcs,H1,2007-02-01,2007,2,lat_menos35_a_menos15,20880,72795.06398096656,-5156.020833944996,24275.389214797993,66486.09843183488,18808.59412325443
sst_8pcs,H1,2007-02-01,2007,2,lat_maior_igual_menos15,31581,269076.43746042135,10912.593619428268,62756.3399860137,267021.2762267338,31215.50842646724
sst_8pcs,H1,2007-03-01,2007,3,dominio_inteiro,78561,329911.49442789884,-7901.321816548417,94738.4224356674,309479.865611891,67475.78503925544
sst_8pcs,H1,2007-03-01,2007,3,lat_menor_que_menos35,26100,27480.80664437524,-6814.965417901817,18220.48374709086,19959.985341777076,17451.68248953376
sst_8pcs,H1,2007-03-01,2007,3,lat_menos35_a_menos15,20880,103192.06698176728,7022.308672553593,29370.020104192474,91325.73477640629,18808.59412325443
sst_8pcs,H1,2007-03-01,2007,3,lat_maior_igual_menos15,31581,199238.62080175636,-8108.665071200196,47147.91858438405,198194.14549370762,31215.50842646724
sst_8pcs,H1,2007-04-01,2007,4,dominio_inteiro,78561,154206.26292291857,-7316.391964739475,66973.45183863072,143574.07868719628,67475.78503925544
sst_8pcs,H1,2007-04-01,2007,4,lat_menor_que_menos35,26100,25362.154716121677,-5877.96705958032,18073.995391806988,17021.364114903266,17451.68248953376
sst_8pcs,H1,2007-04-01,2007,4,lat_menos35_a_menos15,20880,16860.690201375528,2021.770220128003,12730.028460537605,15011.524558648296,18808.59412325443
sst_8pcs,H1,2007-04-01,2007,4,lat_maior_igual_menos15,31581,111983.41800542135,-3460.1951252871577,36169.42798628612,111541.19001364472,31215.50842646724
sst_8pcs,H1,2007-05-01,2007,5,dominio_inteiro,78561,282495.160114798,702.9646977462833,85427.13929871844,264268.8204088779,67475.78503925544
sst_8pcs,H1,2007-05-01,2007,5,lat_menor_que_menos35,26100,53786.24965089182,8789.42290355315,24359.08051249847,39822.858388565546,17451.68248953376
sst_8pcs,H1,2007-05-01,2007,5,lat_menos35_a_menos15,20880,24199.414895182275,893.8631653289419,14623.99439887872,21007.839808724788,18808.59412325443
sst_8pcs,H1,2007-05-01,2007,5,lat_maior_igual_menos15,31581,204509.4955687239,-8980.321371135806,46444.064387341255,203438.1222115876,31215.50842646724
sst_8pcs,H1,2007-06-01,2007,6,dominio_inteiro,78561,202204.1711145195,21230.55027066313,75508.27332927825,190772.91890373125,67475.78503925544
sst_8pcs,H1,2007-06-01,2007,6,lat_menor_que_menos35,26100,26190.232030920877,-1066.7533564433834,18093.2225646405,18569.594145414674,17451.68248953376
sst_8pcs,H1,2007-06-01,2007,6,lat_menos35_a_menos15,20880,24021.632177635238,6953.711707436527,14953.18513980968,21369.16965281385,18808.59412325443
sst_8pcs,H1,2007-06-01,2007,6,lat_maior_igual_menos15,31581,151992.30690596337,15343.591919669989,42461.86562482806,150834.15510550272,31215.50842646724
sst_8pcs,H1,2007-07-01,2007,7,dominio_inteiro,78561,153731.89766673534,13536.391848738607,63510.047994201836,142173.41252476696,67475.78503925544
sst_8pcs,H1,2007-07-01,2007,7,lat_menor_que_menos35,26100,28481.790796920995,4829.149117459439,18731.4782679445,20459.85846800007,17451.68248953376
sst_8pcs,H1,2007-07-01,2007,7,lat_menos35_a_menos15,20880,21084.13123323612,579.9397434854121,14084.063949117764,18392.64313508057,18808.59412325443
sst_8pcs,H1,2007-07-01,2007,7,lat_maior_igual_menos15,31581,104165.97563657827,8127.302987793757,30694.505777139573,103320.91092168633,31215.50842646724
sst_8pcs,H1,2007-08-01,2007,8,dominio_inteiro,78561,222873.90123030235,-17905.093404362186,74172.23643762799,210792.5314239491,67475.78503925544
sst_8pcs,H1,2007-08-01,2007,8,lat_menor_que_menos35,26100,24484.028850584556,-5868.35589113289,18215.624556480238,16876.136040788275,17451.68248953376
sst_8pcs,H1,2007-08-01,2007,8,lat_menos35_a_menos15,20880,17253.255370593568,6108.836859099447,13119.138312115581,15064.425049518608,18808.59412325443
sst_8pcs,H1,2007-08-01,2007,8,lat_maior_igual_menos15,31581,181136.6170091242,-18145.57437232874,42837.473569032176,178851.97033364224,31215.50842646724
sst_8pcs,H1,2007-09-01,2007,9,dominio_inteiro,78561,175947.28375527298,16321.856256455805,72377.03994586767,164947.7028335609,67475.78503925544
sst_8pcs,H1,2007-09-01,2007,9,lat_menor_que_menos35,26100,21295.92227712166,-69.58082261232857,17215.45999495079,15272.855597750075,17451.68248953376
sst_8pcs,H1,2007-09-01,2007,9,lat_menos35_a_menos15,20880,37760.26164031935,13682.012417405616,19345.03404852281,34066.83988945189,18808.59412325443
sst_8pcs,H1,2007-09-01,2007,9,lat_maior_igual_menos15,31581,116891.09983783192,2709.424661662518,35816.545902394064,115608.00734635892,31215.50842646724
sst_8pcs,H1,2007-10-01,2007,10,dominio_inteiro,78561,238329.80231138843,-5970.640377448568,80804.28847289133,224500.60692171927,67475.78503925544
sst_8pcs,H1,2007-10-01,2007,10,lat_menor_que_menos35,26100,26691.12220875234,-7495.732555898247,18358.08614997995,19000.591013897945,17451.68248953376
sst_8pcs,H1,2007-10-01,2007,10,lat_menos35_a_menos15,20880,42430.32874229207,12050.388690590484,20443.675112216228,37847.79392531135,18808.59412325443
sst_8pcs,H1,2007-10-01,2007,10,lat_maior_igual_menos15,31581,169208.351360344,-10525.296512140805,42002.52721069517,167652.22198251,31215.50842646724
sst_8pcs,H1,2007-11-01,2007,11,dominio_inteiro,78561,205327.0125568045,-30.0310201720431,80501.66901614463,190529.1036403663,67475.78503925544
sst_8pcs,H1,2007-11-01,2007,11,lat_menor_que_menos35,26100,33999.86483809781,-7948.311171841991,20351.118352135727,24758.06705617572,17451.68248953376
sst_8pcs,H1,2007-11-01,2007,11,lat_menos35_a_menos15,20880,50593.94437142581,-609.782577188874,20600.733826003183,46278.88115459818,18808.59412325443
sst_8pcs,H1,2007-11-01,2007,11,lat_maior_igual_menos15,31581,120733.20334728085,8528.062728858822,39549.81683800572,119492.15542959241,31215.50842646724
sst_8pcs,H1,2007-12-01,2007,12,dominio_inteiro,78561,225665.41373127964,4905.671210423761,78104.58148677593,216434.4047903028,67475.78503925544
sst_8pcs,H1,2007-12-01,2007,12,lat_menor_que_menos35,26100,12851.944455253362,7416.6810988905245,13455.541660050756,9345.746124402704,17451.68248953376
sst_8pcs,H1,2007-12-01,2007,12,lat_menos35_a_menos15,20880,49813.13604770644,6285.373658179611,20798.558688387056,45274.306364182,18808.59412325443
sst_8pcs,H1,2007-12-01,2007,12,lat_maior_igual_menos15,31581,163000.33322831983,-8796.383546646375,43850.481138338124,161814.35230171809,31215.50842646724
sst_8pcs,H1,2008-01-01,2008,1,dominio_inteiro,78561,271054.4245015603,3102.1611586512136,87046.87092752746,256491.46575593503,67475.78503925544
sst_8pcs,H1,2008-01-01,2008,1,lat_menor_que_menos35,26100,24312.3940982614,9398.057780883293,18545.9026516183,16631.007242210864,17451.68248953376
sst_8pcs,H1,2008-01-01,2008,1,lat_menos35_a_menos15,20880,74951.58155700758,-8667.555846893087,24122.2905410112,68963.27382192695,18808.59412325443
sst_8pcs,H1,2008-01-01,2008,1,lat_maior_igual_menos15,31581,171790.44884629129,2371.659224661008,44378.67773489796,170897.18469179724,31215.50842646724
sst_8pcs,H1,2008-02-01,2008,2,dominio_inteiro,78561,271448.7648942068,-19197.322299872187,89779.86136004915,256763.84048398404,67475.78503925544
sst_8pcs,H1,2008-02-01,2008,2,lat_menor_que_menos35,26100,18490.05121000507,578.7832581444156,16358.770202493457,13011.496855197769,17451.68248953376
sst_8pcs,H1,2008-02-01,2008,2,lat_menos35_a_menos15,20880,88126.09635075038,-12760.753189743584,26383.538227727397,79688.51465664573,18808.59412325443
sst_8pcs,H1,2008-02-01,2008,2,lat_maior_igual_menos15,31581,164832.6173334513,-7015.352368273019,47037.552929828285,164063.82897214053,31215.50842646724
sst_8pcs,H1,2008-03-01,2008,3,dominio_inteiro,78561,181243.20178042777,1724.3718606193192,75870.48200132308,169070.48971148158,67475.78503925544
sst_8pcs,H1,2008-03-01,2008,3,lat_menor_que_menos35,26100,27409.779556085847,7966.495125002562,18644.010713183758,19146.56872121899,17451.68248953376
sst_8pcs,H1,2008-03-01,2008,3,lat_menos35_a_menos15,20880,33034.4098515556,141.57703889600936,17117.53264504086,29664.717796707322,18808.59412325443
sst_8pcs,H1,2008-03-01,2008,3,lat_maior_igual_menos15,31581,120799.01237278632,-6383.700303279252,40108.93864309848,120259.20319355528,31215.50842646724
sst_8pcs,H1,2008-04-01,2008,4,dominio_inteiro,78561,236715.0411620342,-600.2732289094427,89177.64135161148,220868.8134244391,67475.78503925544
sst_8pcs,H1,2008-04-01,2008,4,lat_menor_que_menos35,26100,34189.24433254788,-5600.905134959852,22550.87319771743,24056.22678119698,17451.68248953376
sst_8pcs,H1,2008-04-01,2008,4,lat_menos35_a_menos15,20880,47516.94894523064,-2683.0851243926236,21226.36510787323,42400.39501994256,18808.59412325443
sst_8pcs,H1,2008-04-01,2008,4,lat_maior_igual_menos15,31581,155008.84788425572,7683.717030443032,45400.40304602082,154412.19162329956,31215.50842646724
sst_8pcs,H1,2008-05-01,2008,5,dominio_inteiro,78561,208033.46477544494,-1956.5112584623919,83649.08921321419,191652.00077537325,67475.78503925544
sst_8pcs,H1,2008-05-01,2008,5,lat_menor_que_menos35,26100,43489.149197996274,-9881.791457874962,23371.164789630187,32165.449833115472,17451.68248953376
sst_8pcs,H1,2008-05-01,2008,5,lat_menos35_a_menos15,20880,34288.991997385354,3721.4274269134776,18826.083690560037,29928.576770948865,18808.59412325443
sst_8pcs,H1,2008-05-01,2008,5,lat_maior_igual_menos15,31581,130255.3235800633,4203.8527724990945,41451.84073302396,129557.9741713089,31215.50842646724
sst_8pcs,H1,2008-06-01,2008,6,dominio_inteiro,78561,228906.35956982122,2346.0724725853743,72566.20099933285,220527.58358935307,67475.78503925544
sst_8pcs,H1,2008-06-01,2008,6,lat_menor_que_menos35,26100,24909.117327879045,10457.060565991877,17676.737075584653,18197.220374841458,17451.68248953376
sst_8pcs,H1,2008-06-01,2008,6,lat_menos35_a_menos15,20880,9202.695515439638,3929.6226568212624,9453.928372226026,8115.432280598591,18808.59412325443
sst_8pcs,H1,2008-06-01,2008,6,lat_maior_igual_menos15,31581,194794.5467265025,-12040.610750227761,45435.53555152217,194214.930933913,31215.50842646724
sst_8pcs,H1,2008-07-01,2008,7,dominio_inteiro,78561,165627.60814959055,-6820.171722450603,69180.59769609112,154211.033760132,67475.78503925544
sst_8pcs,H1,2008-07-01,2008,7,lat_menor_que_menos35,26100,31336.51459208146,-2735.678466928876,18850.272456414135,23233.07881206929,17451.68248953376
sst_8pcs,H1,2008-07-01,2008,7,lat_menos35_a_menos15,20880,19088.48895194057,5849.606158782242,13561.751030075598,16803.351898175843,18808.59412325443
sst_8pcs,H1,2008-07-01,2008,7,lat_maior_igual_menos15,31581,115202.60460556851,-9934.099414303968,36768.574209601386,114174.60304988685,31215.50842646724
sst_8pcs,H1,2008-08-01,2008,8,dominio_inteiro,78561,159285.24957787897,-15943.437481186877,67486.86723010406,143603.5641527073,67475.78503925544
sst_8pcs,H1,2008-08-01,2008,8,lat_menor_que_menos35,26100,41827.05088301451,-13452.580058332887,22396.78159979956,30135.49252563117,17451.68248953376
sst_8pcs,H1,2008-08-01,2008,8,lat_menos35_a_menos15,20880,23444.53763197363,-5538.520663361541,13682.504160857057,20384.845293598133,18808.59412325443
sst_8pcs,H1,2008-08-01,2008,8,lat_maior_igual_menos15,31581,94013.66106289084,3047.6632405075525,31407.58146944744,93083.22633347797,31215.50842646724
sst_8pcs,H1,2008-09-01,2008,9,dominio_inteiro,78561,162978.15014412237,28945.403343427886,71873.2847203431,147283.0732551977,67475.78503925544
sst_8pcs,H1,2008-09-01,2008,9,lat_menor_que_menos35,26100,38278.58981106379,18307.38948691267,24665.79827991583,26162.06941033489,17451.68248953376
sst_8pcs,H1,2008-09-01,2008,9,lat_menos35_a_menos15,20880,26224.76723837819,4374.337071002974,15446.638847144275,23636.91077130992,18808.59412325443
sst_8pcs,H1,2008-09-01,2008,9,lat_maior_igual_menos15,31581,98474.79309468038,6263.67678551224,31760.847593282997,97484.0930735529,31215.50842646724
sst_8pcs,H1,2008-10-01,2008,10,dominio_inteiro,78561,242111.00956301653,-21591.656251962355,81517.0708879883,230209.27009058252,67475.78503925544
sst_8pcs,H1,2008-10-01,2008,10,lat_menor_que_menos35,26100,16469.86280504579,1454.475088434017,16186.19023042593,11505.486195354146,17451.68248953376
sst_8pcs,H1,2008-10-01,2008,10,lat_menos35_a_menos15,20880,41631.94477085589,2684.4502347923435,18883.829561590705,37579.1587329551,18808.59412325443
sst_8pcs,H1,2008-10-01,2008,10,lat_maior_igual_menos15,31581,184009.20198711485,-25730.581575188713,46447.05109597168,181124.62516227327,31215.50842646724
sst_8pcs,H1,2008-11-01,2008,11,dominio_inteiro,78561,399585.7677412126,-11711.564908417866,99108.91570549503,383327.59997490223,67475.78503925544
sst_8pcs,H1,2008-11-01,2008,11,lat_menor_que_menos35,26100,23016.535325316076,4506.602498871628,16894.560862783488,17106.96159220058,17451.68248953376
sst_8pcs,H1,2008-11-01,2008,11,lat_menos35_a_menos15,20880,77222.18662736002,2249.5873097065605,24952.986112479517,70131.91778037691,18808.59412325443
sst_8pcs,H1,2008-11-01,2008,11,lat_maior_igual_menos15,31581,299347.0457885365,-18467.754716996053,57261.368730232025,296088.72060232476,31215.50842646724
sst_8pcs,H1,2008-12-01,2008,12,dominio_inteiro,78561,286536.3801886424,-7311.069470676486,93713.66897313538,271378.8505990149,67475.78503925544
sst_8pcs,H1,2008-12-01,2008,12,lat_menor_que_menos35,26100,20191.378077338144,6328.007614911777,16288.44467136182,14410.313829226618,17451.68248953376
sst_8pcs,H1,2008-12-01,2008,12,lat_menos35_a_menos15,20880,73671.8671115401,-9.935259314825771,25448.52578704573,65945.2044681507,18808.59412325443
sst_8pcs,H1,2008-12-01,2008,12,lat_maior_igual_menos15,31581,192673.1349997642,-13629.141826273437,51976.69851472783,191023.33230163757,31215.50842646724
climatologia,H1,2007-01-01,2007,1,dominio_inteiro,78561,243727.01710497116,15843.211771037662,85997.42456723785,229197.5254961048,67475.78503925544
climatologia,H1,2007-01-01,2007,1,lat_menor_que_menos35,26100,27648.846527206602,-337.2764429003,17793.275801360607,20049.812313113292,17451.68248953376
climatologia,H1,2007-01-01,2007,1,lat_menos35_a_menos15,20880,71603.04432652556,-7327.6487991584,24054.193490367732,65410.670115764326,18808.59412325443
climatologia,H1,2007-01-01,2007,1,lat_maior_igual_menos15,31581,144475.12625123898,23508.137013096362,44149.95527550951,143737.0430672272,31215.50842646724
climatologia,H1,2007-02-01,2007,2,dominio_inteiro,78561,380213.93210152956,4923.407014134107,108777.75360213337,363791.8104677605,67475.78503925544
climatologia,H1,2007-02-01,2007,2,lat_menor_que_menos35,26100,29069.556796687568,-1050.6165217757225,20857.72514501214,20912.25030703441,17451.68248953376
climatologia,H1,2007-02-01,2007,2,lat_menos35_a_menos15,20880,69583.02872058829,-4453.401524867164,23653.187537211226,63520.03614057136,18808.59412325443
climatologia,H1,2007-02-01,2007,2,lat_maior_igual_menos15,31581,281561.34658425365,10427.425060776994,64266.84091991,279359.5240201548,31215.50842646724
climatologia,H1,2007-03-01,2007,3,dominio_inteiro,78561,428567.50484308985,-7735.020480127074,104197.39545666892,407636.9493910697,67475.78503925544
climatologia,H1,2007-03-01,2007,3,lat_menor_que_menos35,26100,28773.304318282615,-2714.8787795603275,18538.88986930251,21103.52155633196,17451.68248953376
climatologia,H1,2007-03-01,2007,3,lat_menos35_a_menos15,20880,108711.26379481913,9185.178616856225,30424.261229357682,96637.08970761567,18808.59412325443
climatologia,H1,2007-03-01,2007,3,lat_maior_igual_menos15,31581,291082.93672998814,-14205.320317422971,55234.24435800873,289896.338127122,31215.50842646724
climatologia,H1,2007-04-01,2007,4,dominio_inteiro,78561,198839.32986509567,-7737.425438072532,74125.25543967634,188384.4457872083,67475.78503925544
climatologia,H1,2007-04-01,2007,4,lat_menor_que_menos35,26100,24131.024999544356,-5417.824785768986,17784.00160139799,16260.827711906531,17451.68248953376
climatologia,H1,2007-04-01,2007,4,lat_menos35_a_menos15,20880,19424.4337569788,4075.882695797831,14247.773349933326,17425.13644090478,18808.59412325443
climatologia,H1,2007-04-01,2007,4,lat_maior_igual_menos15,31581,155283.87110857252,-6395.4833481013775,42093.48048834503,154698.48163439697,31215.50842646724
climatologia,H1,2007-05-01,2007,5,dominio_inteiro,78561,319806.0905065427,-2130.2817009962164,90310.57968776533,301843.3054957601,67475.78503925544
climatologia,H1,2007-05-01,2007,5,lat_menor_que_menos35,26100,52122.0872481024,8601.958325326443,24139.53222411871,38651.1807650426,17451.68248953376
climatologia,H1,2007-05-01,2007,5,lat_menos35_a_menos15,20880,24732.94216662096,1878.313825224992,15111.586761561688,21503.926543390957,18808.59412325443
climatologia,H1,2007-05-01,2007,5,lat_maior_igual_menos15,31581,242951.0610918193,-12610.553851547651,51059.460702084936,241688.19818732655,31215.50842646724
climatologia,H1,2007-06-01,2007,6,dominio_inteiro,78561,232107.83685730665,17366.973557863617,79701.7865167989,219559.76442127812,67475.78503925544
climatologia,H1,2007-06-01,2007,6,lat_menor_que_menos35,26100,29957.42504705068,1179.1344250440598,19352.62331020832,21478.71793050471,17451.68248953376
climatologia,H1,2007-06-01,2007,6,lat_menos35_a_menos15,20880,28074.9605597259,9513.728531720117,16473.561044869944,25066.34110018168,18808.59412325443
climatologia,H1,2007-06-01,2007,6,lat_maior_igual_menos15,31581,174075.4512505301,6674.110601099441,43875.60216172063,173014.7053905917,31215.50842646724
climatologia,H1,2007-07-01,2007,7,dominio_inteiro,78561,150896.34385984277,10427.913365219254,63252.95252099866,140408.50196331224,67475.78503925544
climatologia,H1,2007-07-01,2007,7,lat_menor_que_menos35,26100,25581.143458812556,4373.583749234676,18316.70811790228,18915.69129488197,17451.68248953376
climatologia,H1,2007-07-01,2007,7,lat_menos35_a_menos15,20880,22965.825549668178,1425.0530860153958,15000.481356787495,19979.16195155094,18808.59412325443
climatologia,H1,2007-07-01,2007,7,lat_maior_igual_menos15,31581,102349.37485136204,4629.276529969182,29935.763046308886,101513.64871687934,31215.50842646724
climatologia,H1,2007-08-01,2007,8,dominio_inteiro,78561,242527.53258621367,-14137.86157321278,78267.27791145071,230328.2078698625,67475.78503925544
climatologia,H1,2007-08-01,2007,8,lat_menor_que_menos35,26100,24309.90242647448,-3295.783916950226,18652.674415409565,16972.93805861251,17451.68248953376
climatologia,H1,2007-08-01,2007,8,lat_menos35_a_menos15,20880,20692.33956464365,8701.776312023401,14959.555256038904,18194.977632352537,18808.59412325443
climatologia,H1,2007-08-01,2007,8,lat_maior_igual_menos15,31581,197525.29059509555,-19543.853968285955,44655.048240002245,195160.29217889748,31215.50842646724
climatologia,H1,2007-09-01,2007,9,dominio_inteiro,78561,200496.53228639477,16615.985685997177,77282.64531149622,189002.35853484026,67475.78503925544
climatologia,H1,2007-09-01,2007,9,lat_menor_que_menos35,26100,19640.004547156186,278.1726956963539,16526.48151499033,14143.778523161754,17451.68248953376
climatologia,H1,2007-09-01,2007,9,lat_menos35_a_menos15,20880,47411.430672498514,16886.485593121033,22085.919619994238,42908.92481454127,18808.59412325443
climatologia,H1,2007-09-01,2007,9,lat_maior_igual_menos15,31581,133445.0970667401,-548.6726028202102,38670.24417651165,131949.6551971372,31215.50842646724
climatologia,H1,2007-10-01,2007,10,dominio_inteiro,78561,282635.7616680331,-11109.057190757245,88022.09171972075,267858.1522537636,67475.78503925544
climatologia,H1,2007-10-01,2007,10,lat_menor_que_menos35,26100,27901.48193611797,-8082.8685075342655,18861.009041637182,19748.478608845013,17451.68248953376
climatologia,H1,2007-10-01,2007,10,lat_menos35_a_menos15,20880,42493.53901930804,11873.668491285294,20447.056390974903,37937.61900286151,18808.59412325443
climatologia,H1,2007-10-01,2007,10,lat_maior_igual_menos15,31581,212240.74071260708,-14899.857174508274,48714.02628710866,210172.05464205702,31215.50842646724
climatologia,H1,2007-11-01,2007,11,dominio_inteiro,78561,238445.97837838365,-8814.700815872115,83115.31360689498,222703.42360214284,67475.78503925544
climatologia,H1,2007-11-01,2007,11,lat_menor_que_menos35,26100,35936.38917523075,-8037.489315956831,20716.43897894025,26171.478565892467,17451.68248953376
climatologia,H1,2007-11-01,2007,11,lat_menos35_a_menos15,20880,50146.43730109905,-212.27645161078544,21112.051053258998,45535.868723648884,18808.59412325443
climatologia,H1,2007-11-01,2007,11,lat_maior_igual_menos15,31581,152363.15190205383,-564.9350483044982,41286.823574695736,150996.07631260145,31215.50842646724
climatologia,H1,2007-12-01,2007,12,dominio_inteiro,78561,282110.3107245556,-11781.411541140988,83159.72854813666,273363.8944234597,67475.78503925544
climatologia,H1,2007-12-01,2007,12,lat_menor_que_menos35,26100,11759.577963512951,6982.741615071893,12904.451557919383,8590.752343664977,17451.68248953376
climatologia,H1,2007-12-01,2007,12,lat_menos35_a_menos15,20880,45126.52073689991,6949.855444480316,20099.95581180707,40949.95019952081,18808.59412325443
climatologia,H1,2007-12-01,2007,12,lat_maior_igual_menos15,31581,225224.21202414267,-25714.008600693196,50155.3211784102,223823.19188027395,31215.50842646724
climatologia,H1,2008-01-01,2008,1,dominio_inteiro,78561,242953.0153082427,-8417.19281575433,78745.60602247319,229610.59970512363,67475.78503925544
climatologia,H1,2008-01-01,2008,1,lat_menor_que_menos35,26100,21887.345487353192,8805.85099850595,17736.367943152785,15097.211633453388,17451.68248953376
climatologia,H1,2008-01-01,2008,1,lat_menos35_a_menos15,20880,73154.46975292853,-8296.578089929884,24293.84951831377,67360.56824024435,18808.59412325443
climatologia,H1,2008-01-01,2008,1,lat_maior_igual_menos15,31581,147911.20006796098,-8926.465724330395,36715.388561006635,147152.81983142588,31215.50842646724
climatologia,H1,2008-02-01,2008,2,dominio_inteiro,78561,266391.7184622529,-32129.33880495769,88193.51568793715,252541.57830696192,67475.78503925544
climatologia,H1,2008-02-01,2008,2,lat_menor_que_menos35,26100,18364.34781894657,-271.5799998641014,16473.153055727482,12719.535509253428,17451.68248953376
climatologia,H1,2008-02-01,2008,2,lat_menos35_a_menos15,20880,75531.4422110039,-11001.848180140601,23959.559364259476,68073.14328353057,18808.59412325443
climatologia,H1,2008-02-01,2008,2,lat_maior_igual_menos15,31581,172495.9284323025,-20855.910624952987,47760.80326795019,171748.89951417793,31215.50842646724
climatologia,H1,2008-03-01,2008,3,dominio_inteiro,78561,212902.666425059,-11139.059863061644,79830.64821486454,200737.8392784362,67475.78503925544
climatologia,H1,2008-03-01,2008,3,lat_menor_que_menos35,26100,25347.42188750056,8235.902088969946,18307.125267237425,17897.531201115664,17451.68248953376
climatologia,H1,2008-03-01,2008,3,lat_menos35_a_menos15,20880,39414.66273797304,2322.2578557478264,19331.009762276895,35319.50255915911,18808.59412325443
climatologia,H1,2008-03-01,2008,3,lat_maior_igual_menos15,31581,148140.58179958537,-21697.219807779416,42192.513185350224,147520.80551816148,31215.50842646724
climatologia,H1,2008-04-01,2008,4,dominio_inteiro,78561,271383.59018433234,-19543.699852135032,90237.78462948464,254853.58992405553,67475.78503925544
climatologia,H1,2008-04-01,2008,4,lat_menor_que_menos35,26100,35017.719354915345,-7016.405146181583,22665.577894866467,24493.91266910714,17451.68248953376
climatologia,H1,2008-04-01,2008,4,lat_menos35_a_menos15,20880,49131.46881795756,262.7113090790808,21422.568476172164,43656.67697599446,18808.59412325443
climatologia,H1,2008-04-01,2008,4,lat_maior_igual_menos15,31581,187234.40201145946,-12790.00601503253,46149.63825844601,186703.00027895396,31215.50842646724
climatologia,H1,2008-05-01,2008,5,dominio_inteiro,78561,233811.0362449589,-20748.008980659302,86766.8065010109,218723.00553748177,67475.78503925544
climatologia,H1,2008-05-01,2008,5,lat_menor_que_menos35,26100,38535.63697826373,-8164.969393789768,21978.67532080412,28480.41782891854,17451.68248953376
climatologia,H1,2008-05-01,2008,5,lat_menos35_a_menos15,20880,33873.12924065627,5280.230329131242,18741.78897436103,29656.879672688792,18808.59412325443
climatologia,H1,2008-05-01,2008,5,lat_maior_igual_menos15,31581,161402.2700260389,-17863.269916000776,46046.34220584575,160585.70803587444,31215.50842646724
climatologia,H1,2008-06-01,2008,6,dominio_inteiro,78561,343702.3253436185,-9133.707365598297,83157.09653278603,335796.7231600436,67475.78503925544
climatologia,H1,2008-06-01,2008,6,lat_menor_que_menos35,26100,22122.829989863098,10493.152674555779,17070.662221491337,16131.322660775802,17451.68248953376
climatologia,H1,2008-06-01,2008,6,lat_menos35_a_menos15,20880,9964.536107307313,5169.131668927148,9985.661499906331,8795.87235258479,18808.59412325443
climatologia,H1,2008-06-01,2008,6,lat_maior_igual_menos15,31581,311614.959246448,-24795.991709081223,56100.772811388364,310869.52814668306,31215.50842646724
climatologia,H1,2008-07-01,2008,7,dominio_inteiro,78561,202389.43532092072,-14233.103099014144,73353.39336034516,190581.57061324775,67475.78503925544
climatologia,H1,2008-07-01,2008,7,lat_menor_que_menos35,26100,32840.98449074884,-2544.8847261071205,19180.24965852499,24379.773268991805,17451.68248953376
climatologia,H1,2008-07-01,2008,7,lat_menos35_a_menos15,20880,18778.383891046895,7106.161560746841,13805.262562404387,16496.439820003587,18808.59412325443
climatologia,H1,2008-07-01,2008,7,lat_maior_igual_menos15,31581,150770.06693912498,-18794.379933653865,40367.88113941578,149705.35752425238,31215.50842646724
climatologia,H1,2008-08-01,2008,8,dominio_inteiro,78561,177224.75576310736,-24708.01004123036,70670.25877622701,162274.2963262592,67475.78503925544
climatologia,H1,2008-08-01,2008,8,lat_menor_que_menos35,26100,38401.22111897534,-13103.597561359406,21590.254137933254,27633.731845042435,17451.68248953376
climatologia,H1,2008-08-01,2008,8,lat_menos35_a_menos15,20880,22801.38009639949,-4688.051416248083,13868.86794539541,19851.316658209278,18808.59412325443
climatologia,H1,2008-08-01,2008,8,lat_maior_igual_menos15,31581,116022.15454773253,-6916.36106362287,35211.13669289835,114789.2478230075,31215.50842646724
climatologia,H1,2008-09-01,2008,9,dominio_inteiro,78561,171040.6249864829,22363.788420372177,73198.65619157394,154530.9881283636,67475.78503925544
climatologia,H1,2008-09-01,2008,9,lat_menor_que_menos35,26100,39047.636356052855,18813.80769020319,24947.269702076912,26504.8554519648,17451.68248953376
climatologia,H1,2008-09-01,2008,9,lat_menos35_a_menos15,20880,29103.563551683263,4823.266522686463,16376.204480972607,26237.556910185554,18808.59412325443
climatologia,H1,2008-09-01,2008,9,lat_maior_igual_menos15,31581,102889.4250787468,-1273.2857925174758,31875.182008524425,101788.57576621324,31215.50842646724
climatologia,H1,2008-10-01,2008,10,dominio_inteiro,78561,261847.9686078294,-21023.67854390666,82246.54143567005,249889.2354506089,67475.78503925544
climatologia,H1,2008-10-01,2008,10,lat_menor_que_menos35,26100,17116.050798945576,1827.0226210057735,16382.660846441984,11893.581116496855,17451.68248953376
climatologia,H1,2008-10-01,2008,10,lat_menos35_a_menos15,20880,36419.22217565118,3611.474811475724,17916.807097721787,32838.68120290217,18808.59412325443
climatologia,H1,2008-10-01,2008,10,lat_maior_igual_menos15,31581,208312.69563323265,-26462.175976388156,47947.07349150628,205156.97313120984,31215.50842646724
climatologia,H1,2008-11-01,2008,11,dominio_inteiro,78561,457252.53758014715,-14909.787867263716,105415.03497199243,438359.69390264375,67475.78503925544
climatologia,H1,2008-11-01,2008,11,lat_menor_que_menos35,26100,26360.07138172549,5912.114718466997,17974.178523927927,19593.844398347872,17451.68248953376
climatologia,H1,2008-11-01,2008,11,lat_menos35_a_menos15,20880,89760.07340347147,2805.25780437066,27270.679954814666,81493.530753705,18808.59412325443
climatologia,H1,2008-11-01,2008,11,lat_maior_igual_menos15,31581,341132.39279495017,-23627.160390101373,60170.17649324983,337272.3187505909,31215.50842646724
climatologia,H1,2008-12-01,2008,12,dominio_inteiro,78561,341084.0754478296,-17190.86684051843,99644.29160436604,324523.67062811105,67475.78503925544
climatologia,H1,2008-12-01,2008,12,lat_menor_que_menos35,26100,20982.197593357,6607.155105367303,16607.054387524724,15013.808587390095,17451.68248953376
climatologia,H1,2008-12-01,2008,12,lat_menos35_a_menos15,20880,82582.79972575078,2422.768232871429,27022.047720193746,73902.6631801647,18808.59412325443
climatologia,H1,2008-12-01,2008,12,lat_maior_igual_menos15,31581,237519.07812872183,-26220.79017875716,56015.18949664757,235607.19886055624,31215.50842646724
controle,H2,2009-01-01,2009,1,dominio_inteiro,78561,245612.20410714016,-8182.895935280803,86199.79687251475,232226.16310559656,67475.78503925544
controle,H2,2009-01-01,2009,1,lat_menor_que_menos35,26100,19572.62068526487,4573.97190203178,16134.483347630981,13910.197049798404,17451.68248953376
controle,H2,2009-01-01,2009,1,lat_menos35_a_menos15,20880,65086.517100549536,-922.6596794981524,23654.121170163926,58108.406537458985,18808.59412325443
controle,H2,2009-01-01,2009,1,lat_maior_igual_menos15,31581,160953.06632132575,-11834.208157814433,46411.19235471985,160207.55951833914,31215.50842646724
controle,H2,2009-02-01,2009,2,dominio_inteiro,78561,288896.6048106946,-32372.91730852895,88194.93792584026,270117.34507351345,67475.78503925544
controle,H2,2009-02-01,2009,2,lat_menor_que_menos35,26100,44936.895575239214,-11654.949340072542,21375.92093177356,30615.231331101808,17451.68248953376
controle,H2,2009-02-01,2009,2,lat_menos35_a_menos15,20880,34649.281257952265,959.1971711975361,17862.550740073155,31327.540405966825,18808.59412325443
controle,H2,2009-02-01,2009,2,lat_maior_igual_menos15,31581,209310.42797750307,-21677.16513965395,48956.46625399354,208174.5733364448,31215.50842646724
controle,H2,2009-03-01,2009,3,dominio_inteiro,78561,229114.37322416276,-3982.321852362121,83778.09597740082,214928.46956671108,67475.78503925544
controle,H2,2009-03-01,2009,3,lat_menor_que_menos35,26100,23236.69825222057,1547.6607462938439,18875.98864463601,15818.03346071309,17451.68248953376
controle,H2,2009-03-01,2009,3,lat_menos35_a_menos15,20880,62206.41243326393,2447.0194132938523,23229.744844679924,56046.71562220548,18808.59412325443
controle,H2,2009-03-01,2009,3,lat_maior_igual_menos15,31581,143671.26253867827,-7977.002011949815,41672.36248808489,143063.7204837925,31215.50842646724
controle,H2,2009-04-01,2009,4,dominio_inteiro,78561,362351.0924956271,-5908.240052051452,110096.01361548458,338869.2155052352,67475.78503925544
controle,H2,2009-04-01,2009,4,lat_menor_que_menos35,26100,35258.20333582347,-4186.338073800322,23025.916947897444,24976.866252000706,17451.68248953376
controle,H2,2009-04-01,2009,4,lat_menos35_a_menos15,20880,115026.50945150561,7607.367774372429,34492.9254050382,103119.45410386675,18808.59412325443
controle,H2,2009-04-01,2009,4,lat_maior_igual_menos15,31581,212066.37970829802,-9329.269752623555,52577.17126254894,210772.89514936772,31215.50842646724
controle,H2,2009-05-01,2009,5,dominio_inteiro,78561,347451.5159256288,794.0145461318831,98318.39597691936,333480.4871065521,67475.78503925544
controle,H2,2009-05-01,2009,5,lat_menor_que_menos35,26100,32758.196101686306,-9193.00860927792,19374.547496677995,22632.40415236916,17451.68248953376
controle,H2,2009-05-01,2009,5,lat_menos35_a_menos15,20880,20699.63730819912,11079.41023680481,15452.001026131427,18345.643151105556,18808.59412325443
controle,H2,2009-05-01,2009,5,lat_maior_igual_menos15,31581,293993.68251574336,-1092.3870813950066,63491.84745410995,292502.4398030774,31215.50842646724
controle,H2,2009-06-01,2009,6,dominio_inteiro,78561,184243.04453043814,-12261.505440388453,75500.21747812064,170931.41563059643,67475.78503925544
controle,H2,2009-06-01,2009,6,lat_menor_que_menos35,26100,26647.08952233008,280.89897392183275,19169.4768155683,17954.51844278543,17451.68248953376
controle,H2,2009-06-01,2009,6,lat_menos35_a_menos15,20880,33492.29222752007,-1352.4484706332883,18103.664980352463,29527.77544919018,18808.59412325443
controle,H2,2009-06-01,2009,6,lat_maior_igual_menos15,31581,124103.66278058798,-11189.955943677,38227.075682199866,123449.12173862082,31215.50842646724
controle,H2,2009-07-01,2009,7,dominio_inteiro,78561,217865.1995579187,-8899.365294197909,75945.17847995488,202127.4605830857,67475.78503925544
controle,H2,2009-07-01,2009,7,lat_menor_que_menos35,26100,30237.183183064815,854.9913912738756,19442.67585717742,22314.702272822517,17451.68248953376
controle,H2,2009-07-01,2009,7,lat_menos35_a_menos15,20880,53608.1009049737,-6411.393489950627,19084.91772546798,46989.7783574901,18808.59412325443
controle,H2,2009-07-01,2009,7,lat_maior_igual_menos15,31581,134019.9154698802,-3342.96319552116,37417.58489730948,132822.9799527731,31215.50842646724
controle,H2,2009-08-01,2009,8,dominio_inteiro,78561,301064.49149027205,-25631.75219945012,78079.95286676573,282100.8384580776,67475.78503925544
controle,H2,2009-08-01,2009,8,lat_menor_que_menos35,26100,53907.94124285403,-6694.925979954556,23133.753555563522,39605.26821890492,17451.68248953376
controle,H2,2009-08-01,2009,8,lat_menos35_a_menos15,20880,16205.992576598903,373.2105089654998,12213.52185725982,14170.232998510573,18808.59412325443
controle,H2,2009-08-01,2009,8,lat_maior_igual_menos15,31581,230950.55767081914,-19310.036728461062,42732.67745394238,228325.33724066205,31215.50842646724
controle,H2,2009-09-01,2009,9,dominio_inteiro,78561,204258.6231138379,15883.105462834565,77010.80420310586,187956.92270304917,67475.78503925544
controle,H2,2009-09-01,2009,9,lat_menor_que_menos35,26100,25424.538494798795,709.7120724278411,18077.71230237941,17336.990768491087,17451.68248953376
controle,H2,2009-09-01,2009,9,lat_menos35_a_menos15,20880,54669.05973683035,-7419.279922947733,20215.921834480025,47433.292963138876,18808.59412325443
controle,H2,2009-09-01,2009,9,lat_maior_igual_menos15,31581,124165.02488220876,22592.67331335446,38717.17006624642,123186.6389714192,31215.50842646724
controle,H2,2009-10-01,2009,10,dominio_inteiro,78561,254010.05626262742,-2815.7719417308667,83966.69457594522,239197.4098130328,67475.78503925544
controle,H2,2009-10-01,2009,10,lat_menor_que_menos35,26100,19940.103055863354,-5460.765267496495,15990.85664084631,14140.989587997059,17451.68248953376
controle,H2,2009-10-01,2009,10,lat_menos35_a_menos15,20880,78575.93696329965,137.4412096459514,26236.242059124233,71255.46117421254,18808.59412325443
controle,H2,2009-10-01,2009,10,lat_maior_igual_menos15,31581,155494.0162434644,2507.5521161196775,41739.59587597468,153800.9590508232,31215.50842646724
controle,H2,2009-11-01,2009,11,dominio_inteiro,78561,283058.2636133637,11270.606686384268,93141.12433638322,258487.61702201626,67475.78503925544
controle,H2,2009-11-01,2009,11,lat_menor_que_menos35,26100,34743.93479038933,-11729.752170840286,19863.593521934905,25512.348872184415,17451.68248953376
controle,H2,2009-11-01,2009,11,lat_menos35_a_menos15,20880,129498.72153309718,4805.860841743461,32021.43047238123,115312.02818899718,18808.59412325443
controle,H2,2009-11-01,2009,11,lat_maior_igual_menos15,31581,118815.60728987723,18194.498015481095,41256.10034206708,117663.23996083462,31215.50842646724
controle,H2,2009-12-01,2009,12,dominio_inteiro,78561,220990.01588319667,-5625.0996798231445,84205.05293123494,208737.79303468176,67475.78503925544
controle,H2,2009-12-01,2009,12,lat_menor_que_menos35,26100,19276.804801754723,801.2695780069333,16435.386751730977,13788.684914544057,17451.68248953376
controle,H2,2009-12-01,2009,12,lat_menos35_a_menos15,20880,62087.78375427239,-6663.9931420037865,23186.383931278662,56335.37098512706,18808.59412325443
controle,H2,2009-12-01,2009,12,lat_maior_igual_menos15,31581,139625.42732716957,237.62388417370857,44583.2822482253,138613.73713501066,31215.50842646724
controle,H2,2010-01-01,2010,1,dominio_inteiro,78561,303314.76915948733,9100.964194748605,94723.66508537887,269820.387327577,67475.78503925544
controle,H2,2010-01-01,2010,1,lat_menor_que_menos35,26100,51119.40948523096,-13006.238293446162,21466.426400064884,33855.594157326894,17451.68248953376
controle,H2,2010-01-01,2010,1,lat_menos35_a_menos15,20880,154387.64842331308,12078.73324367559,36282.793145311334,139109.29752926645,18808.59412325443
controle,H2,2010-01-01,2010,1,lat_maior_igual_menos15,31581,97807.71125094328,10028.469244519176,36974.44554000265,96855.49564098364,31215.50842646724
controle,H2,2010-02-01,2010,2,dominio_inteiro,78561,368240.80929076293,-8641.419882020895,112754.7216884769,336087.96048438916,67475.78503925544
controle,H2,2010-02-01,2010,2,lat_menor_que_menos35,26100,68429.86258548891,-23230.70448001185,31450.183286377483,49386.828096018304,17451.68248953376
controle,H2,2010-02-01,2010,2,lat_menos35_a_menos15,20880,108627.52132058592,6555.797647406644,31577.14166021587,96560.06151308506,18808.59412325443
controle,H2,2010-02-01,2010,2,lat_maior_igual_menos15,31581,191183.42538468813,8033.4869505843135,49727.39674188355,190141.07087528578,31215.50842646724
controle,H2,2010-03-01,2010,3,dominio_inteiro,78561,284993.2467770437,19633.962010355455,88891.03978492245,271641.8835294843,67475.78503925544
controle,H2,2010-03-01,2010,3,lat_menor_que_menos35,26100,21074.04963518225,4045.584507493592,16711.458334261362,15381.87844870765,17451.68248953376
controle,H2,2010-03-01,2010,3,lat_menos35_a_menos15,20880,66613.12868179071,-755.1647830508443,23544.90371017059,59763.389320805065,18808.59412325443
controle,H2,2010-03-01,2010,3,lat_maior_igual_menos15,31581,197306.06846007067,16343.542285912707,48634.6777404905,196496.61575997158,31215.50842646724
controle,H2,2010-04-01,2010,4,dominio_inteiro,78561,286511.81250822387,678.7755947970209,94577.32679972932,272957.70366777707,67475.78503925544
controle,H2,2010-04-01,2010,4,lat_menor_que_menos35,26100,26494.710865887897,11389.010383074346,20399.41370170265,19510.5747226258,17451.68248953376
controle,H2,2010-04-01,2010,4,lat_menos35_a_menos15,20880,51588.390941922335,5842.471940639068,22196.9310061979,46278.31386940884,18808.59412325443
controle,H2,2010-04-01,2010,4,lat_maior_igual_menos15,31581,208428.71070041362,-16552.706728916393,51980.982091828766,207168.81507574243,31215.50842646724
controle,H2,2010-05-01,2010,5,dominio_inteiro,78561,306384.3198806138,-3864.9506189266704,96743.92023606325,284232.76005308103,67475.78503925544
controle,H2,2010-05-01,2010,5,lat_menor_que_menos35,26100,52350.96910425955,4665.257826787352,27373.71654631321,36087.860970700276,17451.68248953376
controle,H2,2010-05-01,2010,5,lat_menos35_a_menos15,20880,42362.67367599239,-4962.460920824375,19567.22769625343,37737.54186786176,18808.59412325443
controle,H2,2010-05-01,2010,5,lat_maior_igual_menos15,31581,211670.67710036188,-3567.74752488965,49802.97599349659,210407.35721451903,31215.50842646724
controle,H2,2010-06-01,2010,6,dominio_inteiro,78561,157944.78033544536,5206.304663810843,67707.08825349527,147520.43994127147,67475.78503925544
controle,H2,2010-06-01,2010,6,lat_menor_que_menos35,26100,24831.269828202556,-2504.9411843016646,18195.535637470515,16980.419245828147,17451.68248953376
controle,H2,2010-06-01,2010,6,lat_menos35_a_menos15,20880,16710.43289461535,4547.704933131486,12119.714237478203,15034.366710612641,18808.59412325443
controle,H2,2010-06-01,2010,6,lat_maior_igual_menos15,31581,116403.07761262749,3163.540914981023,37391.83837854654,115505.65398483071,31215.50842646724
controle,H2,2010-07-01,2010,7,dominio_inteiro,78561,199500.8622539384,-10700.992553368174,73171.67983545725,187533.93975157943,67475.78503925544
controle,H2,2010-07-01,2010,7,lat_menor_que_menos35,26100,31567.131802927448,-4903.435856827179,20651.371153989672,23129.443900592018,17451.68248953376
controle,H2,2010-07-01,2010,7,lat_menos35_a_menos15,20880,18284.267117022,3884.5058350233603,12832.999338711246,15879.512455092025,18808.59412325443
controle,H2,2010-07-01,2010,7,lat_maior_igual_menos15,31581,149649.46333398894,-9682.062531564356,39687.30934275634,148524.9833958954,31215.50842646724
controle,H2,2010-08-01,2010,8,dominio_inteiro,78561,163384.38983516913,13535.312729876137,66910.53877883936,155547.4358723818,67475.78503925544
controle,H2,2010-08-01,2010,8,lat_menor_que_menos35,26100,13802.209412259803,2113.418400805761,14696.27166114396,9508.166311699177,17451.68248953376
controle,H2,2010-08-01,2010,8,lat_menos35_a_menos15,20880,16440.210438230584,6803.030782307389,12300.515645234967,14427.42061687697,18808.59412325443
controle,H2,2010-08-01,2010,8,lat_maior_igual_menos15,31581,133141.96998467876,4618.8635467629865,39913.751472460426,131611.84894380564,31215.50842646724
controle,H2,2010-09-01,2010,9,dominio_inteiro,78561,184039.74288756266,3164.710573391257,70884.04800304967,175028.0211565987,67475.78503925544
controle,H2,2010-09-01,2010,9,lat_menor_que_menos35,26100,16821.55753509763,-2811.5881529561393,14670.794241744174,12648.890051947288,17451.68248953376
controle,H2,2010-09-01,2010,9,lat_menos35_a_menos15,20880,30043.649743650683,-1400.946266384325,15994.583302710631,26548.612675582255,18808.59412325443
controle,H2,2010-09-01,2010,9,lat_maior_igual_menos15,31581,137174.53560881436,7377.244992731723,40218.67045859486,135830.51842906914,31215.50842646724
controle,H2,2010-10-01,2010,10,dominio_inteiro,78561,208837.5940406747,19480.623440189687,80781.60699141149,195502.28851664223,67475.78503925544
controle,H2,2010-10-01,2010,10,lat_menor_que_menos35,26100,23858.375157550414,1327.3063602520062,18897.598383314264,16297.946392026888,17451.68248953376
controle,H2,2010-10-01,2010,10,lat_menos35_a_menos15,20880,31201.34259816499,-1826.2112935345208,16457.367388258805,27369.959551427895,18808.59412325443
controle,H2,2010-10-01,2010,10,lat_maior_igual_menos15,31581,153777.87628495932,19979.528373472203,45426.64121983842,151834.38257318747,31215.50842646724
controle,H2,2010-11-01,2010,11,dominio_inteiro,78561,219657.24839938025,-1527.9896180838991,78190.1496961335,209912.22696445565,67475.78503925544
controle,H2,2010-11-01,2010,11,lat_menor_que_menos35,26100,12286.937325355102,-1992.4471099618434,13332.353368795199,8592.112431787913,17451.68248953376
controle,H2,2010-11-01,2010,11,lat_menos35_a_menos15,20880,43593.96044751692,-2000.818021809456,19870.030398212504,39398.82147087872,18808.59412325443
controle,H2,2010-11-01,2010,11,lat_maior_igual_menos15,31581,163776.3506265082,2465.2755136874,44987.765929125795,161921.293061789,31215.50842646724
controle,H2,2010-12-01,2010,12,dominio_inteiro,78561,259855.4870722163,592.1036881983096,88234.03781210477,243723.62071026445,67475.78503925544
controle,H2,2010-12-01,2010,12,lat_menor_que_menos35,26100,19333.520423560833,-4462.963042590482,16861.445335986944,13010.193588196675,17451.68248953376
controle,H2,2010-12-01,2010,12,lat_menos35_a_menos15,20880,77165.94403135241,-7020.83439831288,24107.642723149234,68733.22360243608,18808.59412325443
controle,H2,2010-12-01,2010,12,lat_maior_igual_menos15,31581,163356.02261730304,12075.901129101672,47264.94975296858,161980.20351963164,31215.50842646724
sst_8pcs,H2,2009-01-01,2009,1,dominio_inteiro,78561,248005.44095799487,-6999.102649158595,86456.88909809399,234803.26018298138,67475.78503925544
sst_8pcs,H2,2009-01-01,2009,1,lat_menor_que_menos35,26100,19329.094788652183,4777.782523775802,16125.433571585914,13758.124662764556,17451.68248953376
sst_8pcs,H2,2009-01-01,2009,1,lat_menos35_a_menos15,20880,64620.957591573584,-376.98111940807576,23631.17722612762,57730.5022861349,18808.59412325443
sst_8pcs,H2,2009-01-01,2009,1,lat_maior_igual_menos15,31581,164055.3885777691,-11399.904053526325,46700.27830038046,163314.63323408196,31215.50842646724
sst_8pcs,H2,2009-02-01,2009,2,dominio_inteiro,78561,286747.8604845109,-28087.474844388653,87872.71813275958,268032.8538466852,67475.78503925544
sst_8pcs,H2,2009-02-01,2009,2,lat_menor_que_menos35,26100,44727.22541111981,-11800.382028777234,21275.04995288778,30454.189813777528,17451.68248953376
sst_8pcs,H2,2009-02-01,2009,2,lat_menos35_a_menos15,20880,34357.88326312119,2210.0443633979603,17936.221842799518,31023.736694841795,18808.59412325443
sst_8pcs,H2,2009-02-01,2009,2,lat_maior_igual_menos15,31581,207662.75181026987,-18497.13717900938,48661.44633707228,206554.92733806587,31215.50842646724
sst_8pcs,H2,2009-03-01,2009,3,dominio_inteiro,78561,228697.4884064093,877.2565401311275,84537.92913047333,214266.92271130555,67475.78503925544
sst_8pcs,H2,2009-03-01,2009,3,lat_menor_que_menos35,26100,23913.984362169213,1834.4436932827841,19085.07051276874,16299.208202512258,17451.68248953376
sst_8pcs,H2,2009-03-01,2009,3,lat_menos35_a_menos15,20880,62126.74571889373,3464.0169841378115,23411.6127459237,55936.289595524344,18808.59412325443
sst_8pcs,H2,2009-03-01,2009,3,lat_maior_igual_menos15,31581,142656.7583253464,-4421.204137289468,42041.24587178089,142031.42491326897,31215.50842646724
sst_8pcs,H2,2009-04-01,2009,4,dominio_inteiro,78561,361159.02625775285,976.9445796637258,110872.66829283048,337747.06841663737,67475.78503925544
sst_8pcs,H2,2009-04-01,2009,4,lat_menor_que_menos35,26100,34859.02029614822,-3304.8865960938892,22947.870174692172,24770.61954973419,17451.68248953376
sst_8pcs,H2,2009-04-01,2009,4,lat_menos35_a_menos15,20880,114991.05187526168,8440.604582736243,34578.43030139237,102961.26156297981,18808.59412325443
sst_8pcs,H2,2009-04-01,2009,4,lat_maior_igual_menos15,31581,211308.9540863429,-4158.773406978623,53346.367816745915,210015.1873039234,31215.50842646724
sst_8pcs,H2,2009-05-01,2009,5,dominio_inteiro,78561,355977.2348636312,7504.97378337371,100528.91371849789,341848.7432369097,67475.78503925544
sst_8pcs,H2,2009-05-01,2009,5,lat_menor_que_menos35,26100,32825.80158649998,-8805.05156956406,19485.691540688378,22711.447232852162,17451.68248953376
sst_8pcs,H2,2009-05-01,2009,5,lat_menos35_a_menos15,20880,21678.757950997628,11758.34528865136,15840.953944240138,19203.258541144052,18808.59412325443
sst_8pcs,H2,2009-05-01,2009,5,lat_maior_igual_menos15,31581,301472.67532613355,4551.680064286409,65202.268233569375,299934.03746291343,31215.50842646724
sst_8pcs,H2,2009-06-01,2009,6,dominio_inteiro,78561,179817.66921752002,-2559.9709914012324,76558.42506343492,166235.2226161698,67475.78503925544
sst_8pcs,H2,2009-06-01,2009,6,lat_menor_que_menos35,26100,27680.71770296989,1863.632537698892,19556.406161495102,18786.57404142849,17451.68248953376
sst_8pcs,H2,2009-06-01,2009,6,lat_menos35_a_menos15,20880,34009.52037393533,-318.1284131809808,18409.907105691644,29962.00023520648,18808.59412325443
sst_8pcs,H2,2009-06-01,2009,6,lat_maior_igual_menos15,31581,118127.43114061482,-4105.475115919144,38592.11179624816,117486.64833953486,31215.50842646724
sst_8pcs,H2,2009-07-01,2009,7,dominio_inteiro,78561,217951.82093386742,-1720.9757353391478,77373.34751313122,201926.25611998045,67475.78503925544
sst_8pcs,H2,2009-07-01,2009,7,lat_menor_que_menos35,26100,31398.648514483233,2398.4801849040286,19719.70297015575,23156.224581158607,17451.68248953376
sst_8pcs,H2,2009-07-01,2009,7,lat_menos35_a_menos15,20880,54189.613705566844,-6175.462359272117,19372.250387855805,47514.07915105509,18808.59412325443
sst_8pcs,H2,2009-07-01,2009,7,lat_maior_igual_menos15,31581,132363.55871381733,2056.006439028939,38281.39415511965,131255.95238776674,31215.50842646724
sst_8pcs,H2,2009-08-01,2009,8,dominio_inteiro,78561,284328.968885372,-21916.324437663734,77095.58599368384,265993.7699641757,67475.78503925544
sst_8pcs,H2,2009-08-01,2009,8,lat_menor_que_menos35,26100,52170.72872455846,-6285.147898604529,23043.29140735552,38311.240003351486,17451.68248953376
sst_8pcs,H2,2009-08-01,2009,8,lat_menos35_a_menos15,20880,16138.789065532601,645.95027173947,12246.744851388403,14111.990816752463,18808.59412325443
sst_8pcs,H2,2009-08-01,2009,8,lat_maior_igual_menos15,31581,216019.4510952809,-16277.126810798673,41805.54973493992,213570.53914407175,31215.50842646724
sst_8pcs,H2,2009-09-01,2009,9,dominio_inteiro,78561,202817.46242503138,16129.584101381337,76909.13489400815,186465.35719079367,67475.78503925544
sst_8pcs,H2,2009-09-01,2009,9,lat_menor_que_menos35,26100,25506.189794439768,422.83497045886725,18069.85573870436,17348.28363854581,17451.68248953376
sst_8pcs,H2,2009-09-01,2009,9,lat_menos35_a_menos15,20880,54568.20849269032,-7561.867533374791,20189.87997530422,47357.5424935823,18808.59412325443
sst_8pcs,H2,2009-09-01,2009,9,lat_maior_igual_menos15,31581,122743.0641379013,23268.616664297264,38649.39917999957,121759.53105866557,31215.50842646724
sst_8pcs,H2,2009-10-01,2009,10,dominio_inteiro,78561,251779.82972990873,-2953.685454627657,83841.33299454678,236942.801814625,67475.78503925544
sst_8pcs,H2,2009-10-01,2009,10,lat_menor_que_menos35,26100,20024.056704521205,-5569.945605894117,16056.144536729678,14179.796724828497,17451.68248953376
sst_8pcs,H2,2009-10-01,2009,10,lat_menos35_a_menos15,20880,78779.58125060837,-20.182400676688758,26266.535120603425,71452.82919226249,18808.59412325443
sst_8pcs,H2,2009-10-01,2009,10,lat_maior_igual_menos15,31581,152976.19177477917,2636.4425519431497,41518.65333721368,151310.175897534,31215.50842646724
sst_8pcs,H2,2009-11-01,2009,11,dominio_inteiro,78561,286528.13695407804,10733.827715207835,93561.52106153732,261740.40943661364,67475.78503925544
sst_8pcs,H2,2009-11-01,2009,11,lat_menor_que_menos35,26100,34915.06896549005,-11843.786889778457,19992.826277945904,25679.265624171596,17451.68248953376
sst_8pcs,H2,2009-11-01,2009,11,lat_menos35_a_menos15,20880,130446.9278758461,3819.6610131982907,31837.066220411627,116087.92937866232,18808.59412325443
sst_8pcs,H2,2009-11-01,2009,11,lat_maior_igual_menos15,31581,121166.14011274186,18757.953591788006,41731.628563179795,119973.21443377974,31215.50842646724
sst_8pcs,H2,2009-12-01,2009,12,dominio_inteiro,78561,222290.44114037955,-5742.451641170417,84281.76612871865,209996.21497486957,67475.78503925544
sst_8pcs,H2,2009-12-01,2009,12,lat_menor_que_menos35,26100,19281.480761471412,933.1973742226835,16422.356782609793,13771.365311177395,17451.68248953376
sst_8pcs,H2,2009-12-01,2009,12,lat_menos35_a_menos15,20880,61873.11683183859,-7244.449209015478,23022.475215759398,56109.45951880775,18808.59412325443
sst_8pcs,H2,2009-12-01,2009,12,lat_maior_igual_menos15,31581,141135.84354706955,568.8001936223754,44836.934130349466,140115.39014488444,31215.50842646724
sst_8pcs,H2,2010-01-01,2010,1,dominio_inteiro,78561,316659.4310212562,8984.709723984295,96476.3605796794,281705.4602941634,67475.78503925544
sst_8pcs,H2,2010-01-01,2010,1,lat_menor_que_menos35,26100,52928.11069401335,-13211.579475915087,21561.143920497016,35046.744752710634,17451.68248953376
sst_8pcs,H2,2010-01-01,2010,1,lat_menos35_a_menos15,20880,163308.62222169113,12800.821288191519,37382.916035574715,147238.0741856373,18808.59412325443
sst_8pcs,H2,2010-01-01,2010,1,lat_maior_igual_menos15,31581,100422.69810555171,9395.467911707863,37532.30062360766,99420.64135581542,31215.50842646724
sst_8pcs,H2,2010-02-01,2010,2,dominio_inteiro,78561,383139.56819882646,-10013.345458849199,116004.04631682226,349128.8137860304,67475.78503925544
sst_8pcs,H2,2010-02-01,2010,2,lat_menor_que_menos35,26100,71827.7827002534,-25252.892864769226,32297.67005388021,51881.22820029448,17451.68248953376
sst_8pcs,H2,2010-02-01,2010,2,lat_menos35_a_menos15,20880,118467.39260900285,6244.00964473788,33337.75522413428,105500.42496865266,18808.59412325443
sst_8pcs,H2,2010-02-01,2010,2,lat_maior_igual_menos15,31581,192844.39288957018,8995.53776118215,50368.62103880775,191747.16061708325,31215.50842646724
sst_8pcs,H2,2010-03-01,2010,3,dominio_inteiro,78561,278764.72840070253,19816.68971855708,88258.55481746579,265604.1583477885,67475.78503925544
sst_8pcs,H2,2010-03-01,2010,3,lat_menor_que_menos35,26100,20879.970113296542,3560.2485014389367,16600.277324804047,15249.978188094852,17451.68248953376
sst_8pcs,H2,2010-03-01,2010,3,lat_menos35_a_menos15,20880,65144.068907199,-122.63874787041209,23253.304206626104,58398.363959613955,18808.59412325443
sst_8pcs,H2,2010-03-01,2010,3,lat_maior_igual_menos15,31581,192740.68938020695,16379.079964988556,48404.97328603564,191955.8162000797,31215.50842646724
sst_8pcs,H2,2010-04-01,2010,4,dominio_inteiro,78561,295282.33678741293,-4128.865401637241,94679.30092275034,282281.3511592567,67475.78503925544
sst_8pcs,H2,2010-04-01,2010,4,lat_menor_que_menos35,26100,24641.675726377092,10072.768707600597,19691.307675107848,18110.54973430649,17451.68248953376
sst_8pcs,H2,2010-04-01,2010,4,lat_menos35_a_menos15,20880,50948.00298581013,5292.476836973788,21859.920718922534,45763.66967265812,18808.59412325443
sst_8pcs,H2,2010-04-01,2010,4,lat_maior_igual_menos15,31581,219692.6580752257,-19494.110946211626,53128.072528719946,218407.13175229207,31215.50842646724
sst_8pcs,H2,2010-05-01,2010,5,dominio_inteiro,78561,304531.3704986366,-7754.462260257396,96298.19805259476,282283.09474501293,67475.78503925544
sst_8pcs,H2,2010-05-01,2010,5,lat_menor_que_menos35,26100,51999.9362831284,3777.7026421846153,27251.373409348857,35639.24893050274,17451.68248953376
sst_8pcs,H2,2010-05-01,2010,5,lat_menos35_a_menos15,20880,42306.556631052554,-5247.620500243731,19543.78443770467,37686.8856476428,18808.59412325443
sst_8pcs,H2,2010-05-01,2010,5,lat_maior_igual_menos15,31581,210224.87758445568,-6284.544402198282,49503.04020554123,208956.96016686744,31215.50842646724
sst_8pcs,H2,2010-06-01,2010,6,dominio_inteiro,78561,156829.2861778587,815.9639982706503,67077.26261046284,146324.52989714665,67475.78503925544
sst_8pcs,H2,2010-06-01,2010,6,lat_menor_que_menos35,26100,25006.623466086385,-3514.181116924425,18103.61478757033,17036.674019714992,17451.68248953376
sst_8pcs,H2,2010-06-01,2010,6,lat_menos35_a_menos15,20880,16472.28653426657,3357.353562064142,11824.299198220466,14832.943877980078,18808.59412325443
sst_8pcs,H2,2010-06-01,2010,6,lat_maior_igual_menos15,31581,115350.37617750578,972.7915531309345,37149.34862467205,114454.91199945156,31215.50842646724
sst_8pcs,H2,2010-07-01,2010,7,dominio_inteiro,78561,200185.06296958888,-12822.960328601788,72490.03357599032,188761.96573309295,67475.78503925544
sst_8pcs,H2,2010-07-01,2010,7,lat_menor_que_menos35,26100,29742.74353028256,-5615.166298840771,20029.416801079653,21788.815445430217,17451.68248953376
sst_8pcs,H2,2010-07-01,2010,7,lat_menos35_a_menos15,20880,17780.877829118355,3049.6350068241604,12541.726860741168,15444.85678021705,18808.59412325443
sst_8pcs,H2,2010-07-01,2010,7,lat_maior_igual_menos15,31581,152661.44161018796,-10257.429036585178,39918.88991416951,151528.29350744572,31215.50842646724
sst_8pcs,H2,2010-08-01,2010,8,dominio_inteiro,78561,162425.42666026088,12944.1199307568,66571.70544050673,154572.89887317555,67475.78503925544
sst_8pcs,H2,2010-08-01,2010,8,lat_menor_que_menos35,26100,13862.40798401887,2360.4850501812443,14784.393747409544,9507.327192121298,17451.68248953376
sst_8pcs,H2,2010-08-01,2010,8,lat_menos35_a_menos15,20880,16343.246761910132,6806.5071271254055,12217.015561623135,14329.191963345194,18808.59412325443
sst_8pcs,H2,2010-08-01,2010,8,lat_maior_igual_menos15,31581,132219.77191433188,3777.1277534501496,39570.29613147405,130736.37971770907,31215.50842646724
sst_8pcs,H2,2010-09-01,2010,9,dominio_inteiro,78561,184478.29453644285,5648.695082210321,70955.60168786834,175736.88288137695,67475.78503925544
sst_8pcs,H2,2010-09-01,2010,9,lat_menor_que_menos35,26100,15936.333813368545,-894.8416097833933,14247.635362151166,11960.699266292653,17451.68248953376
sst_8pcs,H2,2010-09-01,2010,9,lat_menos35_a_menos15,20880,29664.561679670034,-113.65923747350007,15785.31888751052,26293.83846577372,18808.59412325443
sst_8pcs,H2,2010-09-01,2010,9,lat_maior_igual_menos15,31581,138877.3990434043,6657.195929467214,40922.64743820666,137482.34514931057,31215.50842646724
sst_8pcs,H2,2010-10-01,2010,10,dominio_inteiro,78561,210459.13062314058,21062.981753413504,80194.65557526688,197078.81447288426,67475.78503925544
sst_8pcs,H2,2010-10-01,2010,10,lat_menor_que_menos35,26100,24182.852996391153,2948.536207740931,19022.221971953808,16533.959808536514,17451.68248953376
sst_8pcs,H2,2010-10-01,2010,10,lat_menos35_a_menos15,20880,31231.283873196873,147.18306726016476,16416.44808663222,27384.857957127944,18808.59412325443
sst_8pcs,H2,2010-10-01,2010,10,lat_maior_igual_menos15,31581,155044.99375355255,17967.262478412405,44755.98551668085,153159.9967072198,31215.50842646724
sst_8pcs,H2,2010-11-01,2010,11,dominio_inteiro,78561,222403.08110146367,-2737.3437959267167,77576.19836343735,212869.65642371884,67475.78503925544
sst_8pcs,H2,2010-11-01,2010,11,lat_menor_que_menos35,26100,10918.403936847717,805.9394453559461,12554.999051759463,7704.763919515314,17451.68248953376
sst_8pcs,H2,2010-11-01,2010,11,lat_menos35_a_menos15,20880,45156.754118056255,-906.9584523372823,20150.406866135152,40751.15188264455,18808.59412325443
sst_8pcs,H2,2010-11-01,2010,11,lat_maior_igual_menos15,31581,166327.92304655968,-2636.324788945382,44870.79244554274,164413.74062155897,31215.50842646724
sst_8pcs,H2,2010-12-01,2010,12,dominio_inteiro,78561,252304.94910766135,-505.22049917965296,85886.51869621605,236877.98140390374,67475.78503925544
sst_8pcs,H2,2010-12-01,2010,12,lat_menor_que_menos35,26100,17749.052337900266,-2491.9120678926756,16217.838544129952,12051.564224411886,17451.68248953376
sst_8pcs,H2,2010-12-01,2010,12,lat_menos35_a_menos15,20880,77187.18132590708,-4680.512428420545,24424.419685531757,68853.46028282588,18808.59412325443
sst_8pcs,H2,2010-12-01,2010,12,lat_maior_igual_menos15,31581,157368.715443854,6667.203997133569,45244.26046655433,155972.95689666597,31215.50842646724
climatologia,H2,2009-01-01,2009,1,dominio_inteiro,78561,283751.60518121684,-22933.452250016562,91883.85662634164,269807.7879830377,67475.78503925544
climatologia,H2,2009-01-01,2009,1,lat_menor_que_menos35,26100,20640.309378574806,4173.14281155169,16410.92840220034,14570.919511966124,17451.68248953376
climatologia,H2,2009-01-01,2009,1,lat_menos35_a_menos15,20880,67382.1330415634,3384.748717131384,24578.0548237139,60353.03382049089,18808.59412325443
climatologia,H2,2009-01-01,2009,1,lat_maior_igual_menos15,31581,195729.16276107862,-30491.343778699636,50894.8734004274,194883.83465058068,31215.50842646724
climatologia,H2,2009-02-01,2009,2,dominio_inteiro,78561,304754.12357583543,-38571.4600360333,91108.30617603194,286096.3440728677,67475.78503925544
climatologia,H2,2009-02-01,2009,2,lat_menor_que_menos35,26100,44442.910526174855,-11209.613265678287,21531.622418805957,30271.60719759805,17451.68248953376
climatologia,H2,2009-02-01,2009,2,lat_menos35_a_menos15,20880,35175.23135008154,3775.175827460829,18354.396223138086,31799.141370282166,18808.59412325443
climatologia,H2,2009-02-01,2009,2,lat_maior_igual_menos15,31581,225135.981699579,-31137.02259781584,51222.287534087896,224025.59550498746,31215.50842646724
climatologia,H2,2009-03-01,2009,3,dominio_inteiro,78561,293844.68927742215,-9801.634388090111,91992.96209486853,279718.1590009569,67475.78503925544
climatologia,H2,2009-03-01,2009,3,lat_menor_que_menos35,26100,22575.040172382756,1127.07534173131,18659.207272559404,15384.147044167163,17451.68248953376
climatologia,H2,2009-03-01,2009,3,lat_menos35_a_menos15,20880,63635.49841279934,1119.8356854980811,23379.66709824931,57388.03184285411,18808.59412325443
climatologia,H2,2009-03-01,2009,3,lat_maior_igual_menos15,31581,207634.1506922401,-12048.545415319502,49954.08772405982,206945.98011393566,31215.50842646724
climatologia,H2,2009-04-01,2009,4,dominio_inteiro,78561,569074.1648735206,-1245.5151620637625,133299.57059030235,542658.7475115544,67475.78503925544
climatologia,H2,2009-04-01,2009,4,lat_menor_que_menos35,26100,39633.37654125397,-5247.308442175388,24279.849505364895,28086.730747527574,17451.68248953376
climatologia,H2,2009-04-01,2009,4,lat_menos35_a_menos15,20880,124210.24622644692,8294.641919086687,35845.27801718842,111176.50190900537,18808.59412325443
climatologia,H2,2009-04-01,2009,4,lat_maior_igual_menos15,31581,405230.54210581974,-4292.8486389750615,73174.44306774903,403395.51485502155,31215.50842646724
climatologia,H2,2009-05-01,2009,5,dominio_inteiro,78561,677573.0316662843,3118.508750338573,131391.8796926872,660761.0108075369,67475.78503925544
climatologia,H2,2009-05-01,2009,5,lat_menor_que_menos35,26100,35886.675206492204,-9556.274885237217,20434.59162312746,24692.632915309143,17451.68248953376
climatologia,H2,2009-05-01,2009,5,lat_menos35_a_menos15,20880,24785.29623170768,13183.081501977053,16937.294564991724,21937.60576317385,18808.59412325443
climatologia,H2,2009-05-01,2009,5,lat_maior_igual_menos15,31581,616901.0602280842,-508.2978664012626,94019.993504568,614130.7721290538,31215.50842646724
climatologia,H2,2009-06-01,2009,6,dominio_inteiro,78561,285627.8148394744,-10383.860648190603,90534.20315101836,271604.6686259884,67475.78503925544
climatologia,H2,2009-06-01,2009,6,lat_menor_que_menos35,26100,28573.913765259666,1481.1718991696835,19746.000286191702,19373.045314908748,17451.68248953376
climatologia,H2,2009-06-01,2009,6,lat_menos35_a_menos15,20880,32203.876893481603,-355.0937641300261,17776.05743376538,28309.342614790443,18808.59412325443
climatologia,H2,2009-06-01,2009,6,lat_maior_igual_menos15,31581,224850.0241807331,-11509.93878323026,53012.145431061275,223922.28069628915,31215.50842646724
climatologia,H2,2009-07-01,2009,7,dominio_inteiro,78561,190112.84615422145,-4358.440530572552,70769.72263112618,174902.81639115844,67475.78503925544
climatologia,H2,2009-07-01,2009,7,lat_menor_que_menos35,26100,30510.74133022855,1491.0740548968315,19387.489767611027,22484.457038877197,17451.68248953376
climatologia,H2,2009-07-01,2009,7,lat_menos35_a_menos15,20880,51036.13795523527,-5247.0273255249485,18576.478837133385,44704.83791510986,18808.59412325443
climatologia,H2,2009-07-01,2009,7,lat_maior_igual_menos15,31581,108565.9668687576,-602.4872599444352,32805.754026381765,107713.52143717141,31215.50842646724
climatologia,H2,2009-08-01,2009,8,dominio_inteiro,78561,262544.9576026132,-16862.67465367727,76377.19985620119,245440.75380791683,67475.78503925544
climatologia,H2,2009-08-01,2009,8,lat_menor_que_menos35,26100,49545.26817586252,-6404.145803630352,22987.731282889843,36424.947931251954,17451.68248953376
climatologia,H2,2009-08-01,2009,8,lat_menos35_a_menos15,20880,15125.743273598779,-1296.018982835114,11506.687547372654,13302.13253932576,18808.59412325443
climatologia,H2,2009-08-01,2009,8,lat_maior_igual_menos15,31581,197873.94615315192,-9162.509867211804,41882.78102593869,195713.67333733913,31215.50842646724
climatologia,H2,2009-09-01,2009,9,dominio_inteiro,78561,211637.60338758034,19174.342022824334,78345.69086927664,196154.9739919349,67475.78503925544
climatologia,H2,2009-09-01,2009,9,lat_menor_que_menos35,26100,23180.590315558482,386.7287418246269,17283.428896963596,15869.682620898278,17451.68248953376
climatologia,H2,2009-09-01,2009,9,lat_menos35_a_menos15,20880,53455.12922856356,-7412.852780934656,19883.794589046156,46444.64265166046,18808.59412325443
climatologia,H2,2009-09-01,2009,9,lat_maior_igual_menos15,31581,135001.88384345832,26200.466061934363,41178.46738326689,133840.6487193762,31215.50842646724
climatologia,H2,2009-10-01,2009,10,dominio_inteiro,78561,259748.79062797682,-3887.445599458879,85609.26390921162,244599.75216992517,67475.78503925544
climatologia,H2,2009-10-01,2009,10,lat_menor_que_menos35,26100,19758.721948082053,-6226.217708915472,16376.950020343065,13869.716000098028,17451.68248953376
climatologia,H2,2009-10-01,2009,10,lat_menos35_a_menos15,20880,82428.42191696333,-1767.3395900537726,26553.739299791167,75032.15931954855,18808.59412325443
climatologia,H2,2009-10-01,2009,10,lat_maior_igual_menos15,31581,157561.6467629314,4106.111699510366,42678.57458907738,155697.87685027858,31215.50842646724
climatologia,H2,2009-11-01,2009,11,dominio_inteiro,78561,294547.12421015714,12773.585224027483,97048.95764442973,270425.69409659016,67475.78503925544
climatologia,H2,2009-11-01,2009,11,lat_menor_que_menos35,26100,32782.68502964416,-10770.257242649794,19859.89568927884,24113.896665454784,17451.68248953376
climatologia,H2,2009-11-01,2009,11,lat_menos35_a_menos15,20880,124234.38609464813,723.8056474055338,30459.520351187064,110070.55529865035,18808.59412325443
climatologia,H2,2009-11-01,2009,11,lat_maior_igual_menos15,31581,137530.05308586484,22820.036819271743,46729.54160396382,136241.242132485,31215.50842646724
climatologia,H2,2009-12-01,2009,12,dominio_inteiro,78561,221362.27070056222,2345.6823512326228,85852.1993457555,208288.52229106912,67475.78503925544
climatologia,H2,2009-12-01,2009,12,lat_menor_que_menos35,26100,20020.081851769548,2566.6434945464134,16966.497722893953,14095.900405071343,17451.68248953376
climatologia,H2,2009-12-01,2009,12,lat_menos35_a_menos15,20880,64216.22634990708,-8525.914202018525,23533.277310471167,58144.43013363694,18808.59412325443
climatologia,H2,2009-12-01,2009,12,lat_maior_igual_menos15,31581,137125.96249888564,8304.953058704734,45352.42431239039,136048.1917523608,31215.50842646724
climatologia,H2,2010-01-01,2010,1,dominio_inteiro,78561,272128.0363637828,18522.284863936075,94752.48995808192,246441.5194322757,67475.78503925544
climatologia,H2,2010-01-01,2010,1,lat_menor_que_menos35,26100,39434.29786960606,-10398.514369234443,19971.33546705544,26312.66485405241,17451.68248953376
climatologia,H2,2010-01-01,2010,1,lat_menos35_a_menos15,20880,113754.66450549138,7704.992552580603,31175.80616876908,102134.7228806437,18808.59412325443
climatologia,H2,2010-01-01,2010,1,lat_maior_igual_menos15,31581,118939.07398868537,21215.806680589914,43605.3483222574,117994.1316975796,31215.50842646724
climatologia,H2,2010-02-01,2010,2,dominio_inteiro,78561,337920.4703508384,487.11464048037305,108018.23680407228,308175.4484189277,67475.78503925544
climatologia,H2,2010-02-01,2010,2,lat_menor_que_menos35,26100,68634.48208109086,-21759.23675505817,31791.761312022805,49505.599436988596,17451.68248953376
climatologia,H2,2010-02-01,2010,2,lat_menos35_a_menos15,20880,81637.08843987744,2276.9792255931534,26120.89640441956,71846.73692707854,18808.59412325443
climatologia,H2,2010-02-01,2010,2,lat_maior_igual_menos15,31581,187648.89982987015,19969.37216994539,50105.579087629914,186823.1120548605,31215.50842646724
climatologia,H2,2010-03-01,2010,3,dominio_inteiro,78561,364030.7532861246,20322.581691621803,98985.48118135799,348691.8077973034,67475.78503925544
climatologia,H2,2010-03-01,2010,3,lat_menor_que_menos35,26100,22461.588468236554,6324.676660090685,17374.611286252737,16331.145367776164,17451.68248953376
climatologia,H2,2010-03-01,2010,3,lat_menos35_a_menos15,20880,90481.12260337695,-4614.3390428954735,27148.464398351498,82097.03250335038,18808.59412325443
climatologia,H2,2010-03-01,2010,3,lat_maior_igual_menos15,31581,251088.04221451105,18612.24407442659,54462.40549675375,250263.62992617686,31215.50842646724
climatologia,H2,2010-04-01,2010,4,dominio_inteiro,78561,381201.5319987544,-9844.91282136552,107708.15417206474,366979.2648197366,67475.78503925544
climatologia,H2,2010-04-01,2010,4,lat_menor_que_menos35,26100,28723.860541327478,13700.645735681057,21213.722307622433,21100.137129970564,17451.68248953376
climatologia,H2,2010-04-01,2010,4,lat_menos35_a_menos15,20880,49720.48937196025,2146.643109272234,22126.39435491804,44801.28475667917,18808.59412325443
climatologia,H2,2010-04-01,2010,4,lat_maior_igual_menos15,31581,302757.1820854667,-25692.20166631881,64368.03750952426,301077.84293308685,31215.50842646724
climatologia,H2,2010-05-01,2010,5,dominio_inteiro,78561,357531.7717992675,-14908.451622586232,103137.35951315379,334616.13603601063,67475.78503925544
climatologia,H2,2010-05-01,2010,5,lat_menor_que_menos35,26100,54677.66305005249,7295.028215348721,28380.52896398306,38188.73544035929,17451.68248953376
climatologia,H2,2010-05-01,2010,5,lat_menos35_a_menos15,20880,45051.82177888991,-5578.156596167479,19886.156391615514,40170.15275693039,18808.59412325443
climatologia,H2,2010-05-01,2010,5,lat_maior_igual_menos15,31581,257802.28697032516,-16625.323241767474,54870.674157555215,256257.24783872094,31215.50842646724
climatologia,H2,2010-06-01,2010,6,dominio_inteiro,78561,216587.389073577,-16569.57536987029,76254.65437368304,205096.3785496554,67475.78503925544
climatologia,H2,2010-06-01,2010,6,lat_menor_que_menos35,26100,25928.396490889514,-2713.0000063478947,18506.279877513647,17538.31303281889,17451.68248953376
climatologia,H2,2010-06-01,2010,6,lat_menos35_a_menos15,20880,19642.01115063223,5947.0550548397005,13575.308854777366,17738.92331154312,18808.59412325443
climatologia,H2,2010-06-01,2010,6,lat_maior_igual_menos15,31581,171016.98143205524,-19803.630418362096,44173.06564139202,169819.1422052934,31215.50842646724
climatologia,H2,2010-07-01,2010,7,dominio_inteiro,78561,283310.1863769715,-29494.905603204388,87905.23054959392,270728.9542233361,67475.78503925544
climatologia,H2,2010-07-01,2010,7,lat_menor_que_menos35,26100,30528.197943646155,-5428.6036794781685,20582.531021296978,22439.099204675367,17451.68248953376
climatologia,H2,2010-07-01,2010,7,lat_menos35_a_menos15,20880,18362.192199618657,4873.467517004348,13401.276154321618,15936.490309664043,18808.59412325443
climatologia,H2,2010-07-01,2010,7,lat_maior_igual_menos15,31581,234419.7962337067,-28939.769440730568,53921.423373975325,232353.36470899676,31215.50842646724
climatologia,H2,2010-08-01,2010,8,dominio_inteiro,78561,267235.3677686463,-4738.361299185082,81876.51408132352,257009.97626391688,67475.78503925544
climatologia,H2,2010-08-01,2010,8,lat_menor_que_menos35,26100,14588.340095315794,2934.822473347187,15527.228554666042,9946.783395535815,17451.68248953376
climatologia,H2,2010-08-01,2010,8,lat_menos35_a_menos15,20880,21932.694713456523,9935.397719435394,14504.3977044262,19332.37464674698,18808.59412325443
climatologia,H2,2010-08-01,2010,8,lat_maior_igual_menos15,31581,230714.33295987395,-17608.581491967663,51844.88782223128,227730.81822163414,31215.50842646724
climatologia,H2,2010-09-01,2010,9,dominio_inteiro,78561,239918.20447837427,-2656.6058531522285,79253.56998379133,229995.84881502925,67475.78503925544
climatologia,H2,2010-09-01,2010,9,lat_menor_que_menos35,26100,16869.304091017544,132.76908606290817,14754.792209923267,12610.883700517086,17451.68248953376
climatologia,H2,2010-09-01,2010,9,lat_menos35_a_menos15,20880,29698.129981571197,1130.7091544901486,16152.161968711996,26415.60070278192,18808.59412325443
climatologia,H2,2010-09-01,2010,9,lat_maior_igual_menos15,31581,193350.77040578553,-3920.0840937052853,48346.61580515606,190969.3644117302,31215.50842646724
climatologia,H2,2010-10-01,2010,10,dominio_inteiro,78561,226444.62271651262,8360.130160428816,79846.12746866094,211284.41840220513,67475.78503925544
climatologia,H2,2010-10-01,2010,10,lat_menor_que_menos35,26100,27620.54328152892,3403.092898994684,20690.73380884528,18762.73751646312,17451.68248953376
climatologia,H2,2010-10-01,2010,10,lat_menos35_a_menos15,20880,37396.563731865404,-155.10547445318662,17911.117419276852,32780.10008736381,18808.59412325443
climatologia,H2,2010-10-01,2010,10,lat_maior_igual_menos15,31581,161427.5157031183,5112.142735887319,41244.276240538806,159741.5807983782,31215.50842646724
climatologia,H2,2010-11-01,2010,11,dominio_inteiro,78561,328845.0157615384,-20265.412426119,88242.11424188322,316753.64936422976,67475.78503925544
climatologia,H2,2010-11-01,2010,11,lat_menor_que_menos35,26100,10923.111177929251,1912.5888266861439,12652.541224509478,7739.2424486144355,17451.68248953376
climatologia,H2,2010-11-01,2010,11,lat_menos35_a_menos15,20880,57684.2986140541,1071.9768815363932,22800.948887236475,51721.75276531237,18808.59412325443
climatologia,H2,2010-11-01,2010,11,lat_maior_igual_menos15,31581,260237.60596955498,-23249.978134341538,52788.624130137265,257292.65415030293,31215.50842646724
climatologia,H2,2010-12-01,2010,12,dominio_inteiro,78561,303416.0585744142,-29657.47240340605,90222.61430983816,285970.8296318078,67475.78503925544
climatologia,H2,2010-12-01,2010,12,lat_menor_que_menos35,26100,20616.224501480658,-4044.0418539643288,17721.257557541132,13873.539267543018,17451.68248953376
climatologia,H2,2010-12-01,2010,12,lat_menos35_a_menos15,20880,82345.26541380733,-2748.3778098066105,25519.101779533667,73532.04856512722,18808.59412325443
climatologia,H2,2010-12-01,2010,12,lat_maior_igual_menos15,31581,200454.56865912618,-22865.05273963511,46982.25497276336,198565.24179913756,31215.50842646724
controle,H3,2011-01-01,2011,1,dominio_inteiro,78561,220017.96930284853,950.4442355302112,83985.62780932488,207405.3933191525,67475.78503925544
controle,H3,2011-01-01,2011,1,lat_menor_que_menos35,26100,24096.594597693795,-7582.187980229372,17274.9713468891,17359.07708471801,17451.68248953376
controle,H3,2011-01-01,2011,1,lat_menos35_a_menos15,20880,46526.22087678111,1567.088750618599,19788.61597346787,41603.97214467065,18808.59412325443
controle,H3,2011-01-01,2011,1,lat_maior_igual_menos15,31581,149395.15382837367,6965.543465140981,46922.04048896792,148442.34408976382,31215.50842646724
controle,H3,2011-02-01,2011,2,dominio_inteiro,78561,237445.77240547142,-10742.252440965363,83940.23797201901,222368.71692080837,67475.78503925544
controle,H3,2011-02-01,2011,2,lat_menor_que_menos35,26100,24714.31043610941,1258.5800167803638,17216.882309208206,18141.873014830435,17451.68248953376
controle,H3,2011-02-01,2011,2,lat_menos35_a_menos15,20880,80678.65341775662,-8125.000834916644,26291.390336770906,73120.23857029105,18808.59412325443
controle,H3,2011-02-01,2011,2,lat_maior_igual_menos15,31581,132052.80855160535,-3875.8316228290832,40431.965326039906,131106.60533568688,31215.50842646724
controle,H3,2011-03-01,2011,3,dominio_inteiro,78561,289762.96042625635,-15022.288298663014,90913.16461909868,265976.0074217011,67475.78503925544
controle,H3,2011-03-01,2011,3,lat_menor_que_menos35,26100,35343.96338974302,-5897.538619612877,19650.616802520166,24357.130188783496,17451.68248953376
controle,H3,2011-03-01,2011,3,lat_menos35_a_menos15,20880,148117.15599811432,-9507.321118095635,32627.53327455616,135921.83502163636,18808.59412325443
controle,H3,2011-03-01,2011,3,lat_maior_igual_menos15,31581,106301.84103839897,382.57143904549923,38635.01454202234,105697.04221128122,31215.50842646724
controle,H3,2011-04-01,2011,4,dominio_inteiro,78561,228036.48818896382,-11471.717459150283,80310.60199844088,217867.30371163235,67475.78503925544
controle,H3,2011-04-01,2011,4,lat_menor_que_menos35,26100,21313.38550930501,-3944.3896899189303,17239.07254057153,14296.101266820548,17451.68248953376
controle,H3,2011-04-01,2011,4,lat_menos35_a_menos15,20880,20101.02229248155,1619.6963916285808,13727.126926653262,18058.991322794984,18808.59412325443
controle,H3,2011-04-01,2011,4,lat_maior_igual_menos15,31581,186622.08038717727,-9147.024160859932,49344.402531216074,185512.21112201686,31215.50842646724
controle,H3,2011-05-01,2011,5,dominio_inteiro,78561,351940.07804299763,-10921.622594739594,95207.91601724966,338020.19030464237,67475.78503925544
controle,H3,2011-05-01,2011,5,lat_menor_que_menos35,26100,32132.628904260062,-1089.8402883373624,20864.853384349233,22206.71198421852,17451.68248953376
controle,H3,2011-05-01,2011,5,lat_menos35_a_menos15,20880,27895.269533856757,11103.19787283258,17075.234597422575,25102.463285085265,18808.59412325443
controle,H3,2011-05-01,2011,5,lat_maior_igual_menos15,31581,291912.1796048808,-20934.980179234815,57267.82803547787,290711.0150353386,31215.50842646724
controle,H3,2011-06-01,2011,6,dominio_inteiro,78561,183369.06069048453,-11048.426922486426,69365.96083703707,174991.10256958046,67475.78503925544
controle,H3,2011-06-01,2011,6,lat_menor_que_menos35,26100,17753.680431115477,-4338.7960485498,15551.416113160958,12844.036420154325,17451.68248953376
controle,H3,2011-06-01,2011,6,lat_menos35_a_menos15,20880,20380.694574865385,-6293.159870816366,12988.386217586829,17768.519487479534,18808.59412325443
controle,H3,2011-06-01,2011,6,lat_maior_igual_menos15,31581,145234.6856845037,-416.47100312025714,40826.15850628928,144378.54666194663,31215.50842646724
controle,H3,2011-07-01,2011,7,dominio_inteiro,78561,160725.65250888787,-15129.295754521438,62115.748880696134,152907.2545928615,67475.78503925544
controle,H3,2011-07-01,2011,7,lat_menor_que_menos35,26100,16269.50666972749,-2779.7473608046093,14441.561924732681,11155.146291204028,17451.68248953376
controle,H3,2011-07-01,2011,7,lat_menos35_a_menos15,20880,13822.453308773744,-404.62186021421985,11120.3708865568,12225.639920305373,18808.59412325443
controle,H3,2011-07-01,2011,7,lat_maior_igual_menos15,31581,130633.6925303866,-11944.926533502608,36553.816069406654,129526.46838135211,31215.50842646724
controle,H3,2011-08-01,2011,8,dominio_inteiro,78561,189160.690062152,8339.558778239985,75922.5698283086,170920.91315267258,67475.78503925544
controle,H3,2011-08-01,2011,8,lat_menor_que_menos35,26100,47638.28739849861,-7434.7038810104605,24091.162799226673,33557.62034683124,17451.68248953376
controle,H3,2011-08-01,2011,8,lat_menos35_a_menos15,20880,26708.04851749925,-3059.189582295994,14718.480999641084,23603.966408364424,18808.59412325443
controle,H3,2011-08-01,2011,8,lat_maior_igual_menos15,31581,114814.35414615413,18833.45224154644,37112.926029440845,113759.32639747695,31215.50842646724
controle,H3,2011-09-01,2011,9,dominio_inteiro,78561,179059.00493142797,18016.425662680816,74278.94298810231,165933.0823299569,67475.78503925544
controle,H3,2011-09-01,2011,9,lat_menor_que_menos35,26100,25298.540642543758,-5960.303059784623,17126.175513291604,17519.37642551502,17451.68248953376
controle,H3,2011-09-01,2011,9,lat_menos35_a_menos15,20880,40257.36276737349,17898.582279716957,21095.65401518158,36129.907986937316,18808.59412325443
controle,H3,2011-09-01,2011,9,lat_maior_igual_menos15,31581,113503.10152151075,6078.146442748481,36057.11345962913,112283.79791750456,31215.50842646724
controle,H3,2011-10-01,2011,10,dominio_inteiro,78561,195418.43770390816,-22847.51406754378,75876.19780511236,183253.1662372758,67475.78503925544
controle,H3,2011-10-01,2011,10,lat_menor_que_menos35,26100,29097.86696553096,-1149.4557898431694,16248.168143338477,21806.091459341333,17451.68248953376
controle,H3,2011-10-01,2011,10,lat_menos35_a_menos15,20880,31958.256729902037,-6198.691677112795,16837.675954676197,28429.78096296725,18808.59412325443
controle,H3,2011-10-01,2011,10,lat_maior_igual_menos15,31581,134362.31400847514,-15499.366600587813,42790.35370709768,133017.29381496718,31215.50842646724
controle,H3,2011-11-01,2011,11,dominio_inteiro,78561,345779.64350254915,-21810.04790540387,91093.9055304687,333227.9553633459,67475.78503925544
controle,H3,2011-11-01,2011,11,lat_menor_que_menos35,26100,18868.88293959258,-4029.5223645057163,15887.661953866487,13415.13969971867,17451.68248953376
controle,H3,2011-11-01,2011,11,lat_menos35_a_menos15,20880,50322.64111902915,5866.185163829756,21020.769334218374,45558.860325363115,18808.59412325443
controle,H3,2011-11-01,2011,11,lat_maior_igual_menos15,31581,276588.1194439274,-23646.710704727906,54185.47424238385,274253.9553382641,31215.50842646724
controle,H3,2011-12-01,2011,12,dominio_inteiro,78561,285181.3447305033,12886.309167106861,96755.68812437529,264747.6104522974,67475.78503925544
controle,H3,2011-12-01,2011,12,lat_menor_que_menos35,26100,37366.20424936267,15020.796049457469,21381.059560497917,25981.982753324595,17451.68248953376
controle,H3,2011-12-01,2011,12,lat_menos35_a_menos15,20880,68925.08369303586,2762.2179999074588,24865.268780677823,61140.812194839884,18808.59412325443
controle,H3,2011-12-01,2011,12,lat_maior_igual_menos15,31581,178890.05678810476,-4896.704882258062,50509.359783199536,177624.8155041329,31215.50842646724
controle,H3,2012-01-01,2012,1,dominio_inteiro,78561,239506.94791829455,-7070.156551979733,83924.62240118651,225865.02471185292,67475.78503925544
controle,H3,2012-01-01,2012,1,lat_menor_que_menos35,26100,23738.302023694545,2317.1420122558648,16555.25994949548,17202.14158677255,17451.68248953376
controle,H3,2012-01-01,2012,1,lat_menos35_a_menos15,20880,57535.19601645734,9526.711899722612,23268.08200766924,51296.88793330522,18808.59412325443
controle,H3,2012-01-01,2012,1,lat_maior_igual_menos15,31581,158233.44987814268,-18914.01046395821,44101.28044402179,157365.99519177512,31215.50842646724
controle,H3,2012-02-01,2012,2,dominio_inteiro,78561,274271.9292541777,-22943.53936566299,92492.74144393725,256325.7323352872,67475.78503925544
controle,H3,2012-02-01,2012,2,lat_menor_que_menos35,26100,39112.309377898026,-9938.495636031419,21594.88594383116,28849.290506017704,17451.68248953376
controle,H3,2012-02-01,2012,2,lat_menos35_a_menos15,20880,59866.71767614313,8488.053723588213,24537.563266265413,53219.08643908531,18808.59412325443
controle,H3,2012-02-01,2012,2,lat_maior_igual_menos15,31581,175292.9022001366,-21493.097453219787,46360.292233840686,174257.35539018427,31215.50842646724
controle,H3,2012-03-01,2012,3,dominio_inteiro,78561,248393.99556797976,5221.058744296162,87560.10915483886,233574.77778500135,67475.78503925544
controle,H3,2012-03-01,2012,3,lat_menor_que_menos35,26100,37325.340807075954,-3591.0001169915918,19837.85463605646,27753.39009987498,17451.68248953376
controle,H3,2012-03-01,2012,3,lat_menos35_a_menos15,20880,50096.45031949147,18314.633585851097,22673.721908690895,45470.05757943563,18808.59412325443
controle,H3,2012-03-01,2012,3,lat_maior_igual_menos15,31581,160972.20444141235,-9502.574724563341,45048.532610091526,160351.33010569075,31215.50842646724
controle,H3,2012-04-01,2012,4,dominio_inteiro,78561,256567.31396196352,-9570.174252990186,87886.26027445235,244481.00404674473,67475.78503925544
controle,H3,2012-04-01,2012,4,lat_menor_que_menos35,26100,24893.37527274741,2633.622950580561,19167.822189972983,17649.894305913924,17451.68248953376
controle,H3,2012-04-01,2012,4,lat_menos35_a_menos15,20880,40538.626104742805,-7687.03139155078,19784.730773938838,36463.32067652069,18808.59412325443
controle,H3,2012-04-01,2012,4,lat_maior_igual_menos15,31581,191135.31258447331,-4516.765812019968,48933.70731054053,190367.78906431014,31215.50842646724
controle,H3,2012-05-01,2012,5,dominio_inteiro,78561,228965.87208021633,3977.1314444082263,82245.49814816198,212762.55501193082,67475.78503925544
controle,H3,2012-05-01,2012,5,lat_menor_que_menos35,26100,36527.35655223523,-3362.0359262871507,21175.02517727151,25654.378411239963,17451.68248953376
controle,H3,2012-05-01,2012,5,lat_menos35_a_menos15,20880,36819.29481041804,4517.939531824461,18801.13102618385,32382.240133439904,18808.59412325443
controle,H3,2012-05-01,2012,5,lat_maior_igual_menos15,31581,155619.22071756312,2821.2278388709146,42269.34194470662,154725.93646725093,31215.50842646724
controle,H3,2012-06-01,2012,6,dominio_inteiro,78561,198507.17054792886,5469.352342931849,78852.62710037454,180557.3846097117,67475.78503925544
controle,H3,2012-06-01,2012,6,lat_menor_que_menos35,26100,37766.91675517019,-3127.8492114719793,21024.809264826363,26038.466025545982,17451.68248953376
controle,H3,2012-06-01,2012,6,lat_menos35_a_menos15,20880,45326.21327375457,-7867.954331631691,19531.534073438816,39947.98475509572,18808.59412325443
controle,H3,2012-06-01,2012,6,lat_maior_igual_menos15,31581,115414.0405190041,16465.155886035518,38296.283762109364,114570.93382907,31215.50842646724
controle,H3,2012-07-01,2012,7,dominio_inteiro,78561,227370.63290195644,-3882.6376713617265,74911.67161037447,210664.55783206638,67475.78503925544
controle,H3,2012-07-01,2012,7,lat_menor_que_menos35,26100,39458.71022538278,-5734.69911915722,22868.43581262359,26756.84450270517,17451.68248953376
controle,H3,2012-07-01,2012,7,lat_menos35_a_menos15,20880,18704.11009500672,2373.0766367097503,13028.828267173261,16189.694657781683,18808.59412325443
controle,H3,2012-07-01,2012,7,lat_maior_igual_menos15,31581,169207.81258156698,-521.0151889142562,39014.40753057762,167718.01867157948,31215.50842646724
controle,H3,2012-08-01,2012,8,dominio_inteiro,78561,187648.39090774627,-6250.717870205683,76390.31178536272,171737.3937440483,67475.78503925544
controle,H3,2012-08-01,2012,8,lat_menor_que_menos35,26100,39466.42943390881,-7658.292488199038,22178.23624938514,29285.267744586108,17451.68248953376
controle,H3,2012-08-01,2012,8,lat_menos35_a_menos15,20880,32875.17789403165,6165.807404532717,17399.004239957056,28453.518763040553,18808.59412325443
controle,H3,2012-08-01,2012,8,lat_maior_igual_menos15,31581,115306.78357980578,-4758.23278653936,36813.07129602051,113998.60723642164,31215.50842646724
controle,H3,2012-09-01,2012,9,dominio_inteiro,78561,142902.79808725964,37601.63317747385,66338.16431893074,133708.70972062813,67475.78503925544
controle,H3,2012-09-01,2012,9,lat_menor_que_menos35,26100,15534.24122742867,4454.027476643717,15039.361721624151,11021.31995072546,17451.68248953376
controle,H3,2012-09-01,2012,9,lat_menos35_a_menos15,20880,33805.82631139902,10993.619655305783,17353.420485826362,30118.6863837794,18808.59412325443
controle,H3,2012-09-01,2012,9,lat_maior_igual_menos15,31581,93562.73054843195,22153.986045524343,33945.38211148022,92568.70338612326,31215.50842646724
controle,H3,2012-10-01,2012,10,dominio_inteiro,78561,198710.64432319807,15532.755849869412,78834.97667248528,185435.77983445977,67475.78503925544
controle,H3,2012-10-01,2012,10,lat_menor_que_menos35,26100,24040.3949711476,-2443.0759250051615,17622.941379483847,17757.524422066257,17451.68248953376
controle,H3,2012-10-01,2012,10,lat_menos35_a_menos15,20880,55283.83465383088,11900.507988563819,23691.0500237729,49658.31835521341,18808.59412325443
controle,H3,2012-10-01,2012,10,lat_maior_igual_menos15,31581,119386.4146982196,6075.323786310755,37520.985269228535,118019.93705718011,31215.50842646724
controle,H3,2012-11-01,2012,11,dominio_inteiro,78561,361996.24413201615,4238.057685416748,101806.91550967237,344052.88975232834,67475.78503925544
controle,H3,2012-11-01,2012,11,lat_menor_que_menos35,26100,17900.331731663868,2930.0508438398133,14863.618160195589,12959.012991647744,17451.68248953376
controle,H3,2012-11-01,2012,11,lat_menos35_a_menos15,20880,112727.17778894497,2075.948701040503,31307.653139757276,102620.03062171943,18808.59412325443
controle,H3,2012-11-01,2012,11,lat_maior_igual_menos15,31581,231368.73461140733,-767.9418594635686,55635.644209719496,228473.84613896115,31215.50842646724
controle,H3,2012-12-01,2012,12,dominio_inteiro,78561,324913.1981782841,2349.439548966401,103542.46782776213,295146.5120140035,67475.78503925544
controle,H3,2012-12-01,2012,12,lat_menor_que_menos35,26100,72223.80470849892,-17285.642236618958,30243.195956679654,52666.20891978755,17451.68248953376
controle,H3,2012-12-01,2012,12,lat_menos35_a_menos15,20880,102927.77957996563,14043.378843408493,31058.05560967102,94234.08598525464,18808.59412325443
controle,H3,2012-12-01,2012,12,lat_maior_igual_menos15,31581,149761.61388981956,5591.702942176869,42241.216261411435,148246.21710896128,31215.50842646724
sst_8pcs,H3,2011-01-01,2011,1,dominio_inteiro,78561,225875.50662532123,5525.439217621453,85484.43651570796,213293.3155189518,67475.78503925544
sst_8pcs,H3,2011-01-01,2011,1,lat_menor_que_menos35,26100,23494.893089878442,-6108.077810904814,17128.71330879867,16890.834845270496,17451.68248953376
sst_8pcs,H3,2011-01-01,2011,1,lat_menos35_a_menos15,20880,47707.77179904355,3148.7328154031147,20207.173148961112,42743.14105779562,18808.59412325443
sst_8pcs,H3,2011-01-01,2011,1,lat_maior_igual_menos15,31581,154672.84173639925,8484.784213123154,48148.550057948174,153659.3396158857,31215.50842646724
sst_8pcs,H3,2011-02-01,2011,2,dominio_inteiro,78561,240314.33539968324,-9308.850975790388,84998.01626547726,225136.85995782635,67475.78503925544
sst_8pcs,H3,2011-02-01,2011,2,lat_menor_que_menos35,26100,24610.44383690452,2641.4151932734053,17520.366602550606,18027.868702240496,17451.68248953376
sst_8pcs,H3,2011-02-01,2011,2,lat_menos35_a_menos15,20880,81221.3552747223,-6964.027198211447,26557.176231538375,73630.55111635625,18808.59412325443
sst_8pcs,H3,2011-02-01,2011,2,lat_maior_igual_menos15,31581,134482.5362880564,-4986.238970852345,40920.473431388295,133478.4401392296,31215.50842646724
sst_8pcs,H3,2011-03-01,2011,3,dominio_inteiro,78561,282664.90402070037,-11469.101443987194,90559.60015528959,259583.64585173473,67475.78503925544
sst_8pcs,H3,2011-03-01,2011,3,lat_menor_que_menos35,26100,34194.31486157266,-4582.475776632849,19558.79610429859,23619.58761407335,17451.68248953376
sst_8pcs,H3,2011-03-01,2011,3,lat_menos35_a_menos15,20880,143953.14856079512,-7724.005724909752,32512.067734533808,132012.91286072083,18808.59412325443
sst_8pcs,H3,2011-03-01,2011,3,lat_maior_igual_menos15,31581,104517.4405983325,837.3800575554084,38488.73631645717,103951.14537694055,31215.50842646724
sst_8pcs,H3,2011-04-01,2011,4,dominio_inteiro,78561,226105.20946918768,-7372.661247246123,80656.26478817938,216124.94054233504,67475.78503925544
sst_8pcs,H3,2011-04-01,2011,4,lat_menor_que_menos35,26100,20850.3502473305,-2597.8730484250436,17180.097366982478,14080.78393432865,17451.68248953376
sst_8pcs,H3,2011-04-01,2011,4,lat_menos35_a_menos15,20880,20665.305369970196,2703.3890115813033,14025.392474498738,18531.345684014686,18808.59412325443
sst_8pcs,H3,2011-04-01,2011,4,lat_maior_igual_menos15,31581,184589.55385188694,-7478.177210402383,49450.774946698184,183512.81092399172,31215.50842646724
sst_8pcs,H3,2011-05-01,2011,5,dominio_inteiro,78561,350929.4624253969,-7738.56206887535,95700.67188967355,337594.50650836487,67475.78503925544
sst_8pcs,H3,2011-05-01,2011,5,lat_menor_que_menos35,26100,30575.008675084027,-653.7833152488297,20614.397207771763,21231.300118376897,17451.68248953376
sst_8pcs,H3,2011-05-01,2011,5,lat_menos35_a_menos15,20880,27997.104661078356,11456.224139260057,17232.024377539827,25202.28714169697,18808.59412325443
sst_8pcs,H3,2011-05-01,2011,5,lat_maior_igual_menos15,31581,292357.34908923454,-18541.002892886576,57854.25030436197,291160.9192482911,31215.50842646724
sst_8pcs,H3,2011-06-01,2011,6,dominio_inteiro,78561,185783.15288066427,-8684.358010721015,69880.20478786486,177534.11821668243,67475.78503925544
sst_8pcs,H3,2011-06-01,2011,6,lat_menor_que_menos35,26100,17347.4249259095,-4277.403978036581,15416.053088848861,12536.247970544398,17451.68248953376
sst_8pcs,H3,2011-06-01,2011,6,lat_menos35_a_menos15,20880,20245.52403956489,-6216.148894654383,12955.599713280459,17656.503318656276,18808.59412325443
sst_8pcs,H3,2011-06-01,2011,6,lat_maior_igual_menos15,31581,148190.2039151899,1809.1948619699533,41508.55198573553,147341.36692748175,31215.50842646724
sst_8pcs,H3,2011-07-01,2011,7,dominio_inteiro,78561,160819.9514412384,-13483.53103804023,61916.42387848856,152910.72451717785,67475.78503925544
sst_8pcs,H3,2011-07-01,2011,7,lat_menor_que_menos35,26100,16629.997511931993,-2785.641724930636,14544.760947216235,11415.788071074467,17451.68248953376
sst_8pcs,H3,2011-07-01,2011,7,lat_menos35_a_menos15,20880,13855.602138176744,-88.72888838121594,11217.745849976463,12257.84748196652,18808.59412325443
sst_8pcs,H3,2011-07-01,2011,7,lat_maior_igual_menos15,31581,130334.35179112965,-10609.160424728378,36153.91708129586,129237.08896413684,31215.50842646724
sst_8pcs,H3,2011-08-01,2011,8,dominio_inteiro,78561,188679.30920132692,8877.41952440517,75830.90624358028,170352.37208023857,67475.78503925544
sst_8pcs,H3,2011-08-01,2011,8,lat_menor_que_menos35,26100,48014.75590618227,-7251.827578969347,24153.297514928523,33821.16856778505,17451.68248953376
sst_8pcs,H3,2011-08-01,2011,8,lat_menos35_a_menos15,20880,26410.410382910435,-2734.2597045406465,14756.36103269485,23344.965092825212,18808.59412325443
sst_8pcs,H3,2011-08-01,2011,8,lat_maior_igual_menos15,31581,114254.14291223424,18863.50680791516,36921.24769595692,113186.23841962831,31215.50842646724
sst_8pcs,H3,2011-09-01,2011,9,dominio_inteiro,78561,184254.00394748704,21301.13653632812,75870.97355086927,171064.36654937788,67475.78503925544
sst_8pcs,H3,2011-09-01,2011,9,lat_menor_que_menos35,26100,24843.0602262603,-5841.6734450291115,17038.801003276163,17213.48386130129,17451.68248953376
sst_8pcs,H3,2011-09-01,2011,9,lat_menos35_a_menos15,20880,42271.61320364962,18450.372391457135,21593.251840355286,38006.97856299302,18808.59412325443
sst_8pcs,H3,2011-09-01,2011,9,lat_maior_igual_menos15,31581,117139.33051757712,8692.437589900093,37238.92070723782,115843.90412508356,31215.50842646724
sst_8pcs,H3,2011-10-01,2011,10,dominio_inteiro,78561,195934.89035173453,-20477.455688900474,76011.70730576199,183716.8338172385,67475.78503925544
sst_8pcs,H3,2011-10-01,2011,10,lat_menor_que_menos35,26100,29298.269419285865,-776.1641379385867,16292.351306411792,21936.76479153798,17451.68248953376
sst_8pcs,H3,2011-10-01,2011,10,lat_menos35_a_menos15,20880,31662.11096497192,-6080.1032611860655,16720.631669538263,28133.560747376214,18808.59412325443
sst_8pcs,H3,2011-10-01,2011,10,lat_maior_igual_menos15,31581,134974.50996747677,-13621.188289775828,42998.724329811936,133646.50827832433,31215.50842646724
sst_8pcs,H3,2011-11-01,2011,11,dominio_inteiro,78561,333650.70951571903,-19474.47398313389,89970.4835750855,321144.9022560209,67475.78503925544
sst_8pcs,H3,2011-11-01,2011,11,lat_menor_que_menos35,26100,18978.329194181315,-3858.135910662972,15889.999048170537,13491.448981655334,17451.68248953376
sst_8pcs,H3,2011-11-01,2011,11,lat_menos35_a_menos15,20880,50416.464609707094,5853.161179708363,21000.3462956303,45657.14508743044,18808.59412325443
sst_8pcs,H3,2011-11-01,2011,11,lat_maior_igual_menos15,31581,264255.91571183066,-21469.49925217928,53080.13823128466,261996.30818693517,31215.50842646724
sst_8pcs,H3,2011-12-01,2011,12,dominio_inteiro,78561,277551.25496370246,18362.84362201936,96716.30023836483,256674.42455021563,67475.78503925544
sst_8pcs,H3,2011-12-01,2011,12,lat_menor_que_menos35,26100,38538.299882197396,15576.1235083588,21792.295269692062,26756.200324887526,17451.68248953376
sst_8pcs,H3,2011-12-01,2011,12,lat_menos35_a_menos15,20880,70284.58291158012,3487.4151922467727,25151.605424780028,62359.67351668366,18808.59412325443
sst_8pcs,H3,2011-12-01,2011,12,lat_maior_igual_menos15,31581,168728.37216992496,-700.6950785862064,49772.39954389275,167558.55070864444,31215.50842646724
sst_8pcs,H3,2012-01-01,2012,1,dominio_inteiro,78561,236562.79709983643,-2391.70989242885,84883.52689653182,222824.18070737377,67475.78503925544
sst_8pcs,H3,2012-01-01,2012,1,lat_menor_que_menos35,26100,23563.28506300005,2975.8905835092464,16708.625957825454,17045.8818801651,17451.68248953376
sst_8pcs,H3,2012-01-01,2012,1,lat_menos35_a_menos15,20880,57953.327905521495,10488.236598984373,23465.139348693592,51624.52791783188,18808.59412325443
sst_8pcs,H3,2012-01-01,2012,1,lat_maior_igual_menos15,31581,155046.1841313149,-15855.837074922465,44709.76159001278,154153.7709093768,31215.50842646724
sst_8pcs,H3,2012-02-01,2012,2,dominio_inteiro,78561,273104.57447175606,-20654.93890075501,93145.1717767978,255128.08955711214,67475.78503925544
sst_8pcs,H3,2012-02-01,2012,2,lat_menor_que_menos35,26100,38395.91632910469,-9286.744773919148,21436.229981855868,28300.094817913923,17451.68248953376
sst_8pcs,H3,2012-02-01,2012,2,lat_menos35_a_menos15,20880,62655.68695201746,9268.048911698996,25303.97837732197,55834.59671191096,18808.59412325443
sst_8pcs,H3,2012-02-01,2012,2,lat_maior_igual_menos15,31581,172052.9711906339,-20636.243038534856,46404.96341761995,170993.39802728724,31215.50842646724
sst_8pcs,H3,2012-03-01,2012,3,dominio_inteiro,78561,245270.9794541759,8028.068910826193,87588.37414891156,230817.30174654894,67475.78503925544
sst_8pcs,H3,2012-03-01,2012,3,lat_menor_que_menos35,26100,37253.366834620036,-3798.315741612357,19747.904142779582,27749.490179751258,17451.68248953376
sst_8pcs,H3,2012-03-01,2012,3,lat_menos35_a_menos15,20880,46414.17440650395,17159.249403166043,21822.379412932907,42083.10753007625,18808.59412325443
sst_8pcs,H3,2012-03-01,2012,3,lat_maior_igual_menos15,31581,161603.43821305188,-5332.864750727489,46018.090593199086,160984.70403672144,31215.50842646724
sst_8pcs,H3,2012-04-01,2012,4,dominio_inteiro,78561,260013.64636038488,-6115.451780831225,88763.97337160987,247929.92987547506,67475.78503925544
sst_8pcs,H3,2012-04-01,2012,4,lat_menor_que_menos35,26100,24849.47479187725,2885.8353748513696,19214.623146511858,17620.57402095015,17451.68248953376
sst_8pcs,H3,2012-04-01,2012,4,lat_menos35_a_menos15,20880,40593.1237380985,-7224.71207534917,19857.480614557913,36518.400522714335,18808.59412325443
sst_8pcs,H3,2012-04-01,2012,4,lat_maior_igual_menos15,31581,194571.04783040917,-1776.5750803334276,49691.8696105401,193790.95533181058,31215.50842646724
sst_8pcs,H3,2012-05-01,2012,5,dominio_inteiro,78561,235080.0617414084,6600.142791052657,83773.1945233672,218665.84248311975,67475.78503925544
sst_8pcs,H3,2012-05-01,2012,5,lat_menor_que_menos35,26100,37016.65684728897,-3463.1340737390283,21180.587105763152,26014.201785502868,17451.68248953376
sst_8pcs,H3,2012-05-01,2012,5,lat_menos35_a_menos15,20880,37477.50566365297,4444.866853782583,18964.382222806402,32962.67023050993,18808.59412325443
sst_8pcs,H3,2012-05-01,2012,5,lat_maior_igual_menos15,31581,160585.89923046646,5618.4100110091,43628.22519479765,159688.97046710696,31215.50842646724
sst_8pcs,H3,2012-06-01,2012,6,dominio_inteiro,78561,200157.30285448013,5732.170059289553,79070.09164861552,182013.6291527924,67475.78503925544
sst_8pcs,H3,2012-06-01,2012,6,lat_menor_que_menos35,26100,38318.81473416371,-3397.1631893989497,21111.03218123931,26438.864477999516,17451.68248953376
sst_8pcs,H3,2012-06-01,2012,6,lat_menos35_a_menos15,20880,45655.22333239992,-8304.541587646389,19532.129652807453,40248.76000693221,18808.59412325443
sst_8pcs,H3,2012-06-01,2012,6,lat_maior_igual_menos15,31581,116183.26478791653,17433.87483633489,38426.92981456875,115326.00466786066,31215.50842646724
sst_8pcs,H3,2012-07-01,2012,7,dominio_inteiro,78561,229060.0203565312,-1207.3557142037223,74974.84764930827,212374.84575267957,67475.78503925544
sst_8pcs,H3,2012-07-01,2012,7,lat_menor_que_menos35,26100,39448.232903619595,-5957.653766128296,22935.260166669996,26723.914370150593,17451.68248953376
sst_8pcs,H3,2012-07-01,2012,7,lat_menos35_a_menos15,20880,18682.31245810109,2046.0058156007553,12880.607461738027,16166.34165751591,18808.59412325443
sst_8pcs,H3,2012-07-01,2012,7,lat_maior_igual_menos15,31581,170929.47499481053,2704.29223632382,39158.98002090025,169484.58972501304,31215.50842646724
sst_8pcs,H3,2012-08-01,2012,8,dominio_inteiro,78561,185822.30542005802,-5608.239331370379,76061.37046245825,170021.31955885963,67475.78503925544
sst_8pcs,H3,2012-08-01,2012,8,lat_menor_que_menos35,26100,39343.43853739546,-7767.628051374419,22100.855264726386,29176.520813763003,17451.68248953376
sst_8pcs,H3,2012-08-01,2012,8,lat_menos35_a_menos15,20880,32062.69197665088,5903.972617416155,17121.872668496864,27719.546410563664,18808.59412325443
sst_8pcs,H3,2012-08-01,2012,8,lat_maior_igual_menos15,31581,114416.17490601169,-3744.5838974121143,36838.642529235,113125.25233453295,31215.50842646724
sst_8pcs,H3,2012-09-01,2012,9,dominio_inteiro,78561,141393.15817389078,35583.130789656716,66108.24203251318,132155.640107424,67475.78503925544
sst_8pcs,H3,2012-09-01,2012,9,lat_menor_que_menos35,26100,15889.399770462971,4421.228672684675,15286.940314976497,11321.253274236024,17451.68248953376
sst_8pcs,H3,2012-09-01,2012,9,lat_menos35_a_menos15,20880,33519.297848226925,10588.924232613093,17189.41967697769,29846.987715623272,18808.59412325443
sst_8pcs,H3,2012-09-01,2012,9,lat_maior_igual_menos15,31581,91984.4605552009,20572.97788435894,33631.882040559,90987.39911756471,31215.50842646724
sst_8pcs,H3,2012-10-01,2012,10,dominio_inteiro,78561,193928.56680815836,10695.332366755114,77975.42394144105,180488.69202160242,67475.78503925544
sst_8pcs,H3,2012-10-01,2012,10,lat_menor_que_menos35,26100,24773.442435373334,-4537.894017004901,17583.49389205214,18276.642338824066,17451.68248953376
sst_8pcs,H3,2012-10-01,2012,10,lat_menos35_a_menos15,20880,54504.663192885746,11048.313023726463,23462.462770550384,48895.70778752273,18808.59412325443
sst_8pcs,H3,2012-10-01,2012,10,lat_maior_igual_menos15,31581,114650.46117989931,4184.9133600335535,36929.467278838536,113316.34189525562,31215.50842646724
sst_8pcs,H3,2012-11-01,2012,11,dominio_inteiro,78561,362695.7601179952,8267.668875472564,102657.30843816587,344735.7475547178,67475.78503925544
sst_8pcs,H3,2012-11-01,2012,11,lat_menor_que_menos35,26100,17685.44621099156,2948.053417855222,14775.717875546292,12826.643592934857,17451.68248953376
sst_8pcs,H3,2012-11-01,2012,11,lat_menos35_a_menos15,20880,112386.79718339231,2797.6235004882383,31333.079519394843,102231.98847315031,18808.59412325443
sst_8pcs,H3,2012-11-01,2012,11,lat_maior_igual_menos15,31581,232623.51672361133,2521.9919571291057,56548.51104322474,229677.11548863264,31215.50842646724
sst_8pcs,H3,2012-12-01,2012,12,dominio_inteiro,78561,321502.33182127355,969.0499298931541,102863.7479571485,291826.9780175065,67475.78503925544
sst_8pcs,H3,2012-12-01,2012,12,lat_menor_que_menos35,26100,72315.33612575608,-17368.198158019855,30247.695251739653,52739.33925365532,17451.68248953376
sst_8pcs,H3,2012-12-01,2012,12,lat_menos35_a_menos15,20880,101378.68908001092,13689.609575050483,30815.65491279559,92774.38877117765,18808.59412325443
sst_8pcs,H3,2012-12-01,2012,12,lat_maior_igual_menos15,31581,147808.3066155065,4647.638512862526,41800.39779261329,146313.24999267355,31215.50842646724
climatologia,H3,2011-01-01,2011,1,dominio_inteiro,78561,232467.06530808096,-23905.22403547936,78830.64230779628,219061.09747131667,67475.78503925544
climatologia,H3,2011-01-01,2011,1,lat_menor_que_menos35,26100,24782.58604087401,-6481.366297759116,17839.330540515482,17806.786412781355,17451.68248953376
climatologia,H3,2011-01-01,2011,1,lat_menos35_a_menos15,20880,52694.87423801893,3166.970453247195,21124.61528275232,47047.18994497216,18808.59412325443
climatologia,H3,2011-01-01,2011,1,lat_maior_igual_menos15,31581,154989.60502918804,-20590.82819096744,39866.69648452848,154207.12111356313,31215.50842646724
climatologia,H3,2011-02-01,2011,2,dominio_inteiro,78561,303050.4678822545,-33328.90930231247,92605.13368422684,286708.06136029365,67475.78503925544
climatologia,H3,2011-02-01,2011,2,lat_menor_que_menos35,26100,26817.835916319695,2115.4853006601334,17712.987164467573,19759.428629606577,17451.68248953376
climatologia,H3,2011-02-01,2011,2,lat_menos35_a_menos15,20880,86385.5873648412,-7464.065402153472,27705.655618922377,78155.29766171513,18808.59412325443
climatologia,H3,2011-02-01,2011,2,lat_maior_igual_menos15,31581,189847.0446010936,-27980.329200819135,47186.490900836885,188793.33506897202,31215.50842646724
climatologia,H3,2011-03-01,2011,3,dominio_inteiro,78561,326649.65686781926,-31760.036831424106,95134.19704388035,303558.8582984297,67475.78503925544
climatologia,H3,2011-03-01,2011,3,lat_menor_que_menos35,26100,32074.620160606402,-4206.98803037405,19522.8944196105,21981.46112932267,17451.68248953376
climatologia,H3,2011-03-01,2011,3,lat_menos35_a_menos15,20880,151429.2135397625,-9309.201537498739,33326.155662106816,139100.74572794497,18808.59412325443
climatologia,H3,2011-03-01,2011,3,lat_maior_igual_menos15,31581,143145.8231674504,-18243.847263551317,42285.14696216304,142476.65144116204,31215.50842646724
climatologia,H3,2011-04-01,2011,4,dominio_inteiro,78561,259724.54740369308,-19293.57138485834,85005.52797283977,247680.4793094215,67475.78503925544
climatologia,H3,2011-04-01,2011,4,lat_menor_que_menos35,26100,24921.286795128013,-3325.2972007095814,18502.389871150255,16654.780138323393,17451.68248953376
climatologia,H3,2011-04-01,2011,4,lat_menos35_a_menos15,20880,23950.80573734385,3675.781478924677,15340.537177177146,21395.548314149004,18808.59412325443
climatologia,H3,2011-04-01,2011,4,lat_maior_igual_menos15,31581,210852.45487122124,-19644.055663073435,51162.60092451237,209630.15085694913,31215.50842646724
climatologia,H3,2011-05-01,2011,5,dominio_inteiro,78561,413704.1670637769,-15775.650549008045,103295.52557060914,395689.77987164736,67475.78503925544
climatologia,H3,2011-05-01,2011,5,lat_menor_que_menos35,26100,43185.08115823801,442.5289904475212,23322.18556624651,30396.429942145198,17451.68248953376
climatologia,H3,2011-05-01,2011,5,lat_menos35_a_menos15,20880,36749.460393057714,14280.42696755426,19405.73531716643,32867.259766725554,18808.59412325443
climatologia,H3,2011-05-01,2011,5,lat_maior_igual_menos15,31581,333769.62551248126,-30498.606507009827,60567.6046871962,332426.0901627766,31215.50842646724
climatologia,H3,2011-06-01,2011,6,dominio_inteiro,78561,200622.34883078374,-16271.16433446994,71250.40790294344,191739.3596415963,67475.78503925544
climatologia,H3,2011-06-01,2011,6,lat_menor_que_menos35,26100,19022.779765478423,-3264.160418778658,16307.238669723272,13623.764367843816,17451.68248953376
climatologia,H3,2011-06-01,2011,6,lat_menos35_a_menos15,20880,19166.296426539535,-3872.0001115039922,12862.81547237141,16728.10074518099,18808.59412325443
climatologia,H3,2011-06-01,2011,6,lat_maior_igual_menos15,31581,162433.2726387658,-9135.00380418729,42080.35376084875,161387.49452857152,31215.50842646724
climatologia,H3,2011-07-01,2011,7,dominio_inteiro,78561,199326.7458200061,-20675.088531263173,69468.95370418951,190545.0219569155,67475.78503925544
climatologia,H3,2011-07-01,2011,7,lat_menor_que_menos35,26100,17978.250829934685,-2706.5521817207336,15035.926870942116,12447.93897997114,17451.68248953376
climatologia,H3,2011-07-01,2011,7,lat_menos35_a_menos15,20880,13760.479307420486,1403.0120845343918,11461.967345064506,12111.612061350424,18808.59412325443
climatologia,H3,2011-07-01,2011,7,lat_maior_igual_menos15,31581,167588.0156826509,-19371.54843407683,42971.05948818289,165985.47091559393,31215.50842646724
climatologia,H3,2011-08-01,2011,8,dominio_inteiro,78561,178477.79180277855,1657.3319592177868,72837.765507821,161778.59720923565,67475.78503925544
climatologia,H3,2011-08-01,2011,8,lat_menor_que_menos35,26100,42204.66530376464,-6224.948819041252,22606.517739355564,29587.39007850219,17451.68248953376
climatologia,H3,2011-08-01,2011,8,lat_menos35_a_menos15,20880,26884.58801676694,-2724.4094475302845,14689.653601741418,23818.236729769873,18808.59412325443
climatologia,H3,2011-08-01,2011,8,lat_maior_igual_menos15,31581,109388.53848224698,10606.690225789323,35541.59416672401,108372.97040096356,31215.50842646724
climatologia,H3,2011-09-01,2011,9,dominio_inteiro,78561,165711.86059178194,12052.193342075916,71872.25803062809,152947.9319855678,67475.78503925544
climatologia,H3,2011-09-01,2011,9,lat_menor_que_menos35,26100,24265.746288699127,-3659.0934894680977,17070.58704471588,16833.95943672807,17451.68248953376
climatologia,H3,2011-09-01,2011,9,lat_menos35_a_menos15,20880,39855.41469339428,18431.198641109513,21380.417262879433,35607.23748084014,18808.59412325443
climatologia,H3,2011-09-01,2011,9,lat_maior_igual_menos15,31581,101590.6996096885,-2719.9118095654994,33421.25372303277,100506.7350679996,31215.50842646724
climatologia,H3,2011-10-01,2011,10,dominio_inteiro,78561,224145.0474442317,-28992.87351683207,80322.23831937526,211741.89445185714,67475.78503925544
climatologia,H3,2011-10-01,2011,10,lat_menor_que_menos35,26100,29004.143928847145,1360.8586017787457,16592.144198805094,21587.522682451796,17451.68248953376
climatologia,H3,2011-10-01,2011,10,lat_menos35_a_menos15,20880,30069.109121036192,-5394.276105261,16494.398811823397,26945.346709947124,18808.59412325443
climatologia,H3,2011-10-01,2011,10,lat_maior_igual_menos15,31581,165071.79439434834,-24959.456013349816,47235.69530874677,163209.02505945822,31215.50842646724
climatologia,H3,2011-11-01,2011,11,dominio_inteiro,78561,386759.40752150485,-26861.69935860802,96845.6245136539,373239.83598729083,67475.78503925544
climatologia,H3,2011-11-01,2011,11,lat_menor_que_menos35,26100,18345.556440720848,-2007.7968075275421,15728.017840147018,13038.076893742902,17451.68248953376
climatologia,H3,2011-11-01,2011,11,lat_menos35_a_menos15,20880,56938.04283080385,8500.744485833304,22996.401568526257,51478.32240189983,18808.59412325443
climatologia,H3,2011-11-01,2011,11,lat_maior_igual_menos15,31581,311475.8082499801,-33354.64703691378,58121.20510498062,308723.43669164815,31215.50842646724
climatologia,H3,2011-12-01,2011,12,dominio_inteiro,78561,346313.1885483308,2780.17606422893,104673.62703128188,323991.7269868794,67475.78503925544
climatologia,H3,2011-12-01,2011,12,lat_menor_que_menos35,26100,38859.359209920105,14523.941650360823,21303.075063496828,27176.27324610474,17451.68248953376
climatologia,H3,2011-12-01,2011,12,lat_menos35_a_menos15,20880,79258.24322649991,2687.3025981283863,26610.41361098393,70337.15584297942,18808.59412325443
climatologia,H3,2011-12-01,2011,12,lat_maior_igual_menos15,31581,228195.58611191076,-14431.068184260279,56760.13835680112,226478.29789779527,31215.50842646724
climatologia,H3,2012-01-01,2012,1,dominio_inteiro,78561,254429.2104220562,-7128.948400713736,87963.30235336511,239815.579725017,67475.78503925544
climatologia,H3,2012-01-01,2012,1,lat_menor_que_menos35,26100,24406.970841714017,2150.7938890084624,16476.015652127564,17655.9517725528,17451.68248953376
climatologia,H3,2012-01-01,2012,1,lat_menos35_a_menos15,20880,63332.5803181931,9942.532739624148,24512.14640217065,56339.149708084056,18808.59412325443
climatologia,H3,2012-01-01,2012,1,lat_maior_igual_menos15,31581,166689.6592621491,-19222.275029346347,46975.1402990669,165820.47824438015,31215.50842646724
climatologia,H3,2012-02-01,2012,2,dominio_inteiro,78561,294144.1160854059,-21081.568146306614,95686.98850303056,275536.98760397173,67475.78503925544
climatologia,H3,2012-02-01,2012,2,lat_menor_que_menos35,26100,37165.03236694694,-9551.975140929222,20981.251413822174,27467.16443871723,17451.68248953376
climatologia,H3,2012-02-01,2012,2,lat_menos35_a_menos15,20880,75255.42480647724,12532.787472602387,28364.39057073655,67442.1828243748,18808.59412325443
climatologia,H3,2012-02-01,2012,2,lat_maior_igual_menos15,31581,181723.65891198174,-24062.38047797978,46341.34651847184,180627.64034087968,31215.50842646724
climatologia,H3,2012-03-01,2012,3,dominio_inteiro,78561,270866.98969221173,4895.960444882046,92150.49166718079,255929.76259788603,67475.78503925544
climatologia,H3,2012-03-01,2012,3,lat_menor_que_menos35,26100,39090.59544870103,-2205.4325875639915,20476.638801813126,29203.4591818873,17451.68248953376
climatologia,H3,2012-03-01,2012,3,lat_menos35_a_menos15,20880,46452.992881545084,16666.793526283,22230.43557634065,42295.846660261595,18808.59412325443
climatologia,H3,2012-03-01,2012,3,lat_maior_igual_menos15,31581,185323.40136196563,-9565.400493836962,49443.41728902701,184430.45675573713,31215.50842646724
climatologia,H3,2012-04-01,2012,4,dominio_inteiro,78561,356035.85247113253,-3666.96062893793,103596.37012705207,343070.30250179616,67475.78503925544
climatologia,H3,2012-04-01,2012,4,lat_menor_que_menos35,26100,24722.69078481513,3293.614542454481,19325.735079556704,17553.91726335741,17451.68248953376
climatologia,H3,2012-04-01,2012,4,lat_menos35_a_menos15,20880,44748.6800086641,-5423.165092425421,21208.88153386861,40095.533495852855,18808.59412325443
climatologia,H3,2012-04-01,2012,4,lat_maior_igual_menos15,31581,286564.48167765327,-1537.41007896699,63061.753513626754,285420.85174258595,31215.50842646724
climatologia,H3,2012-05-01,2012,5,dominio_inteiro,78561,308958.4473928603,12167.266321109142,93288.83332616417,294604.73751676694,67475.78503925544
climatologia,H3,2012-05-01,2012,5,lat_menor_que_menos35,26100,30687.627419085344,-1369.4331372380257,20082.024197876453,21723.540593984526,17451.68248953376
climatologia,H3,2012-05-01,2012,5,lat_menos35_a_menos15,20880,36132.18525283311,3471.5719107915647,18334.62364673661,31795.559728019092,18808.59412325443
climatologia,H3,2012-05-01,2012,5,lat_maior_igual_menos15,31581,242138.63472094186,10065.127547555603,54872.1854815511,241085.63719476335,31215.50842646724
climatologia,H3,2012-06-01,2012,6,dominio_inteiro,78561,220752.1010347273,12944.234453982208,83180.73257138999,203609.9077194005,67475.78503925544
climatologia,H3,2012-06-01,2012,6,lat_menor_que_menos35,26100,35382.51905574648,-1919.4586518108845,20352.639792650938,24582.347994986594,17451.68248953376
climatologia,H3,2012-06-01,2012,6,lat_menos35_a_menos15,20880,46724.95594135594,-8569.172276420984,19695.316040271427,41243.00642441377,18808.59412325443
climatologia,H3,2012-06-01,2012,6,lat_maior_igual_menos15,31581,138644.6260376249,23432.865382214077,43132.776738467626,137784.55330000012,31215.50842646724
climatologia,H3,2012-07-01,2012,7,dominio_inteiro,78561,215828.4933791092,3832.3787386342883,75433.34449999407,199132.87279166203,67475.78503925544
climatologia,H3,2012-07-01,2012,7,lat_menor_que_menos35,26100,40300.659201741684,-4932.4242215156555,23376.929408609867,27620.750453933404,17451.68248953376
climatologia,H3,2012-07-01,2012,7,lat_menos35_a_menos15,20880,18896.095388951027,3245.2095027472824,13192.629874603823,16352.166900593265,18808.59412325443
climatologia,H3,2012-07-01,2012,7,lat_maior_igual_menos15,31581,156631.7387884165,5519.593457402661,38863.78521678038,155159.95543713536,31215.50842646724
climatologia,H3,2012-08-01,2012,8,dominio_inteiro,78561,184065.45408369097,-2080.8863482773304,77046.18004160747,167920.92351698573,67475.78503925544
climatologia,H3,2012-08-01,2012,8,lat_menor_que_menos35,26100,40026.38976536766,-6877.109463572502,22687.134094536304,29543.665202420394,17451.68248953376
climatologia,H3,2012-08-01,2012,8,lat_menos35_a_menos15,20880,33033.38238184747,6351.054801126942,17496.774974135682,28632.780146526024,18808.59412325443
climatologia,H3,2012-08-01,2012,8,lat_maior_igual_menos15,31581,111005.68193647584,-1554.8316858317703,36862.27097293548,109744.47816803932,31215.50842646724
climatologia,H3,2012-09-01,2012,9,dominio_inteiro,78561,145708.514274861,39264.67197977123,69311.27141508949,135830.04986484133,67475.78503925544
climatologia,H3,2012-09-01,2012,9,lat_menor_que_menos35,26100,19111.232124023794,2629.970917880535,15931.486773252487,13479.674888094889,17451.68248953376
climatologia,H3,2012-09-01,2012,9,lat_menos35_a_menos15,20880,29909.075722862523,10938.078447628068,16997.603606543737,26664.754197083377,18808.59412325443
climatologia,H3,2012-09-01,2012,9,lat_maior_igual_menos15,31581,96688.20642797467,25696.622614262626,36382.181035293266,95685.62077966306,31215.50842646724
climatologia,H3,2012-10-01,2012,10,dominio_inteiro,78561,180928.1447149293,14732.31950684957,76974.73933269974,168022.14002134826,67475.78503925544
climatologia,H3,2012-10-01,2012,10,lat_menor_que_menos35,26100,23290.382973894208,-3039.575892239809,17038.851340204477,17317.20629169075,17451.68248953376
climatologia,H3,2012-10-01,2012,10,lat_menos35_a_menos15,20880,56094.85036398109,9761.573351526109,23517.918969641963,50293.341539521265,18808.59412325443
climatologia,H3,2012-10-01,2012,10,lat_maior_igual_menos15,31581,101542.91137705401,8010.32204756327,36417.9690228533,100411.59219013623,31215.50842646724
climatologia,H3,2012-11-01,2012,11,dominio_inteiro,78561,318989.35761322966,4164.13949332069,95920.91020210748,304568.5609530899,67475.78503925544
climatologia,H3,2012-11-01,2012,11,lat_menor_que_menos35,26100,15388.171142539102,760.523276090622,13885.692439377308,11102.003585983908,17451.68248953376
climatologia,H3,2012-11-01,2012,11,lat_menos35_a_menos15,20880,85152.7856444753,1797.312402703421,27681.306029486557,77557.56609579518,18808.59412325443
climatologia,H3,2012-11-01,2012,11,lat_maior_igual_menos15,31581,218448.40082621534,1606.3038145266473,54353.911733243614,215908.99127131078,31215.50842646724
climatologia,H3,2012-12-01,2012,12,dominio_inteiro,78561,354112.95663400117,-2033.183196330152,107803.07400446042,322872.8179842772,67475.78503925544
climatologia,H3,2012-12-01,2012,12,lat_menor_que_menos35,26100,74477.06058615414,-17241.0510635674,30540.76777473092,54297.23287981725,17451.68248953376
climatologia,H3,2012-12-01,2012,12,lat_menos35_a_menos15,20880,112443.54572969566,15014.57215226657,32490.611975059204,103026.51869176957,18808.59412325443
climatologia,H3,2012-12-01,2012,12,lat_maior_igual_menos15,31581,167192.3503181514,193.2957149706781,44771.69425467029,165549.06641269036,31215.50842646724
controle,H4,2013-01-01,2013,1,dominio_inteiro,78561,347516.165387058,23392.87145829898,107440.61228332632,327393.3464762885,67475.78503925544
controle,H4,2013-01-01,2013,1,lat_menor_que_menos35,26100,32631.871098387397,7307.573547838897,20933.24845595131,22897.700447468334,17451.68248953376
controle,H4,2013-01-01,2013,1,lat_menos35_a_menos15,20880,98317.1784737145,1505.1678575449532,31215.517788816505,89621.7078672959,18808.59412325443
controle,H4,2013-01-01,2013,1,lat_maior_igual_menos15,31581,216567.115814956,14580.130052915134,55291.84603855851,214873.9381615243,31215.50842646724
controle,H4,2013-02-01,2013,2,dominio_inteiro,78561,333531.77513138665,-4147.770145883731,97645.82766263891,317367.1000898961,67475.78503925544
controle,H4,2013-02-01,2013,2,lat_menor_que_menos35,26100,34017.106634421725,2561.9105650313522,20196.482356199915,24706.356741113264,17451.68248953376
controle,H4,2013-02-01,2013,2,lat_menos35_a_menos15,20880,51171.88267706013,3783.9838995679274,22087.09760144754,45493.788724096376,18808.59412325443
controle,H4,2013-02-01,2013,2,lat_maior_igual_menos15,31581,248342.78581990485,-10493.664610483009,55362.24770499146,247166.95462468648,31215.50842646724
controle,H4,2013-03-01,2013,3,dominio_inteiro,78561,258187.55740953475,1702.9719448449578,84064.961734499,245655.17410886099,67475.78503925544
controle,H4,2013-03-01,2013,3,lat_menor_que_menos35,26100,22590.410169930172,2536.5456300485057,17456.018422251145,15689.936093973087,17451.68248953376
controle,H4,2013-03-01,2013,3,lat_menos35_a_menos15,20880,49583.315451264905,1951.5396005979076,21639.43834752815,44599.50774247482,18808.59412325443
controle,H4,2013-03-01,2013,3,lat_maior_igual_menos15,31581,186013.83178833968,-2785.1132858014553,44969.504964719716,185365.73027241312,31215.50842646724
controle,H4,2013-04-01,2013,4,dominio_inteiro,78561,212418.89688303604,17945.86428283626,84665.93257896803,200300.08130872657,67475.78503925544
controle,H4,2013-04-01,2013,4,lat_menor_que_menos35,26100,29234.403170781818,4490.3881612192,21595.041719893983,20924.82228079235,17451.68248953376
controle,H4,2013-04-01,2013,4,lat_menos35_a_menos15,20880,29272.747613548527,3258.8895978160676,17869.413260862453,26184.186855089774,18808.59412325443
controle,H4,2013-04-01,2013,4,lat_maior_igual_menos15,31581,153911.7460987057,10196.586523800994,45201.4775982116,153191.07217284443,31215.50842646724
controle,H4,2013-05-01,2013,5,dominio_inteiro,78561,178460.70962032897,1526.1386319810954,70687.25397242774,168966.00396949213,67475.78503925544
controle,H4,2013-05-01,2013,5,lat_menor_que_menos35,26100,20026.90174209303,-4957.183015214237,16879.60176080879,13904.95541986037,17451.68248953376
controle,H4,2013-05-01,2013,5,lat_menos35_a_menos15,20880,23886.69540190009,6454.001382558817,15959.789637135347,21175.01605944114,18808.59412325443
controle,H4,2013-05-01,2013,5,lat_maior_igual_menos15,31581,134547.11247633584,29.320264636516185,37847.86257448361,133886.0324901906,31215.50842646724
controle,H4,2013-06-01,2013,6,dominio_inteiro,78561,272410.9521660258,-12274.337048079627,85667.18996563353,248710.60578560154,67475.78503925544
controle,H4,2013-06-01,2013,6,lat_menor_que_menos35,26100,52853.644142299025,-10188.664694910254,24443.789887501964,34712.49403836596,17451.68248953376
controle,H4,2013-06-01,2013,6,lat_menos35_a_menos15,20880,42908.85208184225,-6570.752100709342,17390.197257041003,38536.25644084238,18808.59412325443
controle,H4,2013-06-01,2013,6,lat_maior_igual_menos15,31581,176648.4559418846,4485.079747539967,43833.20282109057,175461.8553063932,31215.50842646724
controle,H4,2013-07-01,2013,7,dominio_inteiro,78561,168751.8304711427,13496.5109279122,71909.36186278799,156763.70824727154,67475.78503925544
controle,H4,2013-07-01,2013,7,lat_menor_que_menos35,26100,24539.383283440453,6716.655397427025,19873.783292393036,16888.938876166794,17451.68248953376
controle,H4,2013-07-01,2013,7,lat_menos35_a_menos15,20880,25706.621210521695,-1097.1440012692487,14903.58778654069,22383.882100629216,18808.59412325443
controle,H4,2013-07-01,2013,7,lat_maior_igual_menos15,31581,118505.82597718056,7876.999531754424,37131.990783854264,117490.88727047556,31215.50842646724
controle,H4,2013-08-01,2013,8,dominio_inteiro,78561,147022.44106796203,563.7953559875461,65644.78721862941,133310.5469408069,67475.78503925544
controle,H4,2013-08-01,2013,8,lat_menor_que_menos35,26100,33350.63177569291,-6659.401713648041,19397.414899411044,23815.878206271922,17451.68248953376
controle,H4,2013-08-01,2013,8,lat_menos35_a_menos15,20880,25823.54528559403,5002.487179333373,15679.499599137613,22475.963645963326,18808.59412325443
controle,H4,2013-08-01,2013,8,lat_maior_igual_menos15,31581,87848.2640066751,2220.7098903022134,30567.872720080763,87018.70508857166,31215.50842646724
controle,H4,2013-09-01,2013,9,dominio_inteiro,78561,115653.37408364218,10084.319053914278,58294.94991891128,104676.79171090765,67475.78503925544
controle,H4,2013-09-01,2013,9,lat_menor_que_menos35,26100,25071.990461234935,1276.5174969428163,17156.02604558817,17670.855850633,17451.68248953376
controle,H4,2013-09-01,2013,9,lat_menos35_a_menos15,20880,21392.824237135737,676.3769278805524,13612.233643785901,18712.072465891055,18808.59412325443
controle,H4,2013-09-01,2013,9,lat_maior_igual_menos15,31581,69188.55938527151,8131.4246290909105,27526.69022953722,68293.86339438357,31215.50842646724
controle,H4,2013-10-01,2013,10,dominio_inteiro,78561,135074.18660984625,4952.733914007375,64644.17762390081,125497.07969730823,67475.78503925544
controle,H4,2013-10-01,2013,10,lat_menor_que_menos35,26100,17661.15960782401,3505.873585902076,15319.734055619874,12863.519343369186,17451.68248953376
controle,H4,2013-10-01,2013,10,lat_menos35_a_menos15,20880,33974.01777772549,-708.6940885892478,17219.072857202646,30069.978941234232,18808.59412325443
controle,H4,2013-10-01,2013,10,lat_maior_igual_menos15,31581,83439.00922429675,2155.5544166945483,32105.3707110783,82563.58141270482,31215.50842646724
controle,H4,2013-11-01,2013,11,dominio_inteiro,78561,216836.06952924113,-9688.151225138477,82439.00364946372,202693.92035192734,67475.78503925544
controle,H4,2013-11-01,2013,11,lat_menor_que_menos35,26100,25053.54437722213,-9163.790921673855,17162.16787502061,18174.174958933672,17451.68248953376
controle,H4,2013-11-01,2013,11,lat_menos35_a_menos15,20880,51767.65078893134,5439.542762333804,21243.07340274067,45816.08962559925,18808.59412325443
controle,H4,2013-11-01,2013,11,lat_maior_igual_menos15,31581,140014.87436308767,-5963.903065798426,44033.762371702425,138703.65576739443,31215.50842646724
controle,H4,2013-12-01,2013,12,dominio_inteiro,78561,369018.06820333196,-4102.036306703329,95450.45906132957,345253.5206357417,67475.78503925544
controle,H4,2013-12-01,2013,12,lat_menor_que_menos35,26100,29560.116338151805,5337.1526106598485,18056.47124278789,20761.737580715682,17451.68248953376
controle,H4,2013-12-01,2013,12,lat_menos35_a_menos15,20880,158580.20525422346,-1416.5900768521233,33043.78614837712,145094.4961703699,18808.59412325443
controle,H4,2013-12-01,2013,12,lat_maior_igual_menos15,31581,180877.74661095673,-8022.598840511053,44350.20167016455,179397.28688465612,31215.50842646724
controle,H4,2014-01-01,2014,1,dominio_inteiro,78561,386011.3123413284,10633.709137886659,101920.58382755911,362089.1647197898,67475.78503925544
controle,H4,2014-01-01,2014,1,lat_menor_que_menos35,26100,30696.641712976656,-8761.763780893867,18284.72543908965,22474.528901648144,17451.68248953376
controle,H4,2014-01-01,2014,1,lat_menos35_a_menos15,20880,163790.29491716818,22401.839529834026,37473.51551016212,149765.27555450582,18808.59412325443
controle,H4,2014-01-01,2014,1,lat_maior_igual_menos15,31581,191524.37571118356,-3006.3666110535023,46162.34287830734,189849.36026363587,31215.50842646724
controle,H4,2014-02-01,2014,2,dominio_inteiro,78561,322636.3215748158,-2086.9165469120203,91070.25165018618,306825.1359935688,67475.78503925544
controle,H4,2014-02-01,2014,2,lat_menor_que_menos35,26100,21763.955675485013,2815.209940096455,17905.38795675254,15703.828194444957,17451.68248953376
controle,H4,2014-02-01,2014,2,lat_menos35_a_menos15,20880,85838.61269057739,7563.602750251107,27283.93916635075,76916.08604321064,18808.59412325443
controle,H4,2014-02-01,2014,2,lat_maior_igual_menos15,31581,215033.7532087534,-12465.729237259584,45880.92452708288,214205.2217559132,31215.50842646724
controle,H4,2014-03-01,2014,3,dominio_inteiro,78561,181742.19054097953,-5682.893074665267,79600.13503430298,165388.4214386782,67475.78503925544
controle,H4,2014-03-01,2014,3,lat_menor_que_menos35,26100,34121.92071152247,-10638.191250634763,21989.6132251966,23253.551492820658,17451.68248953376
controle,H4,2014-03-01,2014,3,lat_menos35_a_menos15,20880,45908.90562533001,2980.5206749642493,21356.426329645656,40939.71434581295,18808.59412325443
controle,H4,2014-03-01,2014,3,lat_maior_igual_menos15,31581,101711.36420412704,1974.7775010052487,36254.095479460724,101195.15560004461,31215.50842646724
controle,H4,2014-04-01,2014,4,dominio_inteiro,78561,166555.29885908685,9924.970878542767,71796.1634325776,152369.22764988773,67475.78503925544
controle,H4,2014-04-01,2014,4,lat_menor_que_menos35,26100,39322.898643299166,-739.4078496195111,21302.379243314925,28742.584897413006,17451.68248953376
controle,H4,2014-04-01,2014,4,lat_menos35_a_menos15,20880,28039.030623273815,4272.969508530449,16774.44755193274,24746.260706260076,18808.59412325443
controle,H4,2014-04-01,2014,4,lat_maior_igual_menos15,31581,99193.36959251383,6391.409219631829,33719.33663732993,98880.38204621465,31215.50842646724
controle,H4,2014-05-01,2014,5,dominio_inteiro,78561,275892.6631397904,-5906.001500809431,81301.37459610286,267039.46397797356,67475.78503925544
controle,H4,2014-05-01,2014,5,lat_menor_que_menos35,26100,19192.069511476795,-2472.3081284371247,16708.292558018806,13143.418706267166,17451.68248953376
controle,H4,2014-05-01,2014,5,lat_menos35_a_menos15,20880,19722.9772550171,4093.6976970349706,14402.70472888312,17814.794676253718,18808.59412325443
controle,H4,2014-05-01,2014,5,lat_maior_igual_menos15,31581,236977.6163732965,-7527.3910694072765,50190.37730920094,236081.2505954527,31215.50842646724
controle,H4,2014-06-01,2014,6,dominio_inteiro,78561,224410.62763055414,-6764.422415701752,74768.96157316743,210549.42762066418,67475.78503925544
controle,H4,2014-06-01,2014,6,lat_menor_que_menos35,26100,20279.522363361673,-1057.0715317546253,16414.05111057958,13939.906575588006,17451.68248953376
controle,H4,2014-06-01,2014,6,lat_menos35_a_menos15,20880,55897.35290680787,-5977.814295607606,17605.672249255178,49231.54496496585,18808.59412325443
controle,H4,2014-06-01,2014,6,lat_maior_igual_menos15,31581,148233.75236038456,270.46341166048023,40749.23821333269,147377.97608011033,31215.50842646724
controle,H4,2014-07-01,2014,7,dominio_inteiro,78561,211196.16553366176,-5686.17095348504,72249.63282542647,199106.8477599394,67475.78503925544
controle,H4,2014-07-01,2014,7,lat_menor_que_menos35,26100,30172.94935022279,-9213.320872570728,19689.930386721982,22189.33043041898,17451.68248953376
controle,H4,2014-07-01,2014,7,lat_menos35_a_menos15,20880,23750.2380747383,-360.87289467617165,14764.05598574969,21065.48869328295,18808.59412325443
controle,H4,2014-07-01,2014,7,lat_maior_igual_menos15,31581,157272.97810870066,3888.022813761863,37795.646452954796,155852.0286362375,31215.50842646724
controle,H4,2014-08-01,2014,8,dominio_inteiro,78561,159034.05701070838,-2214.8253410522466,62848.77364894214,149784.4319667836,67475.78503925544
controle,H4,2014-08-01,2014,8,lat_menor_que_menos35,26100,20306.39533769562,-6896.696155832596,16483.091932953073,14386.415712681643,17451.68248953376
controle,H4,2014-08-01,2014,8,lat_menos35_a_menos15,20880,17001.58439627709,10858.086104996622,13378.682452848505,15010.524504936388,18808.59412325443
controle,H4,2014-08-01,2014,8,lat_maior_igual_menos15,31581,121726.07727673568,-6176.2152902162725,32986.999263140555,120387.49174916557,31215.50842646724
controle,H4,2014-09-01,2014,9,dominio_inteiro,78561,128454.51896291251,-666.9946973691433,61468.45645881169,118169.85436353236,67475.78503925544
controle,H4,2014-09-01,2014,9,lat_menor_que_menos35,26100,22128.518135750874,-6813.272296732321,17440.162142075453,15705.330755802368,17451.68248953376
controle,H4,2014-09-01,2014,9,lat_menos35_a_menos15,20880,28041.32250876585,-2486.057368841723,14621.177660024368,24916.71629332834,18808.59412325443
controle,H4,2014-09-01,2014,9,lat_maior_igual_menos15,31581,78284.67831839579,8632.334968204897,29407.116656711863,77547.80731440164,31215.50842646724
controle,H4,2014-10-01,2014,10,dominio_inteiro,78561,174852.33706163111,8049.008051014209,74549.91949260538,163782.43773979065,67475.78503925544
controle,H4,2014-10-01,2014,10,lat_menor_que_menos35,26100,13899.280079250495,206.47644896346867,13864.639299697306,9766.199745488117,17451.68248953376
controle,H4,2014-10-01,2014,10,lat_menos35_a_menos15,20880,57805.12467242906,18334.079454217226,24288.33991062858,52049.29602032769,18808.59412325443
controle,H4,2014-10-01,2014,10,lat_maior_igual_menos15,31581,103147.93230995158,-10491.547852166492,36396.9402822795,101966.94197397484,31215.50842646724
controle,H4,2014-11-01,2014,11,dominio_inteiro,78561,258728.8932558628,-26755.2935126106,80278.44400107293,243056.83773539463,67475.78503925544
controle,H4,2014-11-01,2014,11,lat_menor_que_menos35,26100,32074.9970315968,-8442.31146454836,18150.16423601211,21604.195302627555,17451.68248953376
controle,H4,2014-11-01,2014,11,lat_menos35_a_menos15,20880,35967.420674351466,-1885.3663903917598,18055.743006852597,32314.68954035276,18808.59412325443
controle,H4,2014-11-01,2014,11,lat_maior_igual_menos15,31581,190686.4755499145,-16427.61565767048,44072.536758208225,189137.9528924143,31215.50842646724
controle,H4,2014-12-01,2014,12,dominio_inteiro,78561,199840.91921597996,6888.44075512477,77039.73821561277,184413.11013438881,67475.78503925544
controle,H4,2014-12-01,2014,12,lat_menor_que_menos35,26100,28035.615009031102,545.9069467430772,18283.54068822165,20040.525304538205,17451.68248953376
controle,H4,2014-12-01,2014,12,lat_menos35_a_menos15,20880,67482.15509392877,6972.968833429362,24512.580511088134,60878.73685973585,18808.59412325443
controle,H4,2014-12-01,2014,12,lat_maior_igual_menos15,31581,104323.14911302009,-630.43502504767,34243.61701630299,103493.84797011474,31215.50842646724
sst_8pcs,H4,2013-01-01,2013,1,dominio_inteiro,78561,340047.5180519434,21628.997571930046,105667.79228383285,320120.33340073295,67475.78503925544
sst_8pcs,H4,2013-01-01,2013,1,lat_menor_que_menos35,26100,32554.913017518236,7002.523342610047,20711.664385440905,22846.76606380235,17451.68248953376
sst_8pcs,H4,2013-01-01,2013,1,lat_menos35_a_menos15,20880,96164.05574437027,1726.5375512654336,30813.827292673937,87581.46995086753,18808.59412325443
sst_8pcs,H4,2013-01-01,2013,1,lat_maior_igual_menos15,31581,211328.54929005486,12899.936678054568,54142.300605718025,209692.09738606296,31215.50842646724
sst_8pcs,H4,2013-02-01,2013,2,dominio_inteiro,78561,337411.7970486963,-5701.823130114881,97884.33763606171,321216.7549405221,67475.78503925544
sst_8pcs,H4,2013-02-01,2013,2,lat_menor_que_menos35,26100,33870.32614010149,2152.210224687713,20113.80602536098,24650.862301118963,17451.68248953376
sst_8pcs,H4,2013-02-01,2013,2,lat_menos35_a_menos15,20880,51836.873084707266,3098.811396163026,22083.350727698875,46070.48922362303,18808.59412325443
sst_8pcs,H4,2013-02-01,2013,2,lat_maior_igual_menos15,31581,251704.59782388757,-10952.84475096562,55687.18088300185,250495.40341578008,31215.50842646724
sst_8pcs,H4,2013-03-01,2013,3,dominio_inteiro,78561,260722.14546344354,1715.3279086334187,84433.03414974302,248145.49609667447,67475.78503925544
sst_8pcs,H4,2013-03-01,2013,3,lat_menor_que_menos35,26100,22617.573977740405,2319.469227138452,17432.80736481333,15716.329974592181,17451.68248953376
sst_8pcs,H4,2013-03-01,2013,3,lat_menos35_a_menos15,20880,49735.64914608506,1529.7926350513974,21660.719177514915,44715.1943107473,18808.59412325443
sst_8pcs,H4,2013-03-01,2013,3,lat_maior_igual_menos15,31581,188368.9223396181,-2133.9339535564304,45339.50760741479,187713.97181133498,31215.50842646724
sst_8pcs,H4,2013-04-01,2013,4,dominio_inteiro,78561,212200.5898084164,17081.767208834524,84327.59204328574,200327.14940332653,67475.78503925544
sst_8pcs,H4,2013-04-01,2013,4,lat_menor_que_menos35,26100,28766.858500818056,4084.9793895366693,21402.193747715937,20591.438784219703,17451.68248953376
sst_8pcs,H4,2013-04-01,2013,4,lat_menos35_a_menos15,20880,28405.52588856278,2798.988328445144,17565.336556319624,25427.3783695041,18808.59412325443
sst_8pcs,H4,2013-04-01,2013,4,lat_maior_igual_menos15,31581,155028.20541903554,10197.79949085271,45360.06173925018,154308.33224960274,31215.50842646724
sst_8pcs,H4,2013-05-01,2013,5,dominio_inteiro,78561,180411.26681994498,-3348.740138495751,70354.63245650384,171005.9401731615,67475.78503925544
sst_8pcs,H4,2013-05-01,2013,5,lat_menor_que_menos35,26100,19903.206201857465,-5240.220883028539,16890.071295646496,13797.632929034251,17451.68248953376
sst_8pcs,H4,2013-05-01,2013,5,lat_menos35_a_menos15,20880,23451.306070314495,6361.608063059138,15824.788779051778,20795.229192692874,18808.59412325443
sst_8pcs,H4,2013-05-01,2013,5,lat_maior_igual_menos15,31581,137056.75454777305,-4470.12731852635,37639.77238180556,136413.0780514344,31215.50842646724
sst_8pcs,H4,2013-06-01,2013,6,dominio_inteiro,78561,268430.55540494836,-9181.43802720883,84790.89934295665,245962.66789314494,67475.78503925544
sst_8pcs,H4,2013-06-01,2013,6,lat_menor_que_menos35,26100,49828.21156746353,-8870.852334634717,23930.22039904412,32798.838628370635,17451.68248953376
sst_8pcs,H4,2013-06-01,2013,6,lat_menos35_a_menos15,20880,41322.69418907556,-5567.873164788452,17030.46034381062,37066.9879323615,18808.59412325443
sst_8pcs,H4,2013-06-01,2013,6,lat_maior_igual_menos15,31581,177279.64964840925,5257.287472214339,43830.218600101914,176096.84133241282,31215.50842646724
sst_8pcs,H4,2013-07-01,2013,7,dominio_inteiro,78561,168665.16121095064,15476.436241671214,72127.37981574622,156684.3611291369,67475.78503925544
sst_8pcs,H4,2013-07-01,2013,7,lat_menor_que_menos35,26100,24369.5716784135,7253.136825282814,19903.04539440717,16774.030824974812,17451.68248953376
sst_8pcs,H4,2013-07-01,2013,7,lat_menos35_a_menos15,20880,26014.55782627758,-610.9092776920893,15037.369043606512,22666.95296908357,18808.59412325443
sst_8pcs,H4,2013-07-01,2013,7,lat_maior_igual_menos15,31581,118281.03170625959,8834.208694080487,37186.965377732544,117243.37733507852,31215.50842646724
sst_8pcs,H4,2013-08-01,2013,8,dominio_inteiro,78561,148810.83853545386,1051.8329569173663,65767.75609705254,134961.21276789822,67475.78503925544
sst_8pcs,H4,2013-08-01,2013,8,lat_menor_que_menos35,26100,33826.30635629724,-6681.316610214461,19469.2104467009,24149.573524022522,17451.68248953376
sst_8pcs,H4,2013-08-01,2013,8,lat_menos35_a_menos15,20880,25631.42171878779,5151.786963538907,15666.976958584104,22308.59714921287,18808.59412325443
sst_8pcs,H4,2013-08-01,2013,8,lat_maior_igual_menos15,31581,89353.11046036884,2581.362603592919,30631.56869176753,88503.04209466283,31215.50842646724
sst_8pcs,H4,2013-09-01,2013,9,dominio_inteiro,78561,116093.81564735259,10641.206492155321,58636.465525485386,105138.10805667308,67475.78503925544
sst_8pcs,H4,2013-09-01,2013,9,lat_menor_que_menos35,26100,24852.511388858304,1607.2977859669304,17180.518625871115,17492.679204519398,17451.68248953376
sst_8pcs,H4,2013-09-01,2013,9,lat_menos35_a_menos15,20880,21462.311248922426,451.1271876607609,13604.831533049524,18775.7603274738,18808.59412325443
sst_8pcs,H4,2013-09-01,2013,9,lat_maior_igual_menos15,31581,69778.99300957186,8582.78151852763,27851.115366564747,68869.66852467989,31215.50842646724
sst_8pcs,H4,2013-10-01,2013,10,dominio_inteiro,78561,137296.4106836878,6115.344544225081,64807.45801181976,127747.99305146621,67475.78503925544
sst_8pcs,H4,2013-10-01,2013,10,lat_menor_que_menos35,26100,17666.533699943604,3775.029371209364,15304.82093573261,12869.920325619893,17451.68248953376
sst_8pcs,H4,2013-10-01,2013,10,lat_menos35_a_menos15,20880,33688.51923913954,-309.9060106936018,17169.977696524846,29822.226946616203,18808.59412325443
sst_8pcs,H4,2013-10-01,2013,10,lat_maior_igual_menos15,31581,85941.35774460468,2650.2211837093205,32332.659379562312,85055.8457792301,31215.50842646724
sst_8pcs,H4,2013-11-01,2013,11,dominio_inteiro,78561,214403.7675619144,-10919.545484123657,81945.727796182,200335.23257478315,67475.78503925544
sst_8pcs,H4,2013-11-01,2013,11,lat_menor_que_menos35,26100,25113.573645568613,-8984.37710787051,17176.774028565633,18221.804294636837,17451.68248953376
sst_8pcs,H4,2013-11-01,2013,11,lat_menos35_a_menos15,20880,50965.02356460698,5019.6689880923805,20989.836061870996,45072.49988148092,18808.59412325443
sst_8pcs,H4,2013-11-01,2013,11,lat_maior_igual_menos15,31581,138325.1703517388,-6954.837364345527,43779.117705745375,137040.92839866536,31215.50842646724
sst_8pcs,H4,2013-12-01,2013,12,dominio_inteiro,78561,359030.682627276,517.8123314835298,94987.78413826761,335794.7553072172,67475.78503925544
sst_8pcs,H4,2013-12-01,2013,12,lat_menor_que_menos35,26100,28687.11476262669,5763.985587505873,17984.114043697133,20270.099641473666,17451.68248953376
sst_8pcs,H4,2013-12-01,2013,12,lat_menos35_a_menos15,20880,157063.85612904493,-341.8522926513824,33140.95989874992,143666.2119057083,18808.59412325443
sst_8pcs,H4,2013-12-01,2013,12,lat_maior_igual_menos15,31581,173279.71173560436,-4904.320963370959,43862.71019582057,171858.4437600352,31215.50842646724
sst_8pcs,H4,2014-01-01,2014,1,dominio_inteiro,78561,387032.1741431503,12598.285985661683,102275.7367876107,362995.49438334187,67475.78503925544
sst_8pcs,H4,2014-01-01,2014,1,lat_menor_que_menos35,26100,30582.073215461634,-8760.855208404937,18296.26053235435,22363.76094348866,17451.68248953376
sst_8pcs,H4,2014-01-01,2014,1,lat_menos35_a_menos15,20880,166026.0664608769,22475.00627710313,37684.06873964412,151872.66148197342,18808.59412325443
sst_8pcs,H4,2014-01-01,2014,1,lat_maior_igual_menos15,31581,190424.0344668118,-1115.8650830365123,46295.40751561224,188759.07195787973,31215.50842646724
sst_8pcs,H4,2014-02-01,2014,2,dominio_inteiro,78561,316252.6371524142,-1337.5787451973597,90276.60181196203,300440.59928108804,67475.78503925544
sst_8pcs,H4,2014-02-01,2014,2,lat_menor_que_menos35,26100,21942.44300008881,2614.162117812874,17945.05257417974,15854.703945061607,17451.68248953376
sst_8pcs,H4,2014-02-01,2014,2,lat_menos35_a_menos15,20880,84762.59754366706,7131.094333669674,27109.14622679579,75825.39481271361,18808.59412325443
sst_8pcs,H4,2014-02-01,2014,2,lat_maior_igual_menos15,31581,209547.59660865838,-11082.83519667991,45222.4030109865,208760.5005233128,31215.50842646724
sst_8pcs,H4,2014-03-01,2014,3,dominio_inteiro,78561,179665.23418575912,-6256.530417464138,79027.6551697852,163245.6215654227,67475.78503925544
sst_8pcs,H4,2014-03-01,2014,3,lat_menor_que_menos35,26100,34328.13114712033,-10737.56089015064,22138.256039254917,23389.33086767834,17451.68248953376
sst_8pcs,H4,2014-03-01,2014,3,lat_menos35_a_menos15,20880,45807.11842144732,2426.645103605184,21277.263412311462,40835.465948847515,18808.59412325443
sst_8pcs,H4,2014-03-01,2014,3,lat_maior_igual_menos15,31581,99529.98461719148,2054.385369081317,35612.13571821881,99020.82474889685,31215.50842646724
sst_8pcs,H4,2014-04-01,2014,4,dominio_inteiro,78561,167662.21621444265,8064.956974579708,71835.63238804259,153607.38397856092,67475.78503925544
sst_8pcs,H4,2014-04-01,2014,4,lat_menor_que_menos35,26100,38829.09731209946,-1032.4556349090967,21177.536433206977,28428.566952492118,17451.68248953376
sst_8pcs,H4,2014-04-01,2014,4,lat_menos35_a_menos15,20880,28502.792561940743,3380.821305150363,16763.12207126086,25162.951932914395,18808.59412325443
sst_8pcs,H4,2014-04-01,2014,4,lat_maior_igual_menos15,31581,100330.32634040243,5716.591304338442,33894.97388357475,100015.8650931544,31215.50842646724
sst_8pcs,H4,2014-05-01,2014,5,dominio_inteiro,78561,272498.14466097904,-4118.430293255642,81443.45120172121,263770.44383612776,67475.78503925544
sst_8pcs,H4,2014-05-01,2014,5,lat_menor_que_menos35,26100,18589.916776130318,-1482.3257639166936,16590.25902688398,12693.969074093644,17451.68248953376
sst_8pcs,H4,2014-05-01,2014,5,lat_menos35_a_menos15,20880,20015.418672504115,4095.8366301002015,14455.906626704942,18089.204836948713,18808.59412325443
sst_8pcs,H4,2014-05-01,2014,5,lat_maior_igual_menos15,31581,233892.80921234464,-6731.9411594391495,50397.285548132284,232987.2699250854,31215.50842646724
sst_8pcs,H4,2014-06-01,2014,6,dominio_inteiro,78561,223243.55718421587,-5853.532427998863,74689.38640435388,209372.45305265533,67475.78503925544
sst_8pcs,H4,2014-06-01,2014,6,lat_menor_que_menos35,26100,20355.18615473938,-728.6427186100606,16460.002040662916,13991.505305066452,17451.68248953376
sst_8pcs,H4,2014-06-01,2014,6,lat_menos35_a_menos15,20880,55824.36332418266,-6054.269562830845,17597.30724873885,49173.780719880066,18808.59412325443
sst_8pcs,H4,2014-06-01,2014,6,lat_maior_igual_menos15,31581,147064.00770529383,929.3798534420421,40632.07711495211,146207.16702770884,31215.50842646724
sst_8pcs,H4,2014-07-01,2014,7,dominio_inteiro,78561,205322.4618745307,-5414.788791182889,71863.1881158979,193448.18446507334,67475.78503925544
sst_8pcs,H4,2014-07-01,2014,7,lat_menor_que_menos35,26100,29900.692944641924,-9548.940467405473,19626.624203709223,21991.352621274873,17451.68248953376
sst_8pcs,H4,2014-07-01,2014,7,lat_menos35_a_menos15,20880,23328.884204836868,-1297.1320111554835,14609.924480492211,20746.08169422721,18808.59412325443
sst_8pcs,H4,2014-07-01,2014,7,lat_maior_igual_menos15,31581,152092.88472505193,5431.283687378071,37626.63943169644,150710.75014957122,31215.50842646724
sst_8pcs,H4,2014-08-01,2014,8,dominio_inteiro,78561,156023.84846381302,-839.5910231245962,62825.18538213203,146770.9250345582,67475.78503925544
sst_8pcs,H4,2014-08-01,2014,8,lat_menor_que_menos35,26100,20507.23034456756,-6920.94162648309,16552.41454410091,14521.960744181913,17451.68248953376
sst_8pcs,H4,2014-08-01,2014,8,lat_menos35_a_menos15,20880,16669.906352391947,10731.665250693975,13269.725973101378,14712.70258999182,18808.59412325443
sst_8pcs,H4,2014-08-01,2014,8,lat_maior_igual_menos15,31581,118846.71176685352,-4650.314647335481,33003.04486492975,117536.26170038446,31215.50842646724
sst_8pcs,H4,2014-09-01,2014,9,dominio_inteiro,78561,129374.43750438259,1374.964154648241,61965.43737318844,119092.7692135892,67475.78503925544
sst_8pcs,H4,2014-09-01,2014,9,lat_menor_que_menos35,26100,22041.811109031274,-6957.055199684604,17392.77696023352,15645.608016833978,17451.68248953376
sst_8pcs,H4,2014-09-01,2014,9,lat_menos35_a_menos15,20880,28217.2166397964,-2368.5452260166953,14640.00600948629,25075.34322940195,18808.59412325443
sst_8pcs,H4,2014-09-01,2014,9,lat_maior_igual_menos15,31581,79115.40975555491,10700.564580349539,29932.654403468634,78371.81796735326,31215.50842646724
sst_8pcs,H4,2014-10-01,2014,10,dominio_inteiro,78561,171283.07785394212,8841.84402081174,74042.89255686975,160389.81341754654,67475.78503925544
sst_8pcs,H4,2014-10-01,2014,10,lat_menor_que_menos35,26100,13838.557511519735,367.7740310272926,13847.657773091869,9722.86116389035,17451.68248953376
sst_8pcs,H4,2014-10-01,2014,10,lat_menos35_a_menos15,20880,56478.21676313898,18091.006767226234,24041.112053798974,50870.2701091513,18808.59412325443
sst_8pcs,H4,2014-10-01,2014,10,lat_maior_igual_menos15,31581,100966.30357928338,-9616.936777441791,36154.12272997891,99796.68214450488,31215.50842646724
sst_8pcs,H4,2014-11-01,2014,11,dominio_inteiro,78561,252418.85272091784,-24668.243978659648,79966.02629256417,236949.2212179149,67475.78503925544
sst_8pcs,H4,2014-11-01,2014,11,lat_menor_que_menos35,26100,31644.60892893047,-8425.32769589896,18127.99200212538,21312.148517843627,17451.68248953376
sst_8pcs,H4,2014-11-01,2014,11,lat_menos35_a_menos15,20880,35899.53274800932,-1626.9928604699212,18013.144529939113,32253.866369856943,18808.59412325443
sst_8pcs,H4,2014-11-01,2014,11,lat_maior_igual_menos15,31581,184874.71104397808,-14615.923422290765,43824.88976049966,183383.20633021437,31215.50842646724
sst_8pcs,H4,2014-12-01,2014,12,dominio_inteiro,78561,199635.6878963062,6204.683110241064,77286.36335609271,184276.40840365307,67475.78503925544
sst_8pcs,H4,2014-12-01,2014,12,lat_menor_que_menos35,26100,28069.23943671525,261.53051135240366,18281.93200615897,20039.129329679738,17451.68248953376
sst_8pcs,H4,2014-12-01,2014,12,lat_menos35_a_menos15,20880,65570.2767899821,5952.361911319636,24174.877604362442,59078.63137730099,18808.59412325443
sst_8pcs,H4,2014-12-01,2014,12,lat_maior_igual_menos15,31581,105996.17166960886,-9.209312430974933,34829.5537455713,105158.64769667234,31215.50842646724
climatologia,H4,2013-01-01,2013,1,dominio_inteiro,78561,304141.45466963237,17506.646335562516,99357.57460702228,284837.5830283441,67475.78503925544
climatologia,H4,2013-01-01,2013,1,lat_menor_que_menos35,26100,33472.79833149901,7067.121479995549,20944.152294702828,23446.59095246029,17451.68248953376
climatologia,H4,2013-01-01,2013,1,lat_menos35_a_menos15,20880,86942.84265805282,3718.5954878645134,29258.02157942223,78977.56693297529,18808.59412325443
climatologia,H4,2013-01-01,2013,1,lat_maior_igual_menos15,31581,183725.81368008052,6720.929367702454,49155.40073289722,182413.4251429085,31215.50842646724
climatologia,H4,2013-02-01,2013,2,dominio_inteiro,78561,363240.8827020171,-10462.95591140457,100956.74505577551,347477.16188578366,67475.78503925544
climatologia,H4,2013-02-01,2013,2,lat_menor_que_menos35,26100,31719.863643645982,2038.4366336762905,19719.88609328866,23292.83547959914,17451.68248953376
climatologia,H4,2013-02-01,2013,2,lat_menos35_a_menos15,20880,55787.61303110859,5886.785147285904,23287.095524900942,49720.17940237186,18808.59412325443
climatologia,H4,2013-02-01,2013,2,lat_maior_igual_menos15,31581,275733.40602726256,-18388.177692366764,57949.763437585905,274464.14700381266,31215.50842646724
climatologia,H4,2013-03-01,2013,3,dominio_inteiro,78561,288171.8182819378,3297.2373160030693,87563.15897816792,275166.270085811,67475.78503925544
climatologia,H4,2013-03-01,2013,3,lat_menor_que_menos35,26100,22980.192406110757,3420.08923342824,17759.947432905436,16006.366735815653,17451.68248953376
climatologia,H4,2013-03-01,2013,3,lat_menos35_a_menos15,20880,51669.97954317616,2565.7053221426904,22428.051966646686,46342.07075319973,18808.59412325443
climatologia,H4,2013-03-01,2013,3,lat_maior_igual_menos15,31581,213521.64633265088,-2688.557239567861,47375.1595786158,212817.8325967956,31215.50842646724
climatologia,H4,2013-04-01,2013,4,dominio_inteiro,78561,226603.4029143954,22550.85652502766,88400.27785360208,213780.36490712705,67475.78503925544
climatologia,H4,2013-04-01,2013,4,lat_menor_que_menos35,26100,30837.207231136694,6680.938105434179,22376.7017570436,21955.04076907664,17451.68248953376
climatologia,H4,2013-04-01,2013,4,lat_menos35_a_menos15,20880,29970.066236827355,4709.074975795578,18130.961478031706,26802.348197490992,18808.59412325443
climatologia,H4,2013-04-01,2013,4,lat_maior_igual_menos15,31581,165796.12944643135,11160.843443797901,47892.61461852677,165022.97594055944,31215.50842646724
climatologia,H4,2013-05-01,2013,5,dominio_inteiro,78561,198016.33609057902,-10753.070905953413,73083.13062870665,187120.61828011143,67475.78503925544
climatologia,H4,2013-05-01,2013,5,lat_menor_que_menos35,26100,24173.681312183562,-6110.074359118938,17841.790646374226,16523.589877390776,17451.68248953376
climatologia,H4,2013-05-01,2013,5,lat_menos35_a_menos15,20880,22979.71172340816,7313.083525515394,15658.98069563019,20366.282870669602,18808.59412325443
climatologia,H4,2013-05-01,2013,5,lat_maior_igual_menos15,31581,150862.9430549873,-11956.080072349869,39582.35928670224,150230.74553205105,31215.50842646724
climatologia,H4,2013-06-01,2013,6,dominio_inteiro,78561,288135.6064243315,-12642.567350076046,87871.02066756552,261572.09922559513,67475.78503925544
climatologia,H4,2013-06-01,2013,6,lat_menor_que_menos35,26100,60749.76445890012,-8331.884546101093,25767.69334369898,40425.9485294021,17451.68248953376
climatologia,H4,2013-06-01,2013,6,lat_menos35_a_menos15,20880,48363.71517350165,-5018.2451295531355,18856.654936560895,43274.88341882694,18808.59412325443
climatologia,H4,2013-06-01,2013,6,lat_maior_igual_menos15,31581,179022.1267919297,707.5623255781829,43246.67238730565,177871.2672773661,31215.50842646724
climatologia,H4,2013-07-01,2013,7,dominio_inteiro,78561,170143.1671837245,11867.34025798738,73136.52741583809,157126.33945078024,67475.78503925544
climatologia,H4,2013-07-01,2013,7,lat_menor_que_menos35,26100,26987.68168696812,6740.587789148092,20577.27830722928,18581.332856181863,17451.68248953376
climatologia,H4,2013-07-01,2013,7,lat_menos35_a_menos15,20880,27873.136861328057,277.69323494751006,15283.716389757581,24234.629584573842,18808.59412325443
climatologia,H4,2013-07-01,2013,7,lat_maior_igual_menos15,31581,115282.34863542832,4849.059233891778,37275.53271885123,114310.37701002455,31215.50842646724
climatologia,H4,2013-08-01,2013,8,dominio_inteiro,78561,159855.78333139938,-6981.757800351363,68156.03405794548,144794.72385752067,67475.78503925544
climatologia,H4,2013-08-01,2013,8,lat_menor_que_menos35,26100,37351.17911658365,-8020.7585009634495,20546.25518706441,26485.744154550874,17451.68248953376
climatologia,H4,2013-08-01,2013,8,lat_menos35_a_menos15,20880,25956.77129240693,5967.9341525961645,16113.963068142068,22640.478269286086,18808.59412325443
climatologia,H4,2013-08-01,2013,8,lat_maior_igual_menos15,31581,96547.8329224088,-4928.933451984078,31495.815802739,95668.50143368372,31215.50842646724
climatologia,H4,2013-09-01,2013,9,dominio_inteiro,78561,114762.97701018918,9199.281829436542,58464.07365422952,103569.9210656395,67475.78503925544
climatologia,H4,2013-09-01,2013,9,lat_menor_que_menos35,26100,26090.45574541743,342.11183539032936,17267.11248704791,18426.464409455228,17451.68248953376
climatologia,H4,2013-09-01,2013,9,lat_menos35_a_menos15,20880,21691.26224706193,2612.712794650113,14088.363857799442,19010.063478267748,18808.59412325443
climatologia,H4,2013-09-01,2013,9,lat_maior_igual_menos15,31581,66981.25901770982,6244.4571993961,27108.597309382167,66133.39317791653,31215.50842646724
climatologia,H4,2013-10-01,2013,10,dominio_inteiro,78561,134324.565812737,3274.7863205103204,65534.68830422941,124452.60623213604,67475.78503925544
climatologia,H4,2013-10-01,2013,10,lat_menor_que_menos35,26100,18688.691001384435,3531.168037265539,15892.996019214392,13573.137703974618,17451.68248953376
climatologia,H4,2013-10-01,2013,10,lat_menos35_a_menos15,20880,33977.11228887108,-426.18839864153415,17338.67428272101,30050.86288916529,18808.59412325443
climatologia,H4,2013-10-01,2013,10,lat_maior_igual_menos15,31581,81658.76252248151,169.80668188631535,32303.018002294004,80828.60563899612,31215.50842646724
climatologia,H4,2013-11-01,2013,11,dominio_inteiro,78561,199680.74860668142,-10674.523982778803,79166.43167382185,185554.43179445298,67475.78503925544
climatologia,H4,2013-11-01,2013,11,lat_menor_que_menos35,26100,25233.354826096293,-9836.50452592969,17086.944421738386,18309.257077647613,17451.68248953376
climatologia,H4,2013-11-01,2013,11,lat_menos35_a_menos15,20880,53525.15228696251,5890.369831410557,21520.369128095772,47473.68247976045,18808.59412325443
climatologia,H4,2013-11-01,2013,11,lat_maior_igual_menos15,31581,120922.2414936226,-6728.38928825967,40559.11812398769,119771.49223704493,31215.50842646724
climatologia,H4,2013-12-01,2013,12,dominio_inteiro,78561,345447.3175719113,3355.1119197545922,93902.47485426551,324111.70956754585,67475.78503925544
climatologia,H4,2013-12-01,2013,12,lat_menor_que_menos35,26100,27743.848741623682,5638.17628288269,17810.50592815876,19544.518762603453,17451.68248953376
climatologia,H4,2013-12-01,2013,12,lat_menos35_a_menos15,20880,139037.48810910145,425.63278777658707,30979.606232115242,127224.92549369717,18808.59412325443
climatologia,H4,2013-12-01,2013,12,lat_maior_igual_menos15,31581,178665.98072118612,-2708.6971509046853,45112.36269399151,177342.2653112452,31215.50842646724
climatologia,H4,2014-01-01,2014,1,dominio_inteiro,78561,342571.0164310141,9276.503742178727,97247.89137917518,322470.80279355554,67475.78503925544
climatologia,H4,2014-01-01,2014,1,lat_menor_que_menos35,26100,28699.79691324605,-7379.657771103084,17631.137937150896,21104.42657268739,17451.68248953376
climatologia,H4,2014-01-01,2014,1,lat_menos35_a_menos15,20880,126503.88875483326,19223.57748249342,32889.13350730523,115572.96394298965,18808.59412325443
climatologia,H4,2014-01-01,2014,1,lat_maior_igual_menos15,31581,187367.33076293484,-2567.415969211608,46727.619934719056,185793.41227787847,31215.50842646724
climatologia,H4,2014-02-01,2014,2,dominio_inteiro,78561,326318.98140476376,-1692.3241212434368,93779.22102703375,309417.90714332816,67475.78503925544
climatologia,H4,2014-02-01,2014,2,lat_menor_que_menos35,26100,23875.617226621405,2117.8738895356655,18519.65286991,17361.671038707096,17451.68248953376
climatologia,H4,2014-02-01,2014,2,lat_menos35_a_menos15,20880,91315.69690696069,8571.565268135513,28747.903094247333,81817.03397488839,18808.59412325443
climatologia,H4,2014-02-01,2014,2,lat_maior_igual_menos15,31581,211127.66727118165,-12381.763278914616,46511.66506287642,210239.2021297327,31215.50842646724
climatologia,H4,2014-03-01,2014,3,dominio_inteiro,78561,185783.38175093255,-405.5062142703682,81331.54611158185,168943.42618156562,67475.78503925544
climatologia,H4,2014-03-01,2014,3,lat_menor_que_menos35,26100,35398.31413058688,-9919.7335357368,22473.143300265074,24037.31903659657,17451.68248953376
climatologia,H4,2014-03-01,2014,3,lat_menos35_a_menos15,20880,45046.17786278741,1073.7219084464014,21114.096246898174,40105.65657407154,18808.59412325443
climatologia,H4,2014-03-01,2014,3,lat_maior_igual_menos15,31581,105338.88975755827,8440.50541302003,37744.3065644186,104800.45057089753,31215.50842646724
climatologia,H4,2014-04-01,2014,4,dominio_inteiro,78561,195318.36044645976,20583.386355960276,78409.44752051448,180439.63323996175,67475.78503925544
climatologia,H4,2014-04-01,2014,4,lat_menor_que_menos35,26100,40708.02147722754,1698.3331249654293,21903.225090414286,29593.678244568768,17451.68248953376
climatologia,H4,2014-04-01,2014,4,lat_menos35_a_menos15,20880,28541.268775408018,2902.8978365133516,16714.713664765935,25197.760422378535,18808.59412325443
climatologia,H4,2014-04-01,2014,4,lat_maior_igual_menos15,31581,126069.0701938242,15982.155394481495,39791.50876533426,125648.19457301447,31215.50842646724
climatologia,H4,2014-05-01,2014,5,dominio_inteiro,78561,317055.52773401263,-793.4723646936473,86933.19875975535,308349.71670937043,67475.78503925544
climatologia,H4,2014-05-01,2014,5,lat_menor_que_menos35,26100,17650.39614491681,-1139.8709594607353,16327.576309859753,12015.865087855733,17451.68248953376
climatologia,H4,2014-05-01,2014,5,lat_menos35_a_menos15,20880,20235.589970962857,2666.030760622816,14453.435515870573,18337.03557023711,18808.59412325443
climatologia,H4,2014-05-01,2014,5,lat_maior_igual_menos15,31581,279169.54161813296,-2319.632165855728,56152.18693402503,277996.8160512776,31215.50842646724
climatologia,H4,2014-06-01,2014,6,dominio_inteiro,78561,246089.88152102963,-4302.862836526241,78113.0509362123,231571.96852133883,67475.78503925544
climatologia,H4,2014-06-01,2014,6,lat_menor_que_menos35,26100,21652.66184480765,102.82691019773483,16813.406352877617,14921.549088302865,17451.68248953376
climatologia,H4,2014-06-01,2014,6,lat_menos35_a_menos15,20880,56507.26258739234,-6862.471966711339,17637.94817797141,49800.61014342719,18808.59412325443
climatologia,H4,2014-06-01,2014,6,lat_maior_igual_menos15,31581,167929.95708882966,2456.7822199873626,43661.69640536327,166849.8092896088,31215.50842646724
climatologia,H4,2014-07-01,2014,7,dominio_inteiro,78561,225886.7632616058,-139.5471779257059,76234.25938838907,213877.0567282548,67475.78503925544
climatologia,H4,2014-07-01,2014,7,lat_menor_que_menos35,26100,29170.49386641622,-8123.0005439817905,19378.579033643007,21461.14968531795,17451.68248953376
climatologia,H4,2014-07-01,2014,7,lat_menos35_a_menos15,20880,24604.803321409338,-2690.101183387451,15119.937323206104,21924.538801611052,18808.59412325443
climatologia,H4,2014-07-01,2014,7,lat_maior_igual_menos15,31581,172111.46607378026,10673.554549443536,41735.743031539954,170491.3682413258,31215.50842646724
climatologia,H4,2014-08-01,2014,8,dominio_inteiro,78561,156823.05221257347,891.4302184474654,60559.04155688314,148135.77194237753,67475.78503925544
climatologia,H4,2014-08-01,2014,8,lat_menor_que_menos35,26100,20003.999854796763,-7294.6537646353245,16265.380910426378,14218.894083255169,17451.68248953376
climatologia,H4,2014-08-01,2014,8,lat_menos35_a_menos15,20880,14240.92681733019,9963.772317879368,12242.243696013931,12550.674877354568,18808.59412325443
climatologia,H4,2014-08-01,2014,8,lat_maior_igual_menos15,31581,122578.12554044652,-1777.6883347965777,32051.41695044283,121366.2029817678,31215.50842646724
climatologia,H4,2014-09-01,2014,9,dominio_inteiro,78561,137437.3549838978,4928.566115935566,64185.950258932775,127097.81452889171,67475.78503925544
climatologia,H4,2014-09-01,2014,9,lat_menor_que_menos35,26100,20939.258461948368,-8063.058605283499,16813.740304082632,14956.511235652923,17451.68248953376
climatologia,H4,2014-09-01,2014,9,lat_menos35_a_menos15,20880,32179.15293613613,-2260.912006985629,15622.884925551945,28563.29650547405,18808.59412325443
climatologia,H4,2014-09-01,2014,9,lat_maior_igual_menos15,31581,84318.94358581332,15252.536728204694,31749.325029298197,83578.00678776472,31215.50842646724
climatologia,H4,2014-10-01,2014,10,dominio_inteiro,78561,174980.64440572122,8306.967106643133,73911.92721921991,164164.15508624667,67475.78503925544
climatologia,H4,2014-10-01,2014,10,lat_menor_que_menos35,26100,13993.31291247223,-114.46566024422646,13821.787188500166,9847.83825916647,17451.68248953376
climatologia,H4,2014-10-01,2014,10,lat_menos35_a_menos15,20880,55338.79242296061,17304.585527139716,23497.530751288345,49895.85163206715,18808.59412325443
climatologia,H4,2014-10-01,2014,10,lat_maior_igual_menos15,31581,105648.53907028836,-8883.152760252357,36592.6092794314,104420.46519501304,31215.50842646724
climatologia,H4,2014-11-01,2014,11,dominio_inteiro,78561,268077.44265549985,-24817.766818777338,81597.16969173038,252640.07720632828,67475.78503925544
climatologia,H4,2014-11-01,2014,11,lat_menor_que_menos35,26100,31190.893429499418,-8529.502458363771,18039.478604763746,21080.36646099956,17451.68248953376
climatologia,H4,2014-11-01,2014,11,lat_menos35_a_menos15,20880,36210.805306123315,-3357.6655994976463,18101.75242394404,32527.788986423595,18808.59412325443
climatologia,H4,2014-11-01,2014,11,lat_maior_igual_menos15,31581,200675.7439198771,-12930.59876091592,45455.93866302259,199031.92175890508,31215.50842646724
climatologia,H4,2014-12-01,2014,12,dominio_inteiro,78561,218796.6104921791,15400.83869587764,83384.72816857457,202974.49425043067,67475.78503925544
climatologia,H4,2014-12-01,2014,12,lat_menor_que_menos35,26100,27672.77432416919,-567.142168045044,18202.27788209915,19842.263599001166,17451.68248953376
climatologia,H4,2014-12-01,2014,12,lat_menos35_a_menos15,20880,72697.03284388037,6724.495245051978,25496.121049852518,65516.291696167864,18808.59412325443
climatologia,H4,2014-12-01,2014,12,lat_maior_igual_menos15,31581,118426.80332412953,9243.485618870705,39686.3292366229,117615.93895526165,31215.50842646724
controle,A,2015-01-01,2015,1,dominio_inteiro,78561,311447.61327685846,16034.311256903882,98438.9834220892,291615.92328410875,67475.78503925544
controle,A,2015-01-01,2015,1,lat_menor_que_menos35,26100,27489.242779024455,266.8309170844815,18286.548082061,18616.99758465744,17451.68248953376
controle,A,2015-01-01,2015,1,lat_menos35_a_menos15,20880,121536.50337077354,21093.029337285967,32544.611482358858,111952.02032782727,18808.59412325443
controle,A,2015-01-01,2015,1,lat_maior_igual_menos15,31581,162421.86712706045,-5325.548997466569,47607.823857669355,161046.90537162402,31215.50842646724
controle,A,2015-02-01,2015,2,dominio_inteiro,78561,189938.32878448092,-10374.329332921474,76203.4409747645,171599.54233619248,67475.78503925544
controle,A,2015-02-01,2015,2,lat_menor_que_menos35,26100,39534.5949164056,1704.9783926190944,23183.457821634107,29079.577100518687,17451.68248953376
controle,A,2015-02-01,2015,2,lat_menos35_a_menos15,20880,65233.32496651152,-7389.48609749055,21792.99861292376,57736.5049969021,18808.59412325443
controle,A,2015-02-01,2015,2,lat_maior_igual_menos15,31581,85170.4089015638,-4689.821628050019,31226.98454020664,84783.4602387717,31215.50842646724
controle,A,2015-03-01,2015,3,dominio_inteiro,78561,232279.6059385542,-16514.434233287757,84902.04065201133,216900.1688550869,67475.78503925544
controle,A,2015-03-01,2015,3,lat_menor_que_menos35,26100,33641.187735481035,3993.6695830754943,20453.362644356097,23388.98241655219,17451.68248953376
controle,A,2015-03-01,2015,3,lat_menos35_a_menos15,20880,40774.08548245442,509.46368780182695,20093.1755798144,36235.23153444992,18808.59412325443
controle,A,2015-03-01,2015,3,lat_maior_igual_menos15,31581,157864.33272061875,-21017.567504165072,44355.502427840845,157275.95490408476,31215.50842646724
controle,A,2015-04-01,2015,4,dominio_inteiro,78561,192999.24560436158,7238.0222332502635,81165.74125646576,179606.2142008349,67475.78503925544
controle,A,2015-04-01,2015,4,lat_menor_que_menos35,26100,22533.571259585817,3063.371779691206,18135.89687617052,16334.068129884494,17451.68248953376
controle,A,2015-04-01,2015,4,lat_menos35_a_menos15,20880,62406.12876821514,2860.571314000804,23797.846849233334,55902.76410455923,18808.59412325443
controle,A,2015-04-01,2015,4,lat_maior_igual_menos15,31581,108059.54557656065,1314.079139558256,39231.997531061905,107369.3819663912,31215.50842646724
controle,A,2015-05-01,2015,5,dominio_inteiro,78561,268138.779512271,-15976.926299764466,85977.12979189752,251296.7921663675,67475.78503925544
controle,A,2015-05-01,2015,5,lat_menor_que_menos35,26100,43618.9800289678,-6874.729473057813,20391.358181476375,30659.96935157581,17451.68248953376
controle,A,2015-05-01,2015,5,lat_menos35_a_menos15,20880,25985.616675953854,-827.6015136500041,16031.59354599219,23266.43680276782,18808.59412325443
controle,A,2015-05-01,2015,5,lat_maior_igual_menos15,31581,198534.18280734934,-8274.595313056643,49554.17806442894,197370.38601202387,31215.50842646724
controle,A,2015-06-01,2015,6,dominio_inteiro,78561,226880.12796840575,-3825.7744428138717,75950.18933212748,208290.41473854316,67475.78503925544
controle,A,2015-06-01,2015,6,lat_menor_que_menos35,26100,46581.58911150116,-335.59279049349243,23551.6153502018,32670.277723334653,17451.68248953376
controle,A,2015-06-01,2015,6,lat_menos35_a_menos15,20880,27601.033297649057,9116.29781882311,15541.718381304116,23794.510828685627,18808.59412325443
controle,A,2015-06-01,2015,6,lat_maior_igual_menos15,31581,152697.50555925554,-12606.479471143488,36856.855600621566,151825.6261865229,31215.50842646724
controle,A,2015-07-01,2015,7,dominio_inteiro,78561,266699.3940142251,-36126.709606755016,78309.31218114066,245835.07093321666,67475.78503925544
controle,A,2015-07-01,2015,7,lat_menor_que_menos35,26100,44242.5114979699,-11552.002190266405,22647.190661741144,32076.338621191295,17451.68248953376
controle,A,2015-07-01,2015,7,lat_menos35_a_menos15,20880,60671.05800437712,-6333.258918813844,19577.16059869561,53044.73940840943,18808.59412325443
controle,A,2015-07-01,2015,7,lat_maior_igual_menos15,31581,161785.82451187808,-18241.448497674755,36084.96092070391,160713.99290361593,31215.50842646724
controle,A,2015-08-01,2015,8,dominio_inteiro,78561,200655.40983215097,-15378.906528414253,75566.38926147646,181753.8190337896,67475.78503925544
controle,A,2015-08-01,2015,8,lat_menor_que_menos35,26100,43070.026198369815,-18183.757016058044,22838.948675216474,31358.470676555073,17451.68248953376
controle,A,2015-08-01,2015,8,lat_menos35_a_menos15,20880,47003.358923310436,2826.8486285552713,20572.423305139095,40723.289010569104,18808.59412325443
controle,A,2015-08-01,2015,8,lat_maior_igual_menos15,31581,110582.02471047071,-21.99814091148255,32155.017281120898,109672.0593466654,31215.50842646724
controle,A,2015-09-01,2015,9,dominio_inteiro,78561,189718.13960853886,10089.403238917828,77819.05280018518,176497.2897969414,67475.78503925544
controle,A,2015-09-01,2015,9,lat_menor_que_menos35,26100,25316.410264790597,1130.9291869223562,18647.473647745475,18255.227999091054,17451.68248953376
controle,A,2015-09-01,2015,9,lat_menos35_a_menos15,20880,42508.132449654695,-4187.229580793087,20267.870129883726,37503.857526352884,18808.59412325443
controle,A,2015-09-01,2015,9,lat_maior_igual_menos15,31581,121893.59689409356,13145.70363278856,38903.70902255597,120738.20427149744,31215.50842646724
controle,A,2015-10-01,2015,10,dominio_inteiro,78561,154113.7871125156,16273.614325485794,70900.18355627901,142431.4243698663,67475.78503925544
controle,A,2015-10-01,2015,10,lat_menor_que_menos35,26100,21582.6604419782,-1018.1721607113934,17441.03679519942,15322.744746963774,17451.68248953376
controle,A,2015-10-01,2015,10,lat_menos35_a_menos15,20880,39206.11746522622,7517.197563237991,19466.35997035018,34655.49166536274,18808.59412325443
controle,A,2015-10-01,2015,10,lat_maior_igual_menos15,31581,93325.00920531119,9774.5889229592,33992.786790729406,92453.18795753976,31215.50842646724
controle,A,2015-11-01,2015,11,dominio_inteiro,78561,166555.3704416224,3789.367565087613,68336.73260711948,156960.2900950071,67475.78503925544
controle,A,2015-11-01,2015,11,lat_menor_que_menos35,26100,10584.4218025242,2827.8062180620736,12572.535553174623,7531.173210055829,17451.68248953376
controle,A,2015-11-01,2015,11,lat_menos35_a_menos15,20880,61642.366059556975,-5520.744805713692,22481.437328865737,55901.90374315297,18808.59412325443
controle,A,2015-11-01,2015,11,lat_maior_igual_menos15,31581,94328.58257954122,6482.306152739233,33282.759725079144,93527.21314179827,31215.50842646724
controle,A,2015-12-01,2015,12,dominio_inteiro,78561,317231.8885608965,16594.8878707883,90803.56596011487,300267.49139594054,67475.78503925544
controle,A,2015-12-01,2015,12,lat_menor_que_menos35,26100,23358.53503358673,-5063.542076996621,15421.835922135702,17109.39602866769,17451.68248953376
controle,A,2015-12-01,2015,12,lat_menos35_a_menos15,20880,103822.39091171112,12448.360863460042,30650.71299942352,94611.42826162947,18808.59412325443
controle,A,2015-12-01,2015,12,lat_maior_igual_menos15,31581,190050.9626155987,9210.069084324885,44731.01703855564,188546.6671056434,31215.50842646724
controle,A,2016-01-01,2016,1,dominio_inteiro,78561,476380.32888963463,-10783.986830531298,115472.94647697605,447341.9460160738,67475.78503925544
controle,A,2016-01-01,2016,1,lat_menor_que_menos35,26100,32758.74590025425,-777.3868987177407,19187.35338244508,22767.92839042666,17451.68248953376
controle,A,2016-01-01,2016,1,lat_menos35_a_menos15,20880,169372.6744023778,-11217.341333633942,38589.271831614446,153600.52627694886,18808.59412325443
controle,A,2016-01-01,2016,1,lat_maior_igual_menos15,31581,274248.9085870026,1210.7414018203876,57696.32126291653,270973.4913486983,31215.50842646724
controle,A,2016-02-01,2016,2,dominio_inteiro,78561,187070.03633909134,-3735.9339307335413,78553.30266595609,172657.56222996642,67475.78503925544
controle,A,2016-02-01,2016,2,lat_menor_que_menos35,26100,28115.77039830516,-9404.324840340953,19362.36033872678,19149.14859580796,17451.68248953376
controle,A,2016-02-01,2016,2,lat_menos35_a_menos15,20880,48874.63558815674,3668.6451460482135,20962.002860059216,44303.107444466375,18808.59412325443
controle,A,2016-02-01,2016,2,lat_maior_igual_menos15,31581,110079.63035262942,1999.7457635591982,38228.939467170094,109205.30618969211,31215.50842646724
controle,A,2016-03-01,2016,3,dominio_inteiro,78561,357450.120798302,-5252.304144089854,101658.34035523354,335804.9942447408,67475.78503925544
controle,A,2016-03-01,2016,3,lat_menor_que_menos35,26100,42091.832907767246,7098.33938145697,25394.12651549014,30432.483966721582,17451.68248953376
controle,A,2016-03-01,2016,3,lat_menos35_a_menos15,20880,74346.45456480078,5470.382711701943,26313.423056838717,65338.37473598454,18808.59412325443
controle,A,2016-03-01,2016,3,lat_maior_igual_menos15,31581,241011.83332573398,-17821.026237248767,49950.79078290469,240034.1355420347,31215.50842646724
controle,A,2016-04-01,2016,4,dominio_inteiro,78561,291287.630157,-7721.495626246556,93094.09699761734,267534.5632373051,67475.78503925544
controle,A,2016-04-01,2016,4,lat_menor_que_menos35,26100,42954.79593967436,-4106.549325075359,21532.478979937358,30967.793218628278,17451.68248953376
controle,A,2016-04-01,2016,4,lat_menos35_a_menos15,20880,84956.87520112935,498.9761824104412,26459.439101327574,73912.18496707355,18808.59412325443
controle,A,2016-04-01,2016,4,lat_maior_igual_menos15,31581,163375.95901619623,-4113.922483581635,45102.1789163524,162654.5850516033,31215.50842646724
controle,A,2016-05-01,2016,5,dominio_inteiro,78561,276965.44639823143,29585.732687245138,93165.61189821472,239939.54713901164,67475.78503925544
controle,A,2016-05-01,2016,5,lat_menor_que_menos35,26100,99454.40317446031,26342.617831336443,34404.02699350493,67060.84269998733,17451.68248953376
controle,A,2016-05-01,2016,5,lat_menos35_a_menos15,20880,32053.880164991606,-1445.5895638181332,17369.243201944362,28223.708949210184,18808.59412325443
controle,A,2016-05-01,2016,5,lat_maior_igual_menos15,31581,145457.16305877958,4688.704419726824,41392.34170276541,144654.99548981414,31215.50842646724
controle,A,2016-06-01,2016,6,dominio_inteiro,78561,234972.4662311477,35508.023878641594,84490.75738920737,205851.14149458302,67475.78503925544
controle,A,2016-06-01,2016,6,lat_menor_que_menos35,26100,84094.6112558998,22429.342032785964,30158.159434152698,61706.09812015564,17451.68248953376
controle,A,2016-06-01,2016,6,lat_menos35_a_menos15,20880,51914.46985970053,857.869433712265,21842.794081231506,45801.08458743061,18808.59412325443
controle,A,2016-06-01,2016,6,lat_maior_igual_menos15,31581,98963.38511554738,12220.812412143361,32489.803873823163,98343.95878699675,31215.50842646724
controle,A,2016-07-01,2016,7,dominio_inteiro,78561,160872.23572142932,3415.8788496017232,68494.18472456871,147036.2588072706,67475.78503925544
controle,A,2016-07-01,2016,7,lat_menor_que_menos35,26100,39171.85432486285,2515.050889643034,23426.55854382894,28332.26316026576,17451.68248953376
controle,A,2016-07-01,2016,7,lat_menos35_a_menos15,20880,15551.965714889944,394.98265290921927,11866.695330922292,13401.032826122939,18808.59412325443
controle,A,2016-07-01,2016,7,lat_maior_igual_menos15,31581,106148.41568167653,505.8453070494684,33200.93084981747,105302.96282088192,31215.50842646724
controle,A,2016-08-01,2016,8,dominio_inteiro,78561,163508.5121592101,11796.516997427998,66661.86504105927,151440.19243585228,67475.78503925544
controle,A,2016-08-01,2016,8,lat_menor_que_menos35,26100,30130.257305638173,2183.291493226758,18728.306933099662,22026.961955510404,17451.68248953376
controle,A,2016-08-01,2016,8,lat_menos35_a_menos15,20880,25057.311731029567,-5164.015958501288,15053.706762774222,22196.72613697966,18808.59412325443
controle,A,2016-08-01,2016,8,lat_maior_igual_menos15,31581,108320.94312254233,14777.241462702526,32879.85134518539,107216.50434336219,31215.50842646724
controle,A,2016-09-01,2016,9,dominio_inteiro,78561,174204.30080344717,12978.913278840719,75505.94907400555,158545.46150447626,67475.78503925544
controle,A,2016-09-01,2016,9,lat_menor_que_menos35,26100,33251.698614968525,9517.892588546034,22706.18074535435,22560.209237095896,17451.68248953376
controle,A,2016-09-01,2016,9,lat_menos35_a_menos15,20880,34080.81333597549,9383.5521097805,17212.607221613223,30207.405040179096,18808.59412325443
controle,A,2016-09-01,2016,9,lat_maior_igual_menos15,31581,106871.78885250316,-5922.531419485815,35587.161107037966,105777.84722720124,31215.50842646724
controle,A,2016-10-01,2016,10,dominio_inteiro,78561,167364.17670117258,1542.2836461782604,65873.19455562193,156053.6684058862,67475.78503925544
controle,A,2016-10-01,2016,10,lat_menor_que_menos35,26100,23622.453289285146,2449.527280578584,17626.561353315614,17052.57902678073,17451.68248953376
controle,A,2016-10-01,2016,10,lat_menos35_a_menos15,20880,30431.10832362547,-506.86338567226085,15502.896993022245,27129.666363870896,18808.59412325443
controle,A,2016-10-01,2016,10,lat_maior_igual_menos15,31581,113310.61508826195,-400.38024872806227,32743.736209284056,111871.42301523457,31215.50842646724
controle,A,2016-11-01,2016,11,dominio_inteiro,78561,257403.1917392793,4916.805992554044,81512.39392183343,246612.05904115638,67475.78503925544
controle,A,2016-11-01,2016,11,lat_menor_que_menos35,26100,18260.243071593904,-4563.135865501325,16355.84010768604,12831.614554157572,17451.68248953376
controle,A,2016-11-01,2016,11,lat_menos35_a_menos15,20880,27901.85243215464,4796.810713757639,16008.949825816544,25321.472373918135,18808.59412325443
controle,A,2016-11-01,2016,11,lat_maior_igual_menos15,31581,211241.0962355308,4683.131144297728,49147.60398833084,208458.9721130807,31215.50842646724
controle,A,2016-12-01,2016,12,dominio_inteiro,78561,211401.0460888794,-10113.04721879453,82966.0721576491,199979.08683947654,67475.78503925544
controle,A,2016-12-01,2016,12,lat_menor_que_menos35,26100,20245.136669688312,-2324.754945482189,15676.848795217527,14315.843038466304,17451.68248953376
controle,A,2016-12-01,2016,12,lat_menos35_a_menos15,20880,45129.814608584704,9642.244853451777,21152.144551477624,40684.84816584781,18808.59412325443
controle,A,2016-12-01,2016,12,lat_maior_igual_menos15,31581,146026.09481060636,-17430.53712676412,46137.07881095396,144978.39563516242,31215.50842646724
sst_8pcs,A,2015-01-01,2015,1,dominio_inteiro,78561,303110.24254699383,16972.385339225486,97700.90786150986,283237.4208464097,67475.78503925544
sst_8pcs,A,2015-01-01,2015,1,lat_menor_que_menos35,26100,28364.602451635063,830.1089015029221,18345.972882336737,19147.075846978638,17451.68248953376
sst_8pcs,A,2015-01-01,2015,1,lat_menos35_a_menos15,20880,117171.16404209119,19947.19822515088,32043.342176903727,107871.98481913708,18808.59412325443
sst_8pcs,A,2015-01-01,2015,1,lat_maior_igual_menos15,31581,157574.47605326754,-3804.9217874283204,47311.592802269384,156218.36018029397,31215.50842646724
sst_8pcs,A,2015-02-01,2015,2,dominio_inteiro,78561,193056.58089379474,-12055.678542170144,76877.05561718692,174520.34525918838,67475.78503925544
sst_8pcs,A,2015-02-01,2015,2,lat_menor_que_menos35,26100,38647.97815518121,2012.982083470947,23055.142757578884,28428.091602271867,17451.68248953376
sst_8pcs,A,2015-02-01,2015,2,lat_menos35_a_menos15,20880,69843.4490995972,-9453.97121575104,22554.34182993097,61923.098861621846,18808.59412325443
sst_8pcs,A,2015-02-01,2015,2,lat_maior_igual_menos15,31581,84565.15363901634,-4614.689409890051,31267.57102967706,84169.15479529467,31215.50842646724
sst_8pcs,A,2015-03-01,2015,3,dominio_inteiro,78561,229359.89115693694,-17687.76367477383,84192.67450773127,214520.7387597539,67475.78503925544
sst_8pcs,A,2015-03-01,2015,3,lat_menor_que_menos35,26100,32385.627624581008,4343.822028496117,20344.285129257332,22573.107804050316,17451.68248953376
sst_8pcs,A,2015-03-01,2015,3,lat_menos35_a_menos15,20880,39915.888519173444,-235.0488735754567,19805.99555645568,35468.124439313855,18808.59412325443
sst_8pcs,A,2015-03-01,2015,3,lat_maior_igual_menos15,31581,157058.37501318246,-21796.536829694483,44042.393822018246,156479.50651638975,31215.50842646724
sst_8pcs,A,2015-04-01,2015,4,dominio_inteiro,78561,194843.2695056951,8421.794601415811,81331.69862649319,181463.6098896164,67475.78503925544
sst_8pcs,A,2015-04-01,2015,4,lat_menor_que_menos35,26100,22427.509893508366,2971.9947593433426,18099.33719664752,16260.402362086228,17451.68248953376
sst_8pcs,A,2015-04-01,2015,4,lat_menos35_a_menos15,20880,62673.892614886565,2295.423786931252,23714.72018598076,56151.76301495996,18808.59412325443
sst_8pcs,A,2015-04-01,2015,4,lat_maior_igual_menos15,31581,109741.8669973002,3154.3760551412192,39517.6412438649,109051.4445125702,31215.50842646724
sst_8pcs,A,2015-05-01,2015,5,dominio_inteiro,78561,271060.37913680356,-16669.797865037905,86518.72923712118,254754.99637272206,67475.78503925544
sst_8pcs,A,2015-05-01,2015,5,lat_menor_que_menos35,26100,41822.14084884911,-6627.796353038079,20197.940127971648,29447.85641306197,17451.68248953376
sst_8pcs,A,2015-05-01,2015,5,lat_menos35_a_menos15,20880,26548.888902029157,-1830.5251520622674,16171.919773527796,23811.96444284836,18808.59412325443
sst_8pcs,A,2015-05-01,2015,5,lat_maior_igual_menos15,31581,202689.34938592525,-8211.476359937553,50148.86933562173,201495.17551681175,31215.50842646724
sst_8pcs,A,2015-06-01,2015,6,dominio_inteiro,78561,213003.19467812864,-3584.8564490502326,72822.49525128913,196100.9368135206,67475.78503925544
sst_8pcs,A,2015-06-01,2015,6,lat_menor_que_menos35,26100,42022.22219223881,-1159.9114941151183,22583.455708807945,29421.746945816216,17451.68248953376
sst_8pcs,A,2015-06-01,2015,6,lat_menos35_a_menos15,20880,24668.351914205556,7193.187242504007,14420.684124154714,21222.184541418796,18808.59412325443
sst_8pcs,A,2015-06-01,2015,6,lat_maior_igual_menos15,31581,146312.62057168427,-9618.132197439123,35818.355418326464,145457.00532628558,31215.50842646724
sst_8pcs,A,2015-07-01,2015,7,dominio_inteiro,78561,261548.98002930303,-34560.64726838436,77229.29062585002,240748.9019956183,67475.78503925544
sst_8pcs,A,2015-07-01,2015,7,lat_menor_que_menos35,26100,43135.198631830775,-11088.029088650499,22460.954729645706,31337.178468886264,17451.68248953376
sst_8pcs,A,2015-07-01,2015,7,lat_menos35_a_menos15,20880,64140.64973543286,-7857.145562237193,19778.979189749,56169.75972379607,18808.59412325443
sst_8pcs,A,2015-07-01,2015,7,lat_maior_igual_menos15,31581,154273.13166203938,-15615.472617496656,34989.356706455306,153241.963802936,31215.50842646724
sst_8pcs,A,2015-08-01,2015,8,dominio_inteiro,78561,195900.49745044668,-16004.381840181673,74164.61931610738,177362.60723307455,67475.78503925544
sst_8pcs,A,2015-08-01,2015,8,lat_menor_que_menos35,26100,43675.59385465569,-18788.70255621053,22904.15204570583,31914.53652072478,17451.68248953376
sst_8pcs,A,2015-08-01,2015,8,lat_menos35_a_menos15,20880,43050.704770283555,603.7784901671325,19255.070116906336,37191.84812585806,18808.59412325443
sst_8pcs,A,2015-08-01,2015,8,lat_maior_igual_menos15,31581,109174.19882550742,2180.54222586172,32005.397153495196,108256.22258649171,31215.50842646724
sst_8pcs,A,2015-09-01,2015,9,dominio_inteiro,78561,185893.50957007677,7715.777846794121,77049.13835072872,172793.23594255495,67475.78503925544
sst_8pcs,A,2015-09-01,2015,9,lat_menor_que_menos35,26100,25350.86517829406,891.1043143392047,18550.810206554244,18276.090286701477,17451.68248953376
sst_8pcs,A,2015-09-01,2015,9,lat_menos35_a_menos15,20880,41645.9136535868,-7567.290265330835,19752.02176606621,36740.596067030376,18808.59412325443
sst_8pcs,A,2015-09-01,2015,9,lat_maior_igual_menos15,31581,118896.7307381959,14391.963797785751,38746.30637810828,117776.54958882308,31215.50842646724
sst_8pcs,A,2015-10-01,2015,10,dominio_inteiro,78561,150165.4032230119,9712.161381143856,69164.2685541493,138506.20062127037,67475.78503925544
sst_8pcs,A,2015-10-01,2015,10,lat_menor_que_menos35,26100,22703.446751562624,-2254.982056953266,17450.537129210803,16204.830376257958,17451.68248953376
sst_8pcs,A,2015-10-01,2015,10,lat_menos35_a_menos15,20880,35902.526841661165,3551.2138761880383,18438.426064227497,31594.184946278845,18808.59412325443
sst_8pcs,A,2015-10-01,2015,10,lat_maior_igual_menos15,31581,91559.42962978812,8415.929561909084,33275.305360711005,90707.18529873356,31215.50842646724
sst_8pcs,A,2015-11-01,2015,11,dominio_inteiro,78561,173083.58024150316,2793.8918147146787,68895.85839631743,163231.40277610434,67475.78503925544
sst_8pcs,A,2015-11-01,2015,11,lat_menor_que_menos35,26100,10686.345495765876,2304.998859134049,12430.140662723185,7540.903249530748,17451.68248953376
sst_8pcs,A,2015-11-01,2015,11,lat_menos35_a_menos15,20880,64470.76504521788,-6902.987526254263,22660.558688877085,58587.9467956875,18808.59412325443
sst_8pcs,A,2015-11-01,2015,11,lat_maior_igual_menos15,31581,97926.46970051943,7391.880481834893,33805.159044717155,97102.55273088609,31215.50842646724
sst_8pcs,A,2015-12-01,2015,12,dominio_inteiro,78561,313208.74416884675,14224.944610539551,89760.40899185113,296461.7697009499,67475.78503925544
sst_8pcs,A,2015-12-01,2015,12,lat_menor_que_menos35,26100,22906.268300995147,-4907.891080786569,15340.145702407988,16787.682950237864,17451.68248953376
sst_8pcs,A,2015-12-01,2015,12,lat_menos35_a_menos15,20880,101053.93575817949,9320.972297465243,30193.240611912413,91835.42952795982,18808.59412325443
sst_8pcs,A,2015-12-01,2015,12,lat_maior_igual_menos15,31581,189248.5401096721,9811.86339386088,44227.02267753074,187838.65722275223,31215.50842646724
sst_8pcs,A,2016-01-01,2016,1,dominio_inteiro,78561,491720.83306736173,-9959.616063807896,117059.32439889119,461655.27777854353,67475.78503925544
sst_8pcs,A,2016-01-01,2016,1,lat_menor_que_menos35,26100,35994.03292479985,-926.183384768563,19578.134282855877,24910.19030521681,17451.68248953376
sst_8pcs,A,2016-01-01,2016,1,lat_menos35_a_menos15,20880,169707.8352220952,-11467.175075650068,38541.385838644754,154108.130715397,18808.59412325443
sst_8pcs,A,2016-01-01,2016,1,lat_maior_igual_menos15,31581,286018.9649204667,2433.742396610733,58939.804277390554,282636.9567579297,31215.50842646724
sst_8pcs,A,2016-02-01,2016,2,dominio_inteiro,78561,189858.43693796732,-3765.777608552491,78877.74469351367,175340.38746621765,67475.78503925544
sst_8pcs,A,2016-02-01,2016,2,lat_menor_que_menos35,26100,28447.583793665348,-10374.685757929648,19490.078454085775,19341.17777401058,17451.68248953376
sst_8pcs,A,2016-02-01,2016,2,lat_menos35_a_menos15,20880,47719.91433487698,2353.8691823939957,20551.075048782935,43250.82309227653,18808.59412325443
sst_8pcs,A,2016-02-01,2016,2,lat_maior_igual_menos15,31581,113690.938809425,4255.038966983162,38836.59119064495,112748.38659993053,31215.50842646724
sst_8pcs,A,2016-03-01,2016,3,dominio_inteiro,78561,345763.3968250618,-4368.348637450064,100669.83747813573,324336.23604224157,67475.78503925544
sst_8pcs,A,2016-03-01,2016,3,lat_menor_que_menos35,26100,40999.73528827916,6511.167394199072,24892.045728903082,29741.76606875213,17451.68248953376
sst_8pcs,A,2016-03-01,2016,3,lat_menos35_a_menos15,20880,75861.03066065819,5572.2712407929685,26501.048661623627,66684.13526732006,18808.59412325443
sst_8pcs,A,2016-03-01,2016,3,lat_maior_igual_menos15,31581,228902.6308761245,-16451.787272442107,49276.74308760902,227910.33470616935,31215.50842646724
sst_8pcs,A,2016-04-01,2016,4,dominio_inteiro,78561,294095.0848252008,-10434.21929222066,93019.48486040492,269548.7446834329,67475.78503925544
sst_8pcs,A,2016-04-01,2016,4,lat_menor_que_menos35,26100,44892.00256030001,-4972.804862998785,21794.122957449505,32397.309599552493,17451.68248953376
sst_8pcs,A,2016-04-01,2016,4,lat_menos35_a_menos15,20880,85728.23227228867,-605.119683609747,26282.74986811856,74390.9129493505,18808.59412325443
sst_8pcs,A,2016-04-01,2016,4,lat_maior_igual_menos15,31581,163474.8499926121,-4856.294745612126,44942.61203483683,162760.52213452995,31215.50842646724
sst_8pcs,A,2016-05-01,2016,5,dominio_inteiro,78561,274395.3242879089,23555.20937841689,91584.90168578016,237094.94450538387,67475.78503925544
sst_8pcs,A,2016-05-01,2016,5,lat_menor_que_menos35,26100,100488.0153892764,25894.86954211641,34188.388750209866,67743.99924229665,17451.68248953376
sst_8pcs,A,2016-05-01,2016,5,lat_menos35_a_menos15,20880,31602.07184156612,-2336.45190569963,17104.37488369244,27820.542200960714,18808.59412325443
sst_8pcs,A,2016-05-01,2016,5,lat_maior_igual_menos15,31581,142305.23705706635,-3.208257999884836,40292.13805187785,141530.40306212654,31215.50842646724
sst_8pcs,A,2016-06-01,2016,6,dominio_inteiro,78561,241620.45589256377,37643.534313492295,85373.0514095532,211865.721359213,67475.78503925544
sst_8pcs,A,2016-06-01,2016,6,lat_menor_que_menos35,26100,86217.8643778864,23412.194815456372,30528.929117315256,63286.99688309652,17451.68248953376
sst_8pcs,A,2016-06-01,2016,6,lat_menos35_a_menos15,20880,52679.419893262195,897.3820267117616,21999.659104640705,46493.3045246809,18808.59412325443
sst_8pcs,A,2016-06-01,2016,6,lat_maior_igual_menos15,31581,102723.17162141518,13333.957471324158,32844.46318759723,102085.41995143559,31215.50842646724
sst_8pcs,A,2016-07-01,2016,7,dominio_inteiro,78561,159152.02905881914,5790.835957326812,68660.78175695967,145247.82557436885,67475.78503925544
sst_8pcs,A,2016-07-01,2016,7,lat_menor_que_menos35,26100,39472.25293174851,2750.0994692837207,23313.71453824005,28568.663466144288,17451.68248953376
sst_8pcs,A,2016-07-01,2016,7,lat_menos35_a_menos15,20880,15851.065283212705,592.8629263645074,12024.438161757382,13675.678411344945,18808.59412325443
sst_8pcs,A,2016-07-01,2016,7,lat_maior_igual_menos15,31581,103828.71084385793,2447.873561678581,33322.629056962236,103003.48369687962,31215.50842646724
sst_8pcs,A,2016-08-01,2016,8,dominio_inteiro,78561,162668.42490423162,13999.261415298066,66373.57615072027,150809.4319843717,67475.78503925544
sst_8pcs,A,2016-08-01,2016,8,lat_menor_que_menos35,26100,29576.698771526437,3450.9377205790793,18827.662245468866,21552.98510381451,17451.68248953376
sst_8pcs,A,2016-08-01,2016,8,lat_menos35_a_menos15,20880,23493.160508864574,-4487.6409263323,14634.518490587809,20756.210985775804,18808.59412325443
sst_8pcs,A,2016-08-01,2016,8,lat_maior_igual_menos15,31581,109598.56562384058,15035.964621051287,32911.3954146636,108500.2358947814,31215.50842646724
sst_8pcs,A,2016-09-01,2016,9,dominio_inteiro,78561,174543.519062573,13339.167896412,75664.67551999826,158288.51037688952,67475.78503925544
sst_8pcs,A,2016-09-01,2016,9,lat_menor_que_menos35,26100,35004.03608337442,10150.624093399849,23034.144489842736,23725.52983352194,17451.68248953376
sst_8pcs,A,2016-09-01,2016,9,lat_menos35_a_menos15,20880,34384.42915045164,9547.290461823035,17327.393810661622,30486.776745355226,18808.59412325443
sst_8pcs,A,2016-09-01,2016,9,lat_maior_igual_menos15,31581,105155.05382874695,-6358.746658810887,35303.1372194939,104076.20379801234,31215.50842646724
sst_8pcs,A,2016-10-01,2016,10,dominio_inteiro,78561,167353.49219699076,2905.8134019127797,66167.31632819571,155507.8605621605,67475.78503925544
sst_8pcs,A,2016-10-01,2016,10,lat_menor_que_menos35,26100,25292.779938886822,3653.7107249295427,18330.342045377867,18082.22010061406,17451.68248953376
sst_8pcs,A,2016-10-01,2016,10,lat_menos35_a_menos15,20880,29707.61420496198,-1001.867386993503,15300.297466459397,26487.952517811635,18808.59412325443
sst_8pcs,A,2016-10-01,2016,10,lat_maior_igual_menos15,31581,112353.09805314195,253.97006397674045,32536.676816358446,110937.68794373481,31215.50842646724
sst_8pcs,A,2016-11-01,2016,11,dominio_inteiro,78561,272229.55523494293,8534.747245903985,83117.94042668807,261375.65705068177,67475.78503925544
sst_8pcs,A,2016-11-01,2016,11,lat_menor_que_menos35,26100,18247.996818023646,-3900.5659101747074,16339.271320942582,12851.575553987868,17451.68248953376
sst_8pcs,A,2016-11-01,2016,11,lat_menos35_a_menos15,20880,28293.005738797496,5367.315248088615,16177.177979989634,25682.883298104007,18808.59412325443
sst_8pcs,A,2016-11-01,2016,11,lat_maior_igual_menos15,31581,225688.55267812172,7067.997907990077,50601.49112575586,222841.1981985899,31215.50842646724
sst_8pcs,A,2016-12-01,2016,12,dominio_inteiro,78561,212238.42398903734,-9191.065977370386,83193.97657161445,200888.2070897291,67475.78503925544
sst_8pcs,A,2016-12-01,2016,12,lat_menor_que_menos35,26100,20020.680595222115,-2428.569866213078,15619.985038399813,14172.780154968812,17451.68248953376
sst_8pcs,A,2016-12-01,2016,12,lat_menos35_a_menos15,20880,44937.089630899456,9829.641620888115,21140.261615328614,40479.76898588495,18808.59412325443
sst_8pcs,A,2016-12-01,2016,12,lat_maior_igual_menos15,31581,147280.65376291575,-16592.137732045423,46433.72991788601,146235.6579488754,31215.50842646724
climatologia,A,2015-01-01,2015,1,dominio_inteiro,78561,312149.4281093196,28208.903654305264,99707.32546293968,292204.3065607041,67475.78503925544
climatologia,A,2015-01-01,2015,1,lat_menor_que_menos35,26100,30530.17082324761,1067.3163519725204,18755.42299681157,20678.699242484166,17451.68248953376
climatologia,A,2015-01-01,2015,1,lat_menos35_a_menos15,20880,108546.55968136714,19439.344901744276,31281.37656782614,99768.65170883675,18808.59412325443
climatologia,A,2015-01-01,2015,1,lat_maior_igual_menos15,31581,173072.69760470485,7702.242400588468,49670.525898301974,171756.95560938315,31215.50842646724
climatologia,A,2015-02-01,2015,2,dominio_inteiro,78561,194744.10696707646,-138.33887726801913,78821.23629791255,175534.5321355579,67475.78503925544
climatologia,A,2015-02-01,2015,2,lat_menor_que_menos35,26100,42061.80659655563,2676.0101874172688,23938.49206480384,30850.40059255021,17451.68248953376
climatologia,A,2015-02-01,2015,2,lat_menos35_a_menos15,20880,65696.67302764393,-8182.424511341262,21824.153298234218,58070.33259849638,18808.59412325443
climatologia,A,2015-02-01,2015,2,lat_maior_igual_menos15,31581,86985.6273428769,5368.075446655974,33058.59093487449,86613.79894451132,31215.50842646724
climatologia,A,2015-03-01,2015,3,dominio_inteiro,78561,213267.69211054698,-8999.520260943333,81857.57925353595,197969.34219763806,67475.78503925544
climatologia,A,2015-03-01,2015,3,lat_menor_que_menos35,26100,34760.51789106137,3646.9766337275505,20910.523748278618,24111.978174622625,17451.68248953376
climatologia,A,2015-03-01,2015,3,lat_menos35_a_menos15,20880,37911.76905929552,-221.03775847540237,19254.205295181135,33791.98226242978,18808.59412325443
climatologia,A,2015-03-01,2015,3,lat_maior_igual_menos15,31581,140595.40516019013,-12425.45913619548,41692.8502100762,140065.38176058567,31215.50842646724
climatologia,A,2015-04-01,2015,4,dominio_inteiro,78561,216251.20772494155,12830.605457594618,86314.20750094578,202992.77858347556,67475.78503925544
climatologia,A,2015-04-01,2015,4,lat_menor_que_menos35,26100,22275.312826726928,2588.0573678314686,17929.87242653966,16187.583884362288,17451.68248953376
climatologia,A,2015-04-01,2015,4,lat_menos35_a_menos15,20880,62028.632950069696,644.298425488174,23441.70678307861,55699.072641990555,18808.59412325443
climatologia,A,2015-04-01,2015,4,lat_maior_igual_menos15,31581,131947.26194814488,9598.249664274976,44942.628291327506,131106.12205712273,31215.50842646724
climatologia,A,2015-05-01,2015,5,dominio_inteiro,78561,334749.0189158285,-6203.289924692363,98484.1557868747,318962.7483269717,67475.78503925544
climatologia,A,2015-05-01,2015,5,lat_menor_que_menos35,26100,38784.74790449707,-5078.5259937644005,19877.353371679783,27477.698625858113,17451.68248953376
climatologia,A,2015-05-01,2015,5,lat_menos35_a_menos15,20880,29454.020494319702,-4859.345497308299,16882.449850973673,26544.523225506007,18808.59412325443
climatologia,A,2015-05-01,2015,5,lat_maior_igual_menos15,31581,266510.25051701174,3734.581566380337,61724.35256422125,264940.52647560765,31215.50842646724
climatologia,A,2015-06-01,2015,6,dominio_inteiro,78561,238464.28620658783,9248.98515542224,76011.6435988918,225779.9040330444,67475.78503925544
climatologia,A,2015-06-01,2015,6,lat_menor_que_menos35,26100,30401.595471536486,-1062.627030313015,19802.57276713848,21288.039431392142,17451.68248953376
climatologia,A,2015-06-01,2015,6,lat_menos35_a_menos15,20880,17314.782434260193,4421.009831496514,12462.229528048076,14897.350670020714,18808.59412325443
climatologia,A,2015-06-01,2015,6,lat_maior_igual_menos15,31581,190747.90830079117,5890.602354238741,43746.84130370524,189594.51393163158,31215.50842646724
climatologia,A,2015-07-01,2015,7,dominio_inteiro,78561,308947.0633916516,-24145.166838202626,83361.35061912797,286505.3122640068,67475.78503925544
climatologia,A,2015-07-01,2015,7,lat_menor_que_menos35,26100,45471.93899937726,-12322.36436522007,23022.13496118784,33068.99034427144,17451.68248953376
climatologia,A,2015-07-01,2015,7,lat_menos35_a_menos15,20880,71244.71803015134,-10628.315095733851,20060.377490632236,62547.65887897642,18808.59412325443
climatologia,A,2015-07-01,2015,7,lat_maior_igual_menos15,31581,192230.40636212294,-1194.4873772487044,40278.8381673079,190888.66304075895,31215.50842646724
climatologia,A,2015-08-01,2015,8,dominio_inteiro,78561,219914.65884839825,-10203.421165345935,78954.28989452939,199374.03616793343,67475.78503925544
climatologia,A,2015-08-01,2015,8,lat_menor_que_menos35,26100,49557.34155443202,-20364.900391459465,23761.58234834671,36746.551239784436,17451.68248953376
climatologia,A,2015-08-01,2015,8,lat_menos35_a_menos15,20880,45619.07691984135,-1846.298598308349,19686.55038906657,39136.370251073706,18808.59412325443
climatologia,A,2015-08-01,2015,8,lat_maior_igual_menos15,31581,124738.24037412487,12007.777824421879,35506.157157116104,123491.11467707533,31215.50842646724
climatologia,A,2015-09-01,2015,9,dominio_inteiro,78561,239864.71040445278,23697.18699628464,89827.4978222379,225494.0638529153,67475.78503925544
climatologia,A,2015-09-01,2015,9,lat_menor_que_menos35,26100,27653.8233076941,1829.3095400631428,19003.6602576077,19907.9154178874,17451.68248953376
climatologia,A,2015-09-01,2015,9,lat_menos35_a_menos15,20880,42928.99476407518,-9142.709236247232,19905.899813655997,37815.02843901849,18808.59412325443
climatologia,A,2015-09-01,2015,9,lat_maior_igual_menos15,31581,169281.8923326835,31010.58669246873,50917.937750974204,167771.11999600945,31215.50842646724
climatologia,A,2015-10-01,2015,10,dominio_inteiro,78561,237877.8590483204,26665.547167093813,87999.15811125297,222677.1794965514,67475.78503925544
climatologia,A,2015-10-01,2015,10,lat_menor_que_menos35,26100,29205.27870867984,-122.66057792305946,19483.435075432062,20562.864082637563,17451.68248953376
climatologia,A,2015-10-01,2015,10,lat_menos35_a_menos15,20880,41458.93486837034,2164.70235171853,19888.36530160453,36446.1607308226,18808.59412325443
climatologia,A,2015-10-01,2015,10,lat_maior_igual_menos15,31581,167213.64547127025,24623.505393298343,48627.35773421638,165668.15468309124,31215.50842646724
climatologia,A,2015-11-01,2015,11,dominio_inteiro,78561,252097.34808793664,22541.59865101427,85018.34808540315,240163.6388841615,67475.78503925544
climatologia,A,2015-11-01,2015,11,lat_menor_que_menos35,26100,11921.890717204089,4011.3765707612038,12626.816252887249,8371.496574871104,17451.68248953376
climatologia,A,2015-11-01,2015,11,lat_menos35_a_menos15,20880,79681.71413633501,-5384.012130085379,25302.35338929639,72604.92288047628,18808.59412325443
climatologia,A,2015-11-01,2015,11,lat_maior_igual_menos15,31581,160493.7432343975,23914.234210338444,47089.17844321951,159187.21942881413,31215.50842646724
climatologia,A,2015-12-01,2015,12,dominio_inteiro,78561,445907.5107011996,48648.78966302198,110556.72581818845,425442.4565116584,67475.78503925544
climatologia,A,2015-12-01,2015,12,lat_menor_que_menos35,26100,24216.915557887573,58.05804072320461,16306.929273441434,17402.10580880719,17451.68248953376
climatologia,A,2015-12-01,2015,12,lat_menos35_a_menos15,20880,125854.8671164885,8366.46211674955,33290.0929745413,114431.63916989179,18808.59412325443
climatologia,A,2015-12-01,2015,12,lat_maior_igual_menos15,31581,295835.72802682343,40224.26950554922,60959.70357020572,293608.7115329594,31215.50842646724
climatologia,A,2016-01-01,2016,1,dominio_inteiro,78561,609105.1441551499,18528.184278694913,134992.09299099818,576560.9621173741,67475.78503925544
climatologia,A,2016-01-01,2016,1,lat_menor_que_menos35,26100,49373.24692462531,3325.378714643419,21633.887139596045,33637.85711389993,17451.68248953376
climatologia,A,2016-01-01,2016,1,lat_menos35_a_menos15,20880,156618.5260066338,-14566.340904530138,36508.863419497386,143232.35365454396,18808.59412325443
climatologia,A,2016-01-01,2016,1,lat_maior_igual_menos15,31581,403113.3712238908,29769.14646858163,76849.34243190475,399690.7513489301,31215.50842646724
climatologia,A,2016-02-01,2016,2,dominio_inteiro,78561,250932.66952528516,23286.379979543504,88800.27923372958,237773.09157472846,67475.78503925544
climatologia,A,2016-02-01,2016,2,lat_menor_que_menos35,26100,22422.80141562545,-6813.650075644255,17453.118269711733,15570.211800223253,17451.68248953376
climatologia,A,2016-02-01,2016,2,lat_menos35_a_menos15,20880,50593.437118754126,1815.6080585439922,20950.773567967233,45739.46234375007,18808.59412325443
climatologia,A,2016-02-01,2016,2,lat_maior_igual_menos15,31581,177916.4309909056,28284.421996643767,50396.38739605062,176463.41743075513,31215.50842646724
climatologia,A,2016-03-01,2016,3,dominio_inteiro,78561,292165.31593030854,6503.647845135769,94739.59368187073,272901.6864685957,67475.78503925544
climatologia,A,2016-03-01,2016,3,lat_menor_que_menos35,26100,35558.518484194705,7472.402735412121,22530.902639985085,26027.936331437806,17451.68248953376
climatologia,A,2016-03-01,2016,3,lat_menos35_a_menos15,20880,74340.71573642967,1433.2629312218633,25523.678363709478,65562.74974120625,18808.59412325443
climatologia,A,2016-03-01,2016,3,lat_maior_igual_menos15,31581,182266.08170968413,-2402.017821498215,46685.012678176165,181311.00039595165,31215.50842646724
climatologia,A,2016-04-01,2016,4,dominio_inteiro,78561,328052.507256704,1530.7435496356338,100158.45633947663,300087.59105933784,67475.78503925544
climatologia,A,2016-04-01,2016,4,lat_menor_que_menos35,26100,53188.133514543224,-4156.247289150953,23092.354052454233,38204.56233801167,17451.68248953376
climatologia,A,2016-04-01,2016,4,lat_menos35_a_menos15,20880,88716.76915163264,-3252.031454272568,26029.489264300093,76685.2960292963,18808.59412325443
climatologia,A,2016-04-01,2016,4,lat_maior_igual_menos15,31581,186147.60459052812,8939.022293059155,51036.613022722304,185197.7326920299,31215.50842646724
climatologia,A,2016-05-01,2016,5,dominio_inteiro,78561,349656.33163273276,36439.57239525393,103085.41849388927,306476.3868540545,67475.78503925544
climatologia,A,2016-05-01,2016,5,lat_menor_que_menos35,26100,119328.14515362665,28445.600059092045,37354.09995537996,80553.78023549232,17451.68248953376
climatologia,A,2016-05-01,2016,5,lat_menos35_a_menos15,20880,30933.694715573714,-5033.576072869822,17288.972727978602,27275.81870306463,18808.59412325443
climatologia,A,2016-05-01,2016,5,lat_maior_igual_menos15,31581,199394.49176353237,13027.548409031704,48442.34581053071,198646.78791549758,31215.50842646724
climatologia,A,2016-06-01,2016,6,dominio_inteiro,78561,254032.5506173816,37756.14534218982,90707.79810203519,221673.1653621745,67475.78503925544
climatologia,A,2016-06-01,2016,6,lat_menor_que_menos35,26100,97290.81994210654,24471.133040487766,32523.693340718746,71516.78136485371,17451.68248953376
climatologia,A,2016-06-01,2016,6,lat_menos35_a_menos15,20880,50826.78827259774,114.28337580803782,21795.3106117025,44850.85041812736,18808.59412325443
climatologia,A,2016-06-01,2016,6,lat_maior_igual_menos15,31581,105914.94240267733,13170.728925894015,36388.79414961394,105305.53357919345,31215.50842646724
climatologia,A,2016-07-01,2016,7,dominio_inteiro,78561,169672.265647549,7424.695527520031,70250.08332901075,156747.60125545211,67475.78503925544
climatologia,A,2016-07-01,2016,7,lat_menor_que_menos35,26100,36283.073699759276,1924.2462762594223,22513.454357862473,26380.410464973836,17451.68248953376
climatologia,A,2016-07-01,2016,7,lat_menos35_a_menos15,20880,15623.635012903642,1691.690321136266,12091.039264895022,13550.713071178756,18808.59412325443
climatologia,A,2016-07-01,2016,7,lat_maior_igual_menos15,31581,117765.55693488606,3808.7589301243424,35645.58970625326,116816.47771929952,31215.50842646724
climatologia,A,2016-08-01,2016,8,dominio_inteiro,78561,153907.67658746112,11701.487968565198,64658.76098685269,142488.13672462665,67475.78503925544
climatologia,A,2016-08-01,2016,8,lat_menor_que_menos35,26100,30114.366687801303,1883.3715506792068,18664.08187508583,21994.98450407015,17451.68248953376
climatologia,A,2016-08-01,2016,8,lat_menos35_a_menos15,20880,20235.838200406968,-3104.8263540456537,13698.177338977112,17866.82826317405,18808.59412325443
climatologia,A,2016-08-01,2016,8,lat_maior_igual_menos15,31581,103557.47169925284,12922.942771931645,32296.50177278975,102626.32395738245,31215.50842646724
climatologia,A,2016-09-01,2016,9,dominio_inteiro,78561,168193.07616373646,10919.065048042452,75471.6186001075,152018.00272031047,67475.78503925544
climatologia,A,2016-09-01,2016,9,lat_menor_que_menos35,26100,35370.30323910802,10384.779053002596,23464.666693776846,24026.94313929342,17451.68248953376
climatologia,A,2016-09-01,2016,9,lat_menos35_a_menos15,20880,33577.73031667686,9270.882148640463,17277.203990100184,29789.914818009347,18808.59412325443
climatologia,A,2016-09-01,2016,9,lat_maior_igual_menos15,31581,99245.04260795155,-8736.596153600607,34729.747916230466,98201.14476300769,31215.50842646724
climatologia,A,2016-10-01,2016,10,dominio_inteiro,78561,167281.70780833502,-4264.8250710653665,65069.709529542684,156605.7433162437,67475.78503925544
climatologia,A,2016-10-01,2016,10,lat_menor_que_menos35,26100,21864.95910204776,1021.4510553777218,17110.851031810045,15960.779413196746,17451.68248953376
climatologia,A,2016-10-01,2016,10,lat_menos35_a_menos15,20880,31000.392765617424,-611.9490307277592,15718.111539366975,27657.04653838288,18808.59412325443
climatologia,A,2016-10-01,2016,10,lat_maior_igual_menos15,31581,114416.35594066983,-4674.327095715329,32240.746958365664,112987.91736466407,31215.50842646724
climatologia,A,2016-11-01,2016,11,dominio_inteiro,78561,276398.01890521304,-2672.8178528919816,84846.97066995664,264910.10998013045,67475.78503925544
climatologia,A,2016-11-01,2016,11,lat_menor_que_menos35,26100,18426.29766189284,-4601.265717446804,16309.769636332989,13032.74682647061,17451.68248953376
climatologia,A,2016-11-01,2016,11,lat_menos35_a_menos15,20880,30829.37432488549,4661.319824870676,16884.951347788563,27951.1185589957,18808.59412325443
climatologia,A,2016-11-01,2016,11,lat_maior_igual_menos15,31581,227142.34691843472,-2732.8719603158534,51652.24968583509,223926.2445946641,31215.50842646724
climatologia,A,2016-12-01,2016,12,dominio_inteiro,78561,252142.13100972946,-21853.0108740874,91606.83802908886,240052.11732349277,67475.78503925544
climatologia,A,2016-12-01,2016,12,lat_menor_que_menos35,26100,21567.91821943241,-3514.749271288514,15877.211255028844,15150.470232071093,17451.68248953376
climatologia,A,2016-12-01,2016,12,lat_menos35_a_menos15,20880,43843.57623383317,10956.315403492714,21033.657945169543,39553.535789256945,18808.59412325443
climatologia,A,2016-12-01,2016,12,lat_maior_igual_menos15,31581,186730.63655646387,-29294.577006291598,54695.96882889047,185348.11130216473,31215.50842646724
controle,B,2017-01-01,2017,1,dominio_inteiro,78561,243771.1863318026,339.8777313721421,88580.87740431055,228705.27814554272,67475.78503925544
controle,B,2017-01-01,2017,1,lat_menor_que_menos35,26100,26075.43745169333,-8820.444481042592,17337.181433614045,18083.88755761847,17451.68248953376
controle,B,2017-01-01,2017,1,lat_menos35_a_menos15,20880,69942.13250169289,14849.602572432015,26321.61103229216,63814.484853930975,18808.59412325443
controle,B,2017-01-01,2017,1,lat_maior_igual_menos15,31581,147753.61637841642,-5689.280360017278,44922.084938404354,146806.90573399328,31215.50842646724
controle,B,2017-02-01,2017,2,dominio_inteiro,78561,289977.65135199943,-18470.372976050872,91890.35030156946,269581.84066146356,67475.78503925544
controle,B,2017-02-01,2017,2,lat_menor_que_menos35,26100,52190.16369658902,-9703.218231664352,24540.956850283426,37979.71130769084,17451.68248953376
controle,B,2017-02-01,2017,2,lat_menos35_a_menos15,20880,48034.09157313783,7659.439216767716,20557.11368619718,42874.80551817375,18808.59412325443
controle,B,2017-02-01,2017,2,lat_maior_igual_menos15,31581,189753.39608227258,-16426.593961154238,46792.27976508885,188727.32383559892,31215.50842646724
controle,B,2017-03-01,2017,3,dominio_inteiro,78561,240201.4998616077,-20964.228605661738,84157.76567326779,224173.3492989959,67475.78503925544
controle,B,2017-03-01,2017,3,lat_menor_que_menos35,26100,34476.72086183395,1780.9062651372528,22349.222519888073,23001.363690501577,17451.68248953376
controle,B,2017-03-01,2017,3,lat_menos35_a_menos15,20880,37068.32173756694,16.863579027664514,18424.865857496057,33278.788615848054,18808.59412325443
controle,B,2017-03-01,2017,3,lat_maior_igual_menos15,31581,168656.45726220685,-22761.998449826657,43383.67729588366,167893.19699264626,31215.50842646724
controle,B,2017-04-01,2017,4,dominio_inteiro,78561,168658.40968636662,-2329.8263127238138,77748.47034166193,150136.86630016682,67475.78503925544
controle,B,2017-04-01,2017,4,lat_menor_que_menos35,26100,46016.45340542323,-4610.14081300036,27064.044606475385,31316.91276788192,17451.68248953376
controle,B,2017-04-01,2017,4,lat_menos35_a_menos15,20880,30632.349798610885,-3037.6672183075725,16322.61262131945,27362.024364761208,18808.59412325443
controle,B,2017-04-01,2017,4,lat_maior_igual_menos15,31581,92009.6064823325,5317.981718584118,34361.813113867094,91457.92916752369,31215.50842646724
controle,B,2017-05-01,2017,5,dominio_inteiro,78561,263966.98853145674,-10554.280782509983,90338.97477788595,246350.10696677445,67475.78503925544
controle,B,2017-05-01,2017,5,lat_menor_que_menos35,26100,32207.752574872058,2473.88849429959,21092.725810506694,23333.633133316594,17451.68248953376
controle,B,2017-05-01,2017,5,lat_menos35_a_menos15,20880,66751.53133707403,-11529.79553529743,22607.79932250052,58958.41610958694,18808.59412325443
controle,B,2017-05-01,2017,5,lat_maior_igual_menos15,31581,165007.70461951068,-1498.373741512146,46638.44964487873,164058.0577238709,31215.50842646724
controle,B,2017-06-01,2017,6,dominio_inteiro,78561,212939.04057715027,-16710.597667088725,75113.78994572021,202081.8011954599,67475.78503925544
controle,B,2017-06-01,2017,6,lat_menor_que_menos35,26100,26293.21164913362,-7164.762488845496,19177.917784257632,19355.995985218746,17451.68248953376
controle,B,2017-06-01,2017,6,lat_menos35_a_menos15,20880,21019.203095082677,3872.8307979678657,14052.337053760892,18104.96908945399,18808.59412325443
controle,B,2017-06-01,2017,6,lat_maior_igual_menos15,31581,165626.625832934,-13418.665976211098,41883.5351077017,164620.83612078716,31215.50842646724
controle,B,2017-07-01,2017,7,dominio_inteiro,78561,301041.3984653294,-2065.905816032221,93400.76788540535,277457.33560997254,67475.78503925544
controle,B,2017-07-01,2017,7,lat_menor_que_menos35,26100,56983.24820168714,-3925.6187630189825,26758.52030407023,39996.13650034686,17451.68248953376
controle,B,2017-07-01,2017,7,lat_menos35_a_menos15,20880,39702.074215758745,15585.443675659344,19146.12022457533,34487.17644884919,18808.59412325443
controle,B,2017-07-01,2017,7,lat_maior_igual_menos15,31581,204356.07604788349,-13725.730728672585,47496.12735675978,202974.02266077645,31215.50842646724
controle,B,2017-08-01,2017,8,dominio_inteiro,78561,153826.1466760076,639.9638120428099,66597.08103755752,137407.23427862077,67475.78503925544
controle,B,2017-08-01,2017,8,lat_menor_que_menos35,26100,47169.2899517365,-12323.39810612757,24049.018522644987,33739.34292462757,17451.68248953376
controle,B,2017-08-01,2017,8,lat_menos35_a_menos15,20880,16894.72230739039,-2812.611649206611,10999.571521272965,14653.40978052964,18808.59412325443
controle,B,2017-08-01,2017,8,lat_maior_igual_menos15,31581,89762.13441688071,15775.973567376996,31548.49099363957,89014.48157346355,31215.50842646724
controle,B,2017-09-01,2017,9,dominio_inteiro,78561,230241.58461190914,-1654.983638035133,82077.33180180566,212452.84440330343,67475.78503925544
controle,B,2017-09-01,2017,9,lat_menor_que_menos35,26100,33220.46214192101,-6049.883249784642,20178.26196469904,22651.345937755697,17451.68248953376
controle,B,2017-09-01,2017,9,lat_menos35_a_menos15,20880,49923.880560453865,14404.407178239217,22120.39602800303,44144.69480517651,18808.59412325443
controle,B,2017-09-01,2017,9,lat_maior_igual_menos15,31581,147097.24190953426,-10009.507566489709,39778.6738091036,145656.80366037122,31215.50842646724
controle,B,2017-10-01,2017,10,dominio_inteiro,78561,246350.4062556716,-9398.835845330856,86515.10734581233,227272.8765746627,67475.78503925544
controle,B,2017-10-01,2017,10,lat_menor_que_menos35,26100,44014.80724542382,-14159.057705422401,22257.89489721977,31729.91659980161,17451.68248953376
controle,B,2017-10-01,2017,10,lat_menos35_a_menos15,20880,43173.65478475837,3659.1966788010805,20359.905046176318,38376.11140788085,18808.59412325443
controle,B,2017-10-01,2017,10,lat_maior_igual_menos15,31581,159161.9442254894,1101.0251812904662,43897.30740241624,157166.84856698022,31215.50842646724
controle,B,2017-11-01,2017,11,dominio_inteiro,78561,189930.46209666337,13069.737886407036,74004.21950231509,177780.72029806356,67475.78503925544
controle,B,2017-11-01,2017,11,lat_menor_que_menos35,26100,23494.055733856847,-4924.0864239965695,16353.80217620153,17164.083421079256,17451.68248953376
controle,B,2017-11-01,2017,11,lat_menos35_a_menos15,20880,39925.30052596933,1205.4614933545556,19537.399869575587,35227.46301133546,18808.59412325443
controle,B,2017-11-01,2017,11,lat_maior_igual_menos15,31581,126511.10583683722,16788.36281704905,38113.01745653797,125389.17386564886,31215.50842646724
controle,B,2017-12-01,2017,12,dominio_inteiro,78561,240670.2853548063,-7747.45225223503,77922.50860134936,226740.59683237347,67475.78503925544
controle,B,2017-12-01,2017,12,lat_menor_que_menos35,26100,13898.307144891847,875.484297903123,13347.309593571588,9605.60575145748,17451.68248953376
controle,B,2017-12-01,2017,12,lat_menos35_a_menos15,20880,107989.78226002766,-5037.769561581745,26890.54180999955,99249.3479153206,18808.59412325443
controle,B,2017-12-01,2017,12,lat_maior_igual_menos15,31581,118782.19594988684,-3585.1669885564065,37684.657197778215,117885.6431655954,31215.50842646724
controle,B,2018-01-01,2018,1,dominio_inteiro,78561,196812.8997516632,5344.173669856566,75535.35823229524,184663.0776478977,67475.78503925544
controle,B,2018-01-01,2018,1,lat_menor_que_menos35,26100,22476.346801841148,-2424.4299667899527,17090.649740209778,15406.204906049268,17451.68248953376
controle,B,2018-01-01,2018,1,lat_menos35_a_menos15,20880,41320.55421424445,-104.76842134813342,18765.267554461723,37219.689104098,18808.59412325443
controle,B,2018-01-01,2018,1,lat_maior_igual_menos15,31581,133015.9987355776,7873.372057994653,39679.44093762374,132037.18363775045,31215.50842646724
controle,B,2018-02-01,2018,2,dominio_inteiro,78561,452101.4228764947,-3683.87723338501,116043.28964408902,433804.1875281372,67475.78503925544
controle,B,2018-02-01,2018,2,lat_menor_que_menos35,26100,26643.522163145495,5364.865290706283,20663.356628121473,18944.895006862123,17451.68248953376
controle,B,2018-02-01,2018,2,lat_menos35_a_menos15,20880,102385.9108204518,-1880.8643166327906,30463.892407501964,93159.87405317408,18808.59412325443
controle,B,2018-02-01,2018,2,lat_maior_igual_menos15,31581,323071.9898928974,-7167.878207458501,64916.04060846558,321699.418468101,31215.50842646724
controle,B,2018-03-01,2018,3,dominio_inteiro,78561,255521.52760816232,21933.348639808566,89542.01589087055,236759.10925110063,67475.78503925544
controle,B,2018-03-01,2018,3,lat_menor_que_menos35,26100,38824.494937363044,-10136.471404040176,22100.386356652893,27198.821708147992,17451.68248953376
controle,B,2018-03-01,2018,3,lat_menos35_a_menos15,20880,62770.45078704353,4340.030034315915,23702.22869734802,56135.96691197826,18808.59412325443
controle,B,2018-03-01,2018,3,lat_maior_igual_menos15,31581,153926.58188375577,27729.790009532826,43739.400836869645,153424.3206309744,31215.50842646724
controle,B,2018-04-01,2018,4,dominio_inteiro,78561,256259.53436920178,1867.6461887716373,86993.54517838154,241290.51491528857,67475.78503925544
controle,B,2018-04-01,2018,4,lat_menor_que_menos35,26100,33889.3544974618,-6097.02385872024,20559.833731648432,23980.130906871906,17451.68248953376
controle,B,2018-04-01,2018,4,lat_menos35_a_menos15,20880,43671.436773472815,15605.235458343319,21007.509333141566,39136.877170403364,18808.59412325443
controle,B,2018-04-01,2018,4,lat_maior_igual_menos15,31581,178698.74309826712,-7640.565410851443,45426.20211359154,178173.50683801333,31215.50842646724
controle,B,2018-05-01,2018,5,dominio_inteiro,78561,507854.16199559544,-19753.07900589092,100214.80378781832,495108.7930911354,67475.78503925544
controle,B,2018-05-01,2018,5,lat_menor_que_menos35,26100,26959.093669156726,-4453.962169443464,18593.100784260605,19774.17937842252,17451.68248953376
controle,B,2018-05-01,2018,5,lat_menos35_a_menos15,20880,37174.474777086034,4698.524451290812,18731.04884538197,32514.523743165253,18808.59412325443
controle,B,2018-05-01,2018,5,lat_maior_igual_menos15,31581,443720.5935493527,-19997.64128773827,62890.65415817575,442820.08996954764,31215.50842646724
controle,B,2018-06-01,2018,6,dominio_inteiro,78561,236826.31283636598,8304.93574415797,75039.58842859023,228600.53488680627,67475.78503925544
controle,B,2018-06-01,2018,6,lat_menor_que_menos35,26100,20200.358556258478,-664.3076638414132,16668.785825731786,14442.603610877142,17451.68248953376
controle,B,2018-06-01,2018,6,lat_menos35_a_menos15,20880,11678.869816734565,7255.492029473653,11400.935629868296,10228.57053680676,18808.59412325443
controle,B,2018-06-01,2018,6,lat_maior_igual_menos15,31581,204947.08446337294,1713.7513785257354,46969.86697299014,203929.36073912238,31215.50842646724
controle,B,2018-07-01,2018,7,dominio_inteiro,78561,148302.55760154777,3198.457215964617,64618.46401990033,137685.8944713515,67475.78503925544
controle,B,2018-07-01,2018,7,lat_menor_que_menos35,26100,23989.406995394536,4802.863093755262,17992.205712888688,17349.153054647693,17451.68248953376
controle,B,2018-07-01,2018,7,lat_menos35_a_menos15,20880,25966.398218538212,-3138.4273047764814,14649.277456788677,22590.77912855935,18808.59412325443
controle,B,2018-07-01,2018,7,lat_maior_igual_menos15,31581,98346.75238761504,1534.0214269858375,31976.980850222964,97745.96228814445,31215.50842646724
controle,B,2018-08-01,2018,8,dominio_inteiro,78561,159624.70695359135,3574.134182292831,64505.864821071606,148455.9301627108,67475.78503925544
controle,B,2018-08-01,2018,8,lat_menor_que_menos35,26100,23921.546349159136,1623.46248663305,18890.228360453035,16365.87671901921,17451.68248953376
controle,B,2018-08-01,2018,8,lat_menos35_a_menos15,20880,26482.04715269014,-4261.8047469887315,15131.515144319514,23748.192824660684,18808.59412325443
controle,B,2018-08-01,2018,8,lat_maior_igual_menos15,31581,109221.11345174206,6212.476442648512,30484.121316299053,108341.86061903091,31215.50842646724
controle,B,2018-09-01,2018,9,dominio_inteiro,78561,166299.4271182162,-8297.068891546,70380.13403304237,151141.77106993648,67475.78503925544
controle,B,2018-09-01,2018,9,lat_menor_que_menos35,26100,39256.7773809357,-7705.952696508352,22502.775950767886,28201.493181634705,17451.68248953376
controle,B,2018-09-01,2018,9,lat_menos35_a_menos15,20880,30003.867664637255,-3809.1019840990934,14973.30881445546,26708.34840791939,18808.59412325443
controle,B,2018-09-01,2018,9,lat_maior_igual_menos15,31581,97038.78207264325,3217.9857890614467,32904.04926781903,96231.9294803824,31215.50842646724
controle,B,2018-10-01,2018,10,dominio_inteiro,78561,222633.8914888086,-4358.481865545117,73340.19542411232,212061.11540924542,67475.78503925544
controle,B,2018-10-01,2018,10,lat_menor_que_menos35,26100,20090.391149368927,63.24195692187129,16095.116471161826,14318.634910523688,17451.68248953376
controle,B,2018-10-01,2018,10,lat_menos35_a_menos15,20880,31567.568215841384,-7681.222987829652,16807.500179133,28268.24523517655,18808.59412325443
controle,B,2018-10-01,2018,10,lat_maior_igual_menos15,31581,170975.93212359824,3259.499165362662,40437.578773817484,169474.23526354518,31215.50842646724
controle,B,2018-11-01,2018,11,dominio_inteiro,78561,311560.7058704267,-32344.312687656213,92678.05836419875,298959.30560104444,67475.78503925544
controle,B,2018-11-01,2018,11,lat_menor_que_menos35,26100,25325.009540446255,-10684.61905632246,18300.798041371807,18244.952699574962,17451.68248953376
controle,B,2018-11-01,2018,11,lat_menos35_a_menos15,20880,46233.68238985601,740.4417125237997,19691.039863815648,42534.712440378105,18808.59412325443
controle,B,2018-11-01,2018,11,lat_maior_igual_menos15,31581,240002.01394012442,-22400.13534385755,54686.220459011296,238179.64046109136,31215.50842646724
controle,B,2018-12-01,2018,12,dominio_inteiro,78561,407856.0762297043,18384.102552502038,109723.03062245194,394973.9577542144,67475.78503925544
controle,B,2018-12-01,2018,12,lat_menor_que_menos35,26100,17246.917986762237,4535.55927790323,16280.697468901297,12087.335534407983,17451.68248953376
controle,B,2018-12-01,2018,12,lat_menos35_a_menos15,20880,67812.61891138,13612.151899521254,26060.073718831296,61480.724471102745,18808.59412325443
controle,B,2018-12-01,2018,12,lat_maior_igual_menos15,31581,322796.5393315621,236.39137507755368,67382.25943471935,321405.89774870366,31215.50842646724
sst_8pcs,B,2017-01-01,2017,1,dominio_inteiro,78561,243675.56777474348,19.356016786673536,88413.98801020774,228587.91824854797,67475.78503925544
sst_8pcs,B,2017-01-01,2017,1,lat_menor_que_menos35,26100,26467.21266005464,-8854.268308569124,17420.59988929688,18362.001264112852,17451.68248953376
sst_8pcs,B,2017-01-01,2017,1,lat_menos35_a_menos15,20880,68586.01280452679,14563.097935065985,26022.30481532059,62553.500110131135,18808.59412325443
sst_8pcs,B,2017-01-01,2017,1,lat_maior_igual_menos15,31581,148622.3423101621,-5689.473609710186,44971.08330559029,147672.41687430395,31215.50842646724
sst_8pcs,B,2017-02-01,2017,2,dominio_inteiro,78561,292801.3774365004,-20516.21831103428,91777.80869632038,272122.24995675456,67475.78503925544
sst_8pcs,B,2017-02-01,2017,2,lat_menor_que_menos35,26100,53949.75621600087,-10854.417057228588,24824.9214271523,39273.81972899566,17451.68248953376
sst_8pcs,B,2017-02-01,2017,2,lat_menos35_a_menos15,20880,46528.81520870044,7299.891363708596,20203.645637756224,41541.65721446315,18808.59412325443
sst_8pcs,B,2017-02-01,2017,2,lat_maior_igual_menos15,31581,192322.8060117992,-16961.692617514294,46749.24163141185,191306.77301329572,31215.50842646724
sst_8pcs,B,2017-03-01,2017,3,dominio_inteiro,78561,233082.19684771026,-15299.781940570881,83350.9256089957,216698.31367526908,67475.78503925544
sst_8pcs,B,2017-03-01,2017,3,lat_menor_que_menos35,26100,35170.9864757962,2538.842708231417,22553.85788059407,23392.297367075535,17451.68248953376
sst_8pcs,B,2017-03-01,2017,3,lat_menos35_a_menos15,20880,37480.24247673687,710.9368814609085,18569.366094854933,33630.717110713944,18808.59412325443
sst_8pcs,B,2017-03-01,2017,3,lat_maior_igual_menos15,31581,160430.96789517716,-18549.561530263207,42227.70163354671,159675.29919747956,31215.50842646724
sst_8pcs,B,2017-04-01,2017,4,dominio_inteiro,78561,173532.62477298785,1939.6496619893462,79040.51969027557,154760.3959681178,67475.78503925544
sst_8pcs,B,2017-04-01,2017,4,lat_menor_que_menos35,26100,46417.04213093171,-3869.902091622213,27272.140775669726,31535.73982711467,17451.68248953376
sst_8pcs,B,2017-04-01,2017,4,lat_menos35_a_menos15,20880,31116.76561235799,-3239.167997508558,16435.263088071282,27781.48730798112,18808.59412325443
sst_8pcs,B,2017-04-01,2017,4,lat_maior_igual_menos15,31581,95998.81702969814,9048.71975112012,35333.11582653456,95443.16883302206,31215.50842646724
sst_8pcs,B,2017-05-01,2017,5,dominio_inteiro,78561,263364.1737808311,-8223.09470044022,90361.22057775452,245801.8247470507,67475.78503925544
sst_8pcs,B,2017-05-01,2017,5,lat_menor_que_menos35,26100,32387.739930331274,3906.004053661465,21250.979361269223,23500.044286103584,17451.68248953376
sst_8pcs,B,2017-05-01,2017,5,lat_menos35_a_menos15,20880,66275.69903090133,-11081.912047637807,22526.38350411585,58539.5588061449,18808.59412325443
sst_8pcs,B,2017-05-01,2017,5,lat_maior_igual_menos15,31581,164700.7348195985,-1047.186706463881,46583.85771236944,163762.2216548022,31215.50842646724
sst_8pcs,B,2017-06-01,2017,6,dominio_inteiro,78561,208479.48004448388,-15996.404173218758,74305.61157003157,197900.93400562412,67475.78503925544
sst_8pcs,B,2017-06-01,2017,6,lat_menor_que_menos35,26100,25739.77564956563,-6509.62517124763,18979.483264679086,18956.090762385287,17451.68248953376
sst_8pcs,B,2017-06-01,2017,6,lat_menos35_a_menos15,20880,20185.98233354229,3340.743666962503,13736.597187893227,17374.93606689272,18808.59412325443
sst_8pcs,B,2017-06-01,2017,6,lat_maior_igual_menos15,31581,162553.72206137597,-12827.52266893363,41589.531117459264,161569.9071763461,31215.50842646724
sst_8pcs,B,2017-07-01,2017,7,dominio_inteiro,78561,304418.49630451266,-3811.092082398962,93991.64896085678,280360.0160668863,67475.78503925544
sst_8pcs,B,2017-07-01,2017,7,lat_menor_que_menos35,26100,58314.947554366576,-4718.22057097091,27038.38576319534,40879.12318513039,17451.68248953376
sst_8pcs,B,2017-07-01,2017,7,lat_menos35_a_menos15,20880,39837.81076486244,15260.403068447,19172.020097613535,34597.4902561959,18808.59412325443
sst_8pcs,B,2017-07-01,2017,7,lat_maior_igual_menos15,31581,206265.73798528366,-14353.274579875057,47781.243100047905,204883.40262556006,31215.50842646724
sst_8pcs,B,2017-08-01,2017,8,dominio_inteiro,78561,151592.20128784704,-5066.302788438683,66140.71545597778,133827.0322462541,67475.78503925544
sst_8pcs,B,2017-08-01,2017,8,lat_menor_que_menos35,26100,51275.3499825787,-14250.533265050093,24741.799202946797,36640.57646966119,17451.68248953376
sst_8pcs,B,2017-08-01,2017,8,lat_menos35_a_menos15,20880,18148.28365723277,-3540.5046681802532,11289.811160244833,15725.573515565562,18808.59412325443
sst_8pcs,B,2017-08-01,2017,8,lat_maior_igual_menos15,31581,82168.56764803558,12724.735144791663,30109.105092786158,81460.88226102735,31215.50842646724
sst_8pcs,B,2017-09-01,2017,9,dominio_inteiro,78561,233734.21057802747,-5646.905715650878,82335.95259678793,215742.9189722853,67475.78503925544
sst_8pcs,B,2017-09-01,2017,9,lat_menor_que_menos35,26100,34249.80852282399,-6928.471945102149,20415.660817728894,23375.360781943324,17451.68248953376
sst_8pcs,B,2017-09-01,2017,9,lat_menos35_a_menos15,20880,48100.181789487404,13332.534267524043,21737.98377086054,42463.274279718884,18808.59412325443
sst_8pcs,B,2017-09-01,2017,9,lat_maior_igual_menos15,31581,151384.2202657161,-12050.968038072773,40182.3080081985,149904.28391062308,31215.50842646724
sst_8pcs,B,2017-10-01,2017,10,dominio_inteiro,78561,249558.8720542869,-12623.950864067283,86957.31994804695,230130.79020972725,67475.78503925544
sst_8pcs,B,2017-10-01,2017,10,lat_menor_que_menos35,26100,45308.271309952455,-14853.169858244717,22567.852350284684,32782.115078308656,17451.68248953376
sst_8pcs,B,2017-10-01,2017,10,lat_menos35_a_menos15,20880,43498.94318909618,2744.6952381424094,20312.001663704432,38623.82056789166,18808.59412325443
sst_8pcs,B,2017-10-01,2017,10,lat_maior_igual_menos15,31581,160751.6575552383,-515.4762439649735,44077.46593405783,158724.85456352693,31215.50842646724
sst_8pcs,B,2017-11-01,2017,11,dominio_inteiro,78561,189358.2143322198,9470.21390722957,73706.42032377965,176805.7223116965,67475.78503925544
sst_8pcs,B,2017-11-01,2017,11,lat_menor_que_menos35,26100,24267.46680930939,-5360.338673451648,16545.482820391924,17737.637892381976,17451.68248953376
sst_8pcs,B,2017-11-01,2017,11,lat_menos35_a_menos15,20880,41180.96227916336,-355.75003148262886,19777.51109660309,36260.47574493585,18808.59412325443
sst_8pcs,B,2017-11-01,2017,11,lat_maior_igual_menos15,31581,123909.78524374704,15186.302612163847,37383.42640678462,122807.60867437867,31215.50842646724
sst_8pcs,B,2017-12-01,2017,12,dominio_inteiro,78561,239911.62157806216,-10986.054014149819,77661.87648390025,226190.8719020432,67475.78503925544
sst_8pcs,B,2017-12-01,2017,12,lat_menor_que_menos35,26100,13585.630427271295,749.749227387699,13229.688412997746,9397.930356455574,17451.68248953376
sst_8pcs,B,2017-12-01,2017,12,lat_menos35_a_menos15,20880,107095.74373335742,-5778.435283884139,26872.80972460281,98478.06396380205,18808.59412325443
sst_8pcs,B,2017-12-01,2017,12,lat_maior_igual_menos15,31581,119230.24741743343,-5957.367957653378,37559.37834629969,118314.87758178556,31215.50842646724
sst_8pcs,B,2018-01-01,2018,1,dominio_inteiro,78561,197482.14411935446,7151.507237795682,75592.57672516904,185730.99084868428,67475.78503925544
sst_8pcs,B,2018-01-01,2018,1,lat_menor_que_menos35,26100,21518.375228113262,-1397.0984511098861,17010.472953917088,14832.600012826111,17451.68248953376
sst_8pcs,B,2018-01-01,2018,1,lat_menos35_a_menos15,20880,40553.185642028206,81.25402518844203,18472.92081973005,36488.8123284567,18808.59412325443
sst_8pcs,B,2018-01-01,2018,1,lat_maior_igual_menos15,31581,135410.583249213,8467.351663717127,40109.1829515219,134409.57850740146,31215.50842646724
sst_8pcs,B,2018-02-01,2018,2,dominio_inteiro,78561,448735.0774736114,-992.0516108945196,115669.90238762362,430504.575844276,67475.78503925544
sst_8pcs,B,2018-02-01,2018,2,lat_menor_que_menos35,26100,26711.610433305315,5617.799180508829,20713.281158279333,19002.918983775082,17451.68248953376
sst_8pcs,B,2018-02-01,2018,2,lat_menos35_a_menos15,20880,101095.80598687053,-1046.7397067420475,30443.664861275287,91868.97824211532,18808.59412325443
sst_8pcs,B,2018-02-01,2018,2,lat_maior_igual_menos15,31581,320927.66105343564,-5563.111084661298,64512.956368069004,319632.67861838563,31215.50842646724
sst_8pcs,B,2018-03-01,2018,3,dominio_inteiro,78561,247519.35496295418,20388.04342264423,88428.68764105921,228524.54402972307,67475.78503925544
sst_8pcs,B,2018-03-01,2018,3,lat_menor_que_menos35,26100,39626.172458667534,-10094.93036376493,22116.64167037757,27757.91211526486,17451.68248953376
sst_8pcs,B,2018-03-01,2018,3,lat_menos35_a_menos15,20880,62547.03391051912,3723.8185007378024,23585.25689145612,55904.72574702642,18808.59412325443
sst_8pcs,B,2018-03-01,2018,3,lat_maior_igual_menos15,31581,145346.14859376755,26759.155285671357,42726.78907922552,144861.90616743182,31215.50842646724
sst_8pcs,B,2018-04-01,2018,4,dominio_inteiro,78561,247953.69689792432,836.6040393967355,85922.93017250353,232945.69100725782,67475.78503925544
sst_8pcs,B,2018-04-01,2018,4,lat_menor_que_menos35,26100,34323.85582405422,-6047.179916364876,20532.198870954267,24246.13946954994,17451.68248953376
sst_8pcs,B,2018-04-01,2018,4,lat_menos35_a_menos15,20880,42307.90832036334,15270.195766944933,20704.045167174052,37888.60426092449,18808.59412325443
sst_8pcs,B,2018-04-01,2018,4,lat_maior_igual_menos15,31581,171321.93275350676,-8386.411811183323,44686.6861343752,170810.94727678344,31215.50842646724
sst_8pcs,B,2018-05-01,2018,5,dominio_inteiro,78561,507907.4549639994,-19590.661880986343,100275.08256302656,495103.7784720465,67475.78503925544
sst_8pcs,B,2018-05-01,2018,5,lat_menor_que_menos35,26100,26505.813464784824,-3717.884439465796,18557.847832746786,19429.257865837157,17451.68248953376
sst_8pcs,B,2018-05-01,2018,5,lat_menos35_a_menos15,20880,38228.955395990044,4288.933923640845,18797.545254125453,33408.1542424296,18808.59412325443
sst_8pcs,B,2018-05-01,2018,5,lat_maior_igual_menos15,31581,443172.6861032245,-20161.711365161394,62919.68947615432,442266.36636377976,31215.50842646724
sst_8pcs,B,2018-06-01,2018,6,dominio_inteiro,78561,219449.23249774234,9094.278874701738,72696.28485777536,211361.45496622912,67475.78503925544
sst_8pcs,B,2018-06-01,2018,6,lat_menor_que_menos35,26100,20264.858635110395,-110.47931101010909,16800.662002163353,14455.023499792076,17451.68248953376
sst_8pcs,B,2018-06-01,2018,6,lat_menos35_a_menos15,20880,10953.156747967161,6862.078198701028,10968.998009727062,9594.277880996216,18808.59412325443
sst_8pcs,B,2018-06-01,2018,6,lat_maior_igual_menos15,31581,188231.2171146648,2342.6799870108252,44926.62484588494,187312.15358544077,31215.50842646724
sst_8pcs,B,2018-07-01,2018,7,dominio_inteiro,78561,145902.60756012745,7242.563844614602,64559.20667809644,134810.27393484005,67475.78503925544
sst_8pcs,B,2018-07-01,2018,7,lat_menor_que_menos35,26100,26264.138412104392,5664.006454954909,18490.71539340625,18949.240839315178,17451.68248953376
sst_8pcs,B,2018-07-01,2018,7,lat_menos35_a_menos15,20880,24619.795795728176,-2742.471970326014,14249.1597699412,21428.186804950692,18808.59412325443
sst_8pcs,B,2018-07-01,2018,7,lat_maior_igual_menos15,31581,95018.6733522949,4321.029359985708,31819.331514748985,94432.84629057418,31215.50842646724
sst_8pcs,B,2018-08-01,2018,8,dominio_inteiro,78561,158416.7389426151,7002.502336790647,64645.356844839735,147525.76751374576,67475.78503925544
sst_8pcs,B,2018-08-01,2018,8,lat_menor_que_menos35,26100,23273.987189644824,2644.9331632488847,18813.57212665427,15997.683663278916,17451.68248953376
sst_8pcs,B,2018-08-01,2018,8,lat_menos35_a_menos15,20880,26579.45034015951,-4227.446433830926,15186.980387285319,23830.12877296299,18808.59412325443
sst_8pcs,B,2018-08-01,2018,8,lat_maior_igual_menos15,31581,108563.30141281078,8585.015607372688,30644.80433090014,107697.95507750384,31215.50842646724
sst_8pcs,B,2018-09-01,2018,9,dominio_inteiro,78561,166390.894813588,-5780.981806596023,70218.71745061707,151788.99346737406,67475.78503925544
sst_8pcs,B,2018-09-01,2018,9,lat_menor_que_menos35,26100,37108.01809338386,-6225.29770932961,21955.461289953342,26729.29071346254,17451.68248953376
sst_8pcs,B,2018-09-01,2018,9,lat_menos35_a_menos15,20880,31052.439102364664,-4456.348447394777,15060.506693106661,27646.436886770494,18808.59412325443
sst_8pcs,B,2018-09-01,2018,9,lat_maior_igual_menos15,31581,98230.43761783949,4900.664350128364,33202.74946755706,97413.26586714105,31215.50842646724
sst_8pcs,B,2018-10-01,2018,10,dominio_inteiro,78561,225997.2301263731,-2958.389094473381,73969.15662199465,215321.30496963227,67475.78503925544
sst_8pcs,B,2018-10-01,2018,10,lat_menor_que_menos35,26100,19879.449164916765,1511.9815873043794,16228.719484156545,14122.497900168748,17451.68248953376
sst_8pcs,B,2018-10-01,2018,10,lat_menos35_a_menos15,20880,33012.0504659339,-8729.78418692775,17250.83269773866,29575.626641715477,18808.59412325443
sst_8pcs,B,2018-10-01,2018,10,lat_maior_igual_menos15,31581,173105.73049552244,4259.413505149989,40489.60444009944,171623.18042774807,31215.50842646724
sst_8pcs,B,2018-11-01,2018,11,dominio_inteiro,78561,316819.7338546354,-34652.86776134612,93483.48058252266,304066.98075338686,67475.78503925544
sst_8pcs,B,2018-11-01,2018,11,lat_menor_que_menos35,26100,25433.956590473463,-10293.179319367593,18404.45382742504,18322.858160192227,17451.68248953376
sst_8pcs,B,2018-11-01,2018,11,lat_menos35_a_menos15,20880,47623.81484283354,-917.7389910397039,19708.01391199005,43839.08881000923,18808.59412325443
sst_8pcs,B,2018-11-01,2018,11,lat_maior_igual_menos15,31581,243761.96242132838,-23441.949450938817,55371.01284310757,241905.03378318544,31215.50842646724
sst_8pcs,B,2018-12-01,2018,12,dominio_inteiro,78561,418667.6225143675,18564.17441735648,110102.6537393651,405505.2808481553,67475.78503925544
sst_8pcs,B,2018-12-01,2018,12,lat_menor_que_menos35,26100,18230.792016798678,4657.557547474222,16572.716780288232,12736.128532747787,17451.68248953376
sst_8pcs,B,2018-12-01,2018,12,lat_menos35_a_menos15,20880,66725.03749109524,13498.274758738844,25864.646386560336,60466.14798280415,18808.59412325443
sst_8pcs,B,2018-12-01,2018,12,lat_maior_igual_menos15,31581,333711.79300647357,408.3421111434145,67665.29057251652,332303.00433260336,31215.50842646724
climatologia,B,2017-01-01,2017,1,dominio_inteiro,78561,265153.86003862426,-11815.83213771705,92527.29926201876,248961.199792326,67475.78503925544
climatologia,B,2017-01-01,2017,1,lat_menor_que_menos35,26100,28874.531920237725,-9488.122841708362,17428.369055338204,19932.711210133664,17451.68248953376
climatologia,B,2017-01-01,2017,1,lat_menos35_a_menos15,20880,69766.07171788395,14042.209896327811,26341.994990358013,63492.15115488792,18808.59412325443
climatologia,B,2017-01-01,2017,1,lat_maior_igual_menos15,31581,166513.25640050258,-16369.9191923365,48756.93521632254,165536.33742730442,31215.50842646724
climatologia,B,2017-02-01,2017,2,dominio_inteiro,78561,352381.35063382523,-27246.10316254024,99125.5923201096,332142.90027211234,67475.78503925544
climatologia,B,2017-02-01,2017,2,lat_menor_que_menos35,26100,52455.413288914686,-9765.776393309236,24744.541235163808,38094.63752391028,17451.68248953376
climatologia,B,2017-02-01,2017,2,lat_menos35_a_menos15,20880,44739.93538900235,7808.395015144604,20195.92323655903,39983.018574456,18808.59412325443
climatologia,B,2017-02-01,2017,2,lat_maior_igual_menos15,31581,255186.00195590823,-25288.721784375608,54185.127848386765,254065.244173746,31215.50842646724
climatologia,B,2017-03-01,2017,3,dominio_inteiro,78561,295488.1692790766,-25739.46726258844,90566.17850663513,278755.86150793557,67475.78503925544
climatologia,B,2017-03-01,2017,3,lat_menor_que_menos35,26100,36456.44340417866,533.5766760408878,22617.617451161146,24340.980425729318,17451.68248953376
climatologia,B,2017-03-01,2017,3,lat_menos35_a_menos15,20880,37504.61197976896,-221.27673146501184,18330.727984216064,33893.083634744755,18808.59412325443
climatologia,B,2017-03-01,2017,3,lat_maior_igual_menos15,31581,221527.11389512903,-26051.767207164317,49617.83307125792,220521.79744746146,31215.50842646724
climatologia,B,2017-04-01,2017,4,dominio_inteiro,78561,171289.97997201423,-2017.9720057258382,77723.51284177229,153108.2376115548,67475.78503925544
climatologia,B,2017-04-01,2017,4,lat_menor_que_menos35,26100,45145.637586652425,-4480.020628601313,26570.534740000963,30914.67220634873,17451.68248953376
climatologia,B,2017-04-01,2017,4,lat_menos35_a_menos15,20880,32259.77823081058,-4016.509031219408,16619.217527656816,28878.075301882203,18808.59412325443
climatologia,B,2017-04-01,2017,4,lat_maior_igual_menos15,31581,93884.56415455126,6478.557654094882,34533.76057411451,93315.49010332387,31215.50842646724
climatologia,B,2017-05-01,2017,5,dominio_inteiro,78561,246902.3459844724,-14694.863255612552,86897.58603209257,229318.80285406092,67475.78503925544
climatologia,B,2017-05-01,2017,5,lat_menor_que_menos35,26100,34522.678794003616,486.4438464641571,21290.25344133377,24936.29388534369,17451.68248953376
climatologia,B,2017-05-01,2017,5,lat_menos35_a_menos15,20880,60799.69863078571,-10892.941920403391,21937.208039961755,53693.742822486485,18808.59412325443
climatologia,B,2017-05-01,2017,5,lat_maior_igual_menos15,31581,151579.9685596831,-4288.365181673318,43670.124550797045,150688.76614623074,31215.50842646724
climatologia,B,2017-06-01,2017,6,dominio_inteiro,78561,218008.96772811172,-19143.41622293042,75416.0427167411,206987.07183898354,67475.78503925544
climatologia,B,2017-06-01,2017,6,lat_menor_que_menos35,26100,26420.532014547,-8288.25672006607,19206.098320961,19369.651169443892,17451.68248953376
climatologia,B,2017-06-01,2017,6,lat_menos35_a_menos15,20880,20382.823999967928,2826.3931277561933,13950.03456860967,17550.590838003794,18808.59412325443
climatologia,B,2017-06-01,2017,6,lat_maior_igual_menos15,31581,171205.61171359677,-13681.552630620543,42259.90982717043,170066.82983153584,31215.50842646724
climatologia,B,2017-07-01,2017,7,dominio_inteiro,78561,341200.96849592746,-4610.852165881544,99673.39693460241,315846.117061214,67475.78503925544
climatologia,B,2017-07-01,2017,7,lat_menor_que_menos35,26100,59149.60264439894,-4594.132374346256,27454.390453398228,41412.41568946236,17451.68248953376
climatologia,B,2017-07-01,2017,7,lat_menos35_a_menos15,20880,46755.86875348284,17489.196147273295,21063.865538763814,40716.86167693624,18808.59412325443
climatologia,B,2017-07-01,2017,7,lat_maior_igual_menos15,31581,235295.49709804563,-17505.915938808583,51155.14094244037,233716.83969481543,31215.50842646724
climatologia,B,2017-08-01,2017,8,dominio_inteiro,78561,152969.04679236567,-4626.983887849608,67185.81749581802,134065.66227697962,67475.78503925544
climatologia,B,2017-08-01,2017,8,lat_menor_que_menos35,26100,54757.91137818964,-15034.492233514786,24971.14463043213,38963.73747987684,17451.68248953376
climatologia,B,2017-08-01,2017,8,lat_menos35_a_menos15,20880,17978.872961728513,-1882.032593972981,11640.909896172583,15566.578397500602,18808.59412325443
climatologia,B,2017-08-01,2017,8,lat_maior_igual_menos15,31581,80232.26245244751,12289.540939638158,30573.762969213305,79535.34639960219,31215.50842646724
climatologia,B,2017-09-01,2017,9,dominio_inteiro,78561,252545.21277728747,-5324.051452637184,85957.01602147426,232550.38762781568,67475.78503925544
climatologia,B,2017-09-01,2017,9,lat_menor_que_menos35,26100,37744.43133929741,-8551.46613496542,21157.194396436214,25604.006490760225,17451.68248953376
climatologia,B,2017-09-01,2017,9,lat_menos35_a_menos15,20880,54327.51965205774,15584.723145144992,23265.843319722917,48039.565994726465,18808.59412325443
climatologia,B,2017-09-01,2017,9,lat_maior_igual_menos15,31581,160473.26178593232,-12357.308462816756,41533.97830531513,158906.815142329,31215.50842646724
climatologia,B,2017-10-01,2017,10,dominio_inteiro,78561,263069.62800755206,-15733.079236384976,90006.35184952125,242412.1288469562,67475.78503925544
climatologia,B,2017-10-01,2017,10,lat_menor_que_menos35,26100,48471.770486545734,-16449.495368510485,23507.31167808175,34842.84354711331,17451.68248953376
climatologia,B,2017-10-01,2017,10,lat_menos35_a_menos15,20880,44357.23397572558,4172.414287564781,20898.99393602155,39468.6140360963,18808.59412325443
climatologia,B,2017-10-01,2017,10,lat_maior_igual_menos15,31581,170240.62354528075,-3455.9981554392725,45600.04623541795,168100.6712637466,31215.50842646724
climatologia,B,2017-11-01,2017,11,dominio_inteiro,78561,196351.41239903815,8226.92618208305,75008.99795421746,183202.75331577373,67475.78503925544
climatologia,B,2017-11-01,2017,11,lat_menor_que_menos35,26100,26796.02093510073,-5162.82338398695,17268.532030940056,19531.521723097016,17451.68248953376
climatologia,B,2017-11-01,2017,11,lat_menos35_a_menos15,20880,39344.3004498949,398.67602987513965,19262.142518056287,34554.804085781114,18808.59412325443
climatologia,B,2017-11-01,2017,11,lat_maior_igual_menos15,31581,130211.09101404255,12991.073536194861,38478.323405221105,129116.4275068956,31215.50842646724
climatologia,B,2017-12-01,2017,12,dominio_inteiro,78561,249446.15754339646,-8851.291579006938,79422.28268613038,235377.11900112728,67475.78503925544
climatologia,B,2017-12-01,2017,12,lat_menor_que_menos35,26100,13840.048578571095,967.6903044432402,13509.844555661082,9581.865745208463,17451.68248953376
climatologia,B,2017-12-01,2017,12,lat_menos35_a_menos15,20880,108728.23384222154,-3976.2696882511955,27533.20678527397,99858.52670156972,18808.59412325443
climatologia,B,2017-12-01,2017,12,lat_maior_igual_menos15,31581,126877.87512260381,-5842.712195198983,38379.23134519532,125936.72655434908,31215.50842646724
climatologia,B,2018-01-01,2018,1,dominio_inteiro,78561,207901.64231984114,-2381.915092123789,78143.9618286899,195195.31750364092,67475.78503925544
climatologia,B,2018-01-01,2018,1,lat_menor_que_menos35,26100,22998.811355023856,-2990.9199684783816,17396.052200950682,15774.310213974046,17451.68248953376
climatologia,B,2018-01-01,2018,1,lat_menos35_a_menos15,20880,44596.61280258888,556.0353128927527,19706.959826517734,40234.785833308764,18808.59412325443
climatologia,B,2018-01-01,2018,1,lat_maior_igual_menos15,31581,140306.2181622284,52.96956346184015,41040.94980122149,139186.2214563581,31215.50842646724
climatologia,B,2018-02-01,2018,2,dominio_inteiro,78561,409152.5196886454,-10002.737874759478,110011.22340769891,391865.75151912693,67475.78503925544
climatologia,B,2018-02-01,2018,2,lat_menor_que_menos35,26100,26286.875455185826,4522.032978639007,20467.22005482018,18626.863006719046,17451.68248953376
climatologia,B,2018-02-01,2018,2,lat_menos35_a_menos15,20880,91106.92172040703,52.10076465632301,29461.260044975323,82610.56931220816,18808.59412325443
climatologia,B,2018-02-01,2018,2,lat_maior_igual_menos15,31581,291758.72251305246,-14576.871618054807,60082.74330790341,290628.31920019974,31215.50842646724
climatologia,B,2018-03-01,2018,3,dominio_inteiro,78561,224225.54644120566,16564.384818710387,86631.42034820467,202871.49184462632,67475.78503925544
climatologia,B,2018-03-01,2018,3,lat_menor_que_menos35,26100,45528.576224869685,-13007.246306747198,23778.297769099474,31490.989215694965,17451.68248953376
climatologia,B,2018-03-01,2018,3,lat_menos35_a_menos15,20880,63162.72896151083,5466.683893229812,23835.664335723966,56314.483563867085,18808.59412325443
climatologia,B,2018-03-01,2018,3,lat_maior_igual_menos15,31581,115534.24125482512,24104.947232227772,39017.45824338123,115066.01906506429,31215.50842646724
climatologia,B,2018-04-01,2018,4,dominio_inteiro,78561,292187.6166449332,-5372.469915271737,91821.85548223276,275149.68697543617,67475.78503925544
climatologia,B,2018-04-01,2018,4,lat_menor_que_menos35,26100,37623.94087284049,-8080.473051697016,21447.839502424,26323.96419570089,17451.68248953376
climatologia,B,2018-04-01,2018,4,lat_menos35_a_menos15,20880,47984.34300619953,15541.070009307936,21303.889044232666,42766.92070990237,18808.59412325443
climatologia,B,2018-04-01,2018,4,lat_maior_igual_menos15,31581,206579.33276589317,-12833.066872882657,49070.12693557609,206058.8020698329,31215.50842646724
climatologia,B,2018-05-01,2018,5,dominio_inteiro,78561,549095.7939787448,-20850.323613278568,105341.94690451212,535803.9513680092,67475.78503925544
climatologia,B,2018-05-01,2018,5,lat_menor_que_menos35,26100,27956.088112991816,-5540.432603120804,18931.63858151436,20509.018305681933,17451.68248953376
climatologia,B,2018-05-01,2018,5,lat_menos35_a_menos15,20880,38551.59516535451,4577.620060797781,19029.703769709915,33692.73526072831,18808.59412325443
climatologia,B,2018-05-01,2018,5,lat_maior_igual_menos15,31581,482588.1107003984,-19887.511070955545,67380.60455328785,481602.19780159905,31215.50842646724
climatologia,B,2018-06-01,2018,6,dominio_inteiro,78561,211435.19103281788,13623.21204245044,73244.69010648923,202937.45748809178,67475.78503925544
climatologia,B,2018-06-01,2018,6,lat_menor_que_menos35,26100,21339.63373299547,-254.67594003677368,16857.436897039413,15315.247487994584,17451.68248953376
climatologia,B,2018-06-01,2018,6,lat_menos35_a_menos15,20880,11685.685247578964,7532.646179514006,11344.216291246936,10240.47585443877,18808.59412325443
climatologia,B,2018-06-01,2018,6,lat_maior_igual_menos15,31581,178409.87205224342,6345.241802973207,45043.03691820288,177381.7341456584,31215.50842646724
climatologia,B,2018-07-01,2018,7,dominio_inteiro,78561,173863.7755279609,14978.575782116503,71470.13307909109,160556.78408496766,67475.78503925544
climatologia,B,2018-07-01,2018,7,lat_menor_que_menos35,26100,32998.022048839215,6724.070598065853,19975.29981559515,23965.06198201216,17451.68248953376
climatologia,B,2018-07-01,2018,7,lat_menos35_a_menos15,20880,25815.052701854496,-1592.7301985519007,14674.612816835754,22516.243021368893,18808.59412325443
climatologia,B,2018-07-01,2018,7,lat_maior_igual_menos15,31581,115050.70077726721,9847.23538260255,36820.22044666018,114075.47908158659,31215.50842646724
climatologia,B,2018-08-01,2018,8,dominio_inteiro,78561,191073.83063440997,7720.256560148438,72034.56551479199,177954.14440592934,67475.78503925544
climatologia,B,2018-08-01,2018,8,lat_menor_que_menos35,26100,27993.095065988313,543.3867185115814,20163.129323005676,19074.403912930225,17451.68248953376
climatologia,B,2018-08-01,2018,8,lat_menos35_a_menos15,20880,28424.74023186667,-5315.3154461458325,15624.85904490389,25488.22220843537,18808.59412325443
climatologia,B,2018-08-01,2018,8,lat_maior_igual_menos15,31581,134655.99533655497,12492.18528778269,36246.577146882424,133391.51828456373,31215.50842646724
climatologia,B,2018-09-01,2018,9,dominio_inteiro,78561,172694.52392458197,-9109.146667480934,71048.90913102916,157115.23209824745,67475.78503925544
climatologia,B,2018-09-01,2018,9,lat_menor_que_menos35,26100,39717.6882461183,-9691.652444779873,22839.68607646227,28333.459092542158,17451.68248953376
climatologia,B,2018-09-01,2018,9,lat_menos35_a_menos15,20880,29848.30904793858,-3273.589461666532,14993.980787877925,26564.180362081264,18808.59412325443
climatologia,B,2018-09-01,2018,9,lat_maior_igual_menos15,31581,103128.52663052511,3856.0952389654703,33215.24226668896,102217.59264362403,31215.50842646724
climatologia,B,2018-10-01,2018,10,dominio_inteiro,78561,212592.15855237312,-7910.625737544644,72474.09035694573,201772.1089185403,67475.78503925544
climatologia,B,2018-10-01,2018,10,lat_menor_que_menos35,26100,20804.48452215423,-1226.7590098679066,16196.93115851283,14774.675385515799,17451.68248953376
climatologia,B,2018-10-01,2018,10,lat_menos35_a_menos15,20880,34097.994948161984,-8526.612773897621,17435.432104652486,30627.04479548769,18808.59412325443
climatologia,B,2018-10-01,2018,10,lat_maior_igual_menos15,31581,157689.6790820569,1842.7460462208837,38841.72709378041,156370.3887375368,31215.50842646724
climatologia,B,2018-11-01,2018,11,dominio_inteiro,78561,352179.7273495399,-31756.199504562457,98859.37439095156,338769.49578190147,67475.78503925544
climatologia,B,2018-11-01,2018,11,lat_menor_que_menos35,26100,25977.28458570964,-10310.126011550426,18474.21801149845,18724.79845442836,17451.68248953376
climatologia,B,2018-11-01,2018,11,lat_menos35_a_menos15,20880,50467.15331621614,507.56274862513965,20570.93853492589,46407.88944139331,18808.59412325443
climatologia,B,2018-11-01,2018,11,lat_maior_igual_menos15,31581,275735.2894476141,-21953.63624163717,59814.217844527215,273636.8078860798,31215.50842646724
climatologia,B,2018-12-01,2018,12,dominio_inteiro,78561,479399.96735859406,17366.88049435732,118530.65608614753,465339.1478589615,67475.78503925544
climatologia,B,2018-12-01,2018,12,lat_menor_que_menos35,26100,19016.887137006557,4568.432644531131,16970.335728809237,13312.465966128058,17451.68248953376
climatologia,B,2018-12-01,2018,12,lat_menos35_a_menos15,20880,69823.23983633018,12880.173716900172,26367.913064268185,63259.614652070646,18808.59412325443
climatologia,B,2018-12-01,2018,12,lat_maior_igual_menos15,31581,390559.84038525727,-81.72586707398295,75192.40729307011,388767.06724076276,31215.50842646724
controle,C,2019-01-01,2019,1,dominio_inteiro,78561,299464.20471797,14830.01287553241,90453.98232049507,279630.97845541703,67475.78503925544
controle,C,2019-01-01,2019,1,lat_menor_que_menos35,26100,14353.094593158017,-2709.341736909511,13865.926418205583,10189.246077454844,17451.68248953376
controle,C,2019-01-01,2019,1,lat_menos35_a_menos15,20880,153665.10250467987,15665.459274565443,36259.69975601621,139057.53108776914,18808.59412325443
controle,C,2019-01-01,2019,1,lat_maior_igual_menos15,31581,131446.0076201321,1873.8953378764768,40328.35614627327,130384.20129019309,31215.50842646724
controle,C,2019-02-01,2019,2,dominio_inteiro,78561,209560.96043310815,11975.76256347903,77816.61466972683,197217.35261266716,67475.78503925544
controle,C,2019-02-01,2019,2,lat_menor_que_menos35,26100,22100.074116461266,2768.3320162414434,17858.34721495213,15561.63670695077,17451.68248953376
controle,C,2019-02-01,2019,2,lat_menos35_a_menos15,20880,49716.867533268574,4870.83202536288,21276.036322288695,44518.6294495896,18808.59412325443
controle,C,2019-02-01,2019,2,lat_maior_igual_menos15,31581,137744.0187833783,4336.598521874706,38682.231132486,137137.08645612682,31215.50842646724
controle,C,2019-03-01,2019,3,dominio_inteiro,78561,255707.5176878137,15395.228435786457,85744.38704381246,245595.37627999656,67475.78503925544
controle,C,2019-03-01,2019,3,lat_menor_que_menos35,26100,17167.244894207823,6272.057169155823,16059.76977435192,12540.28885625362,17451.68248953376
controle,C,2019-03-01,2019,3,lat_menos35_a_menos15,20880,57761.40236056868,-101.11489419515897,22720.842411953905,52902.0603308665,18808.59412325443
controle,C,2019-03-01,2019,3,lat_maior_igual_menos15,31581,180778.8704330372,9224.286160825794,46963.77485750663,180153.0270928764,31215.50842646724
controle,C,2019-04-01,2019,4,dominio_inteiro,78561,234050.80251550337,-2827.897937219805,78718.02330765907,221700.45100645907,67475.78503925544
controle,C,2019-04-01,2019,4,lat_menor_que_menos35,26100,23655.611376645313,4486.98979469487,18907.523238118916,17127.410001683053,17451.68248953376
controle,C,2019-04-01,2019,4,lat_menos35_a_menos15,20880,45775.70176211315,-3287.0703657626905,19491.218892639452,40407.91122046296,18808.59412325443
controle,C,2019-04-01,2019,4,lat_maior_igual_menos15,31581,164619.48937674492,-4027.8173661519827,40319.28117690071,164165.12978431312,31215.50842646724
controle,C,2019-05-01,2019,5,dominio_inteiro,78561,277393.2969512206,-1302.0890898941398,85194.39988205729,267189.88301841787,67475.78503925544
controle,C,2019-05-01,2019,5,lat_menor_que_menos35,26100,15474.25388109199,81.6474163507101,14783.344729909228,10741.252223138034,17451.68248953376
controle,C,2019-05-01,2019,5,lat_menos35_a_menos15,20880,37768.289449370735,-4290.521672024203,17172.528294713105,33853.35811402148,18808.59412325443
controle,C,2019-05-01,2019,5,lat_maior_igual_menos15,31581,224150.7536207579,2906.7851657793526,53238.52685743496,222595.2726812584,31215.50842646724
controle,C,2019-06-01,2019,6,dominio_inteiro,78561,250715.69424386893,6946.9025111270075,76499.08543844335,239052.9619571443,67475.78503925544
controle,C,2019-06-01,2019,6,lat_menor_que_menos35,26100,20906.16368401708,-6229.995425234791,15851.9789896279,15448.903803933503,17451.68248953376
controle,C,2019-06-01,2019,6,lat_menos35_a_menos15,20880,39497.629195481524,10999.504732310463,18246.454495488288,34269.45543904779,18808.59412325443
controle,C,2019-06-01,2019,6,lat_maior_igual_menos15,31581,190311.9013643703,2177.3932040513355,42400.65195332715,189334.602714163,31215.50842646724
controle,C,2019-07-01,2019,7,dominio_inteiro,78561,167003.19095541674,9485.044993191577,63900.489549640806,157854.754966674,67475.78503925544
controle,C,2019-07-01,2019,7,lat_menor_que_menos35,26100,19435.10698108651,-568.7540313232612,15880.987995945648,14019.054291873224,17451.68248953376
controle,C,2019-07-01,2019,7,lat_menos35_a_menos15,20880,22312.54468956487,4788.819017967631,13679.087231823258,19483.07398707896,18808.59412325443
controle,C,2019-07-01,2019,7,lat_maior_igual_menos15,31581,125255.53928476534,5264.98000654721,34340.4143218719,124352.6266877218,31215.50842646724
controle,C,2019-08-01,2019,8,dominio_inteiro,78561,164361.31151576337,25942.007166156276,65186.3538071303,155040.55993193673,67475.78503925544
controle,C,2019-08-01,2019,8,lat_menor_que_menos35,26100,21867.576241079758,4944.633355437428,17246.270490043706,15883.196081105647,17451.68248953376
controle,C,2019-08-01,2019,8,lat_menos35_a_menos15,20880,18923.5358236476,9794.36489152934,13858.431046745569,16602.071039731254,18808.59412325443
controle,C,2019-08-01,2019,8,lat_maior_igual_menos15,31581,123570.19945103598,11203.008919189504,34081.652270341016,122555.29281109985,31215.50842646724
controle,C,2019-09-01,2019,9,dominio_inteiro,78561,152862.50901704736,3891.5433854680805,65854.0472068305,142919.15937847615,67475.78503925544
controle,C,2019-09-01,2019,9,lat_menor_que_menos35,26100,21662.57376392348,-1479.5665681713426,16917.35365626475,15947.95399703581,17451.68248953376
controle,C,2019-09-01,2019,9,lat_menos35_a_menos15,20880,24328.2577418715,4262.572501001231,14755.003641109062,21351.780755181564,18808.59412325443
controle,C,2019-09-01,2019,9,lat_maior_igual_menos15,31581,106871.67751125239,1108.537452638193,34181.689909456676,105619.42462625878,31215.50842646724
controle,C,2019-10-01,2019,10,dominio_inteiro,78561,185920.60799765156,23131.99960811026,72780.0184804367,175916.728773633,67475.78503925544
controle,C,2019-10-01,2019,10,lat_menor_que_menos35,26100,12297.472431336915,4607.1636133255515,12356.637956569779,8659.83151799361,17451.68248953376
controle,C,2019-10-01,2019,10,lat_menos35_a_menos15,20880,48259.23658435773,12482.676987737788,21028.3257784256,43065.51585923192,18808.59412325443
controle,C,2019-10-01,2019,10,lat_maior_igual_menos15,31581,125363.89898195691,6042.159007046924,39395.05474544133,124191.38139640748,31215.50842646724
controle,C,2019-11-01,2019,11,dominio_inteiro,78561,231547.2652217078,13495.838231520329,81500.82466048471,219408.49926965038,67475.78503925544
controle,C,2019-11-01,2019,11,lat_menor_que_menos35,26100,24566.538471356664,1127.5602371547466,17474.961248716332,16964.61881128179,17451.68248953376
controle,C,2019-11-01,2019,11,lat_menos35_a_menos15,20880,27143.360700113983,8176.344929375592,15950.110017562702,24770.102481098977,18808.59412325443
controle,C,2019-11-01,2019,11,lat_maior_igual_menos15,31581,179837.36605023718,4191.933064989989,48075.753394205676,177673.7779772696,31215.50842646724
controle,C,2019-12-01,2019,12,dominio_inteiro,78561,258818.2993219828,8972.317113583837,87664.49899364685,244463.518018853,67475.78503925544
controle,C,2019-12-01,2019,12,lat_menor_que_menos35,26100,32115.644132228394,-5252.6737044448,17541.17210147355,24112.28558978406,17451.68248953376
controle,C,2019-12-01,2019,12,lat_menos35_a_menos15,20880,52357.894318054154,12782.879618268162,21662.707546972153,47612.46578826738,18808.59412325443
controle,C,2019-12-01,2019,12,lat_maior_igual_menos15,31581,174344.76087170024,1442.1111997604735,48460.61934520115,172738.76664080156,31215.50842646724
controle,C,2020-01-01,2020,1,dominio_inteiro,78561,254906.0209986524,12680.86686871797,82157.91565418974,240559.78468367722,67475.78503925544
controle,C,2020-01-01,2020,1,lat_menor_que_menos35,26100,11320.145567853855,-1663.3534467254435,12834.861137310865,7829.432818636701,17451.68248953376
controle,C,2020-01-01,2020,1,lat_menos35_a_menos15,20880,110098.04479654998,-5797.272245026134,28077.08760888875,100040.5593473858,18808.59412325443
controle,C,2020-01-01,2020,1,lat_maior_igual_menos15,31581,133487.8306342486,20141.49256046955,41245.96690799012,132689.79251765469,31215.50842646724
controle,C,2020-02-01,2020,2,dominio_inteiro,78561,202671.97841481218,19508.10273818922,77950.7967134926,189913.33686606176,67475.78503925544
controle,C,2020-02-01,2020,2,lat_menor_que_menos35,26100,18037.8658091484,1790.8227088874187,15374.163841840107,12834.961916891032,17451.68248953376
controle,C,2020-02-01,2020,2,lat_menos35_a_menos15,20880,71538.67828312148,-1138.8198223585368,23799.330564872515,64587.230515298,18808.59412325443
controle,C,2020-02-01,2020,2,lat_maior_igual_menos15,31581,113095.43432254229,18856.09985166034,38777.302306779966,112491.14443387275,31215.50842646724
controle,C,2020-03-01,2020,3,dominio_inteiro,78561,239652.9688824632,29920.396859400098,88831.06889758626,225630.31103546455,67475.78503925544
controle,C,2020-03-01,2020,3,lat_menor_que_menos35,26100,24124.34706491858,10486.95267426504,19079.407527709664,17546.47366814409,17451.68248953376
controle,C,2020-03-01,2020,3,lat_menos35_a_menos15,20880,68274.05641238412,9692.459962089704,26498.08472634081,61775.78562465493,18808.59412325443
controle,C,2020-03-01,2020,3,lat_maior_igual_menos15,31581,147254.56540516054,9740.984223045358,43253.57664353578,146308.05174266553,31215.50842646724
controle,C,2020-04-01,2020,4,dominio_inteiro,78561,335516.4527632635,8076.568235681245,98727.72903592762,319829.6812732927,67475.78503925544
controle,C,2020-04-01,2020,4,lat_menor_que_menos35,26100,36708.92036921863,2730.6392476617725,22565.782007959977,26189.24719285926,17451.68248953376
controle,C,2020-04-01,2020,4,lat_menos35_a_menos15,20880,40154.689879033496,9618.04745184365,19514.350247337148,36098.910868983374,18808.59412325443
controle,C,2020-04-01,2020,4,lat_maior_igual_menos15,31581,258652.84251501143,-4272.118463824175,56647.596780630505,257541.52321145005,31215.50842646724
controle,C,2020-05-01,2020,5,dominio_inteiro,78561,316839.24061739043,14985.42972861765,95115.05065186624,300360.5786988383,67475.78503925544
controle,C,2020-05-01,2020,5,lat_menor_que_menos35,26100,47082.63037689929,-3905.436275660361,23550.213188899354,34562.12583067243,17451.68248953376
controle,C,2020-05-01,2020,5,lat_menos35_a_menos15,20880,22122.16578921707,7285.962082419172,15392.670113218785,19424.67078251664,18808.59412325443
controle,C,2020-05-01,2020,5,lat_maior_igual_menos15,31581,247634.44445127397,11604.903921858837,56172.16734974811,246373.7820856492,31215.50842646724
controle,C,2020-06-01,2020,6,dominio_inteiro,78561,185336.28366126886,-5960.420338242112,72707.02098822872,170543.4407038375,67475.78503925544
controle,C,2020-06-01,2020,6,lat_menor_que_menos35,26100,40688.343993140035,-6219.50098981327,22761.127416817213,29208.754155361377,17451.68248953376
controle,C,2020-06-01,2020,6,lat_menos35_a_menos15,20880,18901.872656394513,-931.0810239342595,12601.146607848299,16367.359337550883,18808.59412325443
controle,C,2020-06-01,2020,6,lat_maior_igual_menos15,31581,125746.06701173431,1190.1616755054165,37344.7469635632,124967.3272109252,31215.50842646724
controle,C,2020-07-01,2020,7,dominio_inteiro,78561,197333.2441674016,16135.125279658028,78332.29895746334,176435.91575520358,67475.78503925544
controle,C,2020-07-01,2020,7,lat_menor_que_menos35,26100,58874.17126975854,-3136.0063580741576,29116.57092944574,40708.293441487825,17451.68248953376
controle,C,2020-07-01,2020,7,lat_menos35_a_menos15,20880,14276.135188024771,5594.279824728581,11431.821185886425,12440.020911928346,18808.59412325443
controle,C,2020-07-01,2020,7,lat_maior_igual_menos15,31581,124182.93770961827,13676.851813003605,37783.90684213118,123287.6014017874,31215.50842646724
controle,C,2020-08-01,2020,8,dominio_inteiro,78561,199096.78447401358,2501.1948127895657,68835.00699411135,187851.40018135204,67475.78503925544
controle,C,2020-08-01,2020,8,lat_menor_que_menos35,26100,24718.41480351534,-5988.976633331925,19544.938640773125,16881.09331919884,17451.68248953376
controle,C,2020-08-01,2020,8,lat_menos35_a_menos15,20880,24088.942080162815,-1377.5735848265108,13529.390453854685,21685.260040274665,18808.59412325443
controle,C,2020-08-01,2020,8,lat_maior_igual_menos15,31581,150289.42759033546,9867.745030948001,35760.67789948353,149285.04682187855,31215.50842646724
controle,C,2020-09-01,2020,9,dominio_inteiro,78561,125980.16027603528,27495.465784616074,61956.588457483434,118784.66909232503,67475.78503925544
controle,C,2020-09-01,2020,9,lat_menor_que_menos35,26100,12057.098457820637,967.2613872345707,13620.79422078162,8336.395432146734,17451.68248953376
controle,C,2020-09-01,2020,9,lat_menos35_a_menos15,20880,25555.291751835946,10824.885233517658,14594.336640170832,23103.159828390715,18808.59412325443
controle,C,2020-09-01,2020,9,lat_maior_igual_menos15,31581,88367.7700663787,15703.319163863847,33741.457596530985,87345.11383178759,31215.50842646724
controle,C,2020-10-01,2020,10,dominio_inteiro,78561,215849.0170002049,30941.756653004715,83190.64265541443,202836.71546477126,67475.78503925544
controle,C,2020-10-01,2020,10,lat_menor_que_menos35,26100,18003.080766646075,3964.2223817102667,15722.923446060287,12912.611038294172,17451.68248953376
controle,C,2020-10-01,2020,10,lat_menos35_a_menos15,20880,69731.94442899124,4084.678223356901,24272.258783409183,63175.910534685914,18808.59412325443
controle,C,2020-10-01,2020,10,lat_maior_igual_menos15,31581,128113.99180456762,22892.85604793755,43195.460425944955,126748.19389179116,31215.50842646724
controle,C,2020-11-01,2020,11,dominio_inteiro,78561,427276.2359160411,9094.43868827998,110533.2506824295,412202.55561756005,67475.78503925544
controle,C,2020-11-01,2020,11,lat_menor_que_menos35,26100,17787.70301359304,11474.669308439861,15503.968692056851,13151.001460570355,17451.68248953376
controle,C,2020-11-01,2020,11,lat_menos35_a_menos15,20880,77119.52190419151,12099.068507414522,26589.94830064363,71018.21553420639,18808.59412325443
controle,C,2020-11-01,2020,11,lat_maior_igual_menos15,31581,332369.01099825656,-14479.299127574403,68439.33368972901,328033.3386227833,31215.50842646724
controle,C,2020-12-01,2020,12,dominio_inteiro,78561,294285.96205646294,12436.132631470853,91310.40315107709,281646.62422411074,67475.78503925544
controle,C,2020-12-01,2020,12,lat_menor_que_menos35,26100,10191.704655169959,975.0137691435081,12495.336957411913,7171.228810828781,17451.68248953376
controle,C,2020-12-01,2020,12,lat_menos35_a_menos15,20880,81232.97278031107,12572.295042125883,27740.34414696046,73582.74917019876,18808.59412325443
controle,C,2020-12-01,2020,12,lat_maior_igual_menos15,31581,202861.28462098195,-1111.1761797985373,51074.72204670471,200892.64624308323,31215.50842646724
sst_8pcs,C,2019-01-01,2019,1,dominio_inteiro,78561,292942.14566279674,15805.54366826487,89561.2659537344,273644.5678566913,67475.78503925544
sst_8pcs,C,2019-01-01,2019,1,lat_menor_que_menos35,26100,14275.527708296911,-2647.609271875626,13802.066998649252,10152.760308281422,17451.68248953376
sst_8pcs,C,2019-01-01,2019,1,lat_menos35_a_menos15,20880,145420.7544641549,14443.03820926634,35249.731817509426,131297.55647132354,18808.59412325443
sst_8pcs,C,2019-01-01,2019,1,lat_maior_igual_menos15,31581,133245.86349034487,4010.1147308741547,40509.46713757573,132194.25107708634,31215.50842646724
sst_8pcs,C,2019-02-01,2019,2,dominio_inteiro,78561,210567.04579789,9707.018241988451,77621.76179395003,198403.90661743746,67475.78503925544
sst_8pcs,C,2019-02-01,2019,2,lat_menor_que_menos35,26100,21898.756116946308,2074.8782600440873,17727.22301330936,15386.734723697991,17451.68248953376
sst_8pcs,C,2019-02-01,2019,2,lat_menos35_a_menos15,20880,48243.4207019951,3534.783846480018,20792.823400905898,43208.84954291827,18808.59412325443
sst_8pcs,C,2019-02-01,2019,2,lat_maior_igual_menos15,31581,140424.86897894857,4097.356135464344,39101.71537973479,139808.32235082117,31215.50842646724
sst_8pcs,C,2019-03-01,2019,3,dominio_inteiro,78561,259553.35310763912,11526.358304016077,85333.86501376661,249492.50209995772,67475.78503925544
sst_8pcs,C,2019-03-01,2019,3,lat_menor_que_menos35,26100,16568.659922757288,5065.254030247825,15767.51557381621,12112.630650350322,17451.68248953376
sst_8pcs,C,2019-03-01,2019,3,lat_menos35_a_menos15,20880,59216.71053924387,-1626.4926727168981,22757.038669937378,54245.63110729057,18808.59412325443
sst_8pcs,C,2019-03-01,2019,3,lat_maior_igual_menos15,31581,183767.98264563794,8087.59694648515,46809.31077001303,183134.24034231683,31215.50842646724
sst_8pcs,C,2019-04-01,2019,4,dominio_inteiro,78561,247777.5158983649,-5790.5388164773285,79863.30211786316,235335.24259712058,67475.78503925544
sst_8pcs,C,2019-04-01,2019,4,lat_menor_que_menos35,26100,23684.817510294146,3779.15853846544,18865.11673837518,17084.028925812752,17451.68248953376
sst_8pcs,C,2019-04-01,2019,4,lat_menos35_a_menos15,20880,45934.001882367564,-3784.6146983279646,19502.58241568049,40554.397514641336,18808.59412325443
sst_8pcs,C,2019-04-01,2019,4,lat_maior_igual_menos15,31581,178158.69650570312,-5785.0826566148025,41495.60296380748,177696.8161566665,31215.50842646724
sst_8pcs,C,2019-05-01,2019,5,dominio_inteiro,78561,277171.1577656901,-3269.2276075162754,84751.49687188407,266783.4107112778,67475.78503925544
sst_8pcs,C,2019-05-01,2019,5,lat_menor_que_menos35,26100,15658.356980806087,-355.66303080571896,14842.397670154745,10853.853833966214,17451.68248953376
sst_8pcs,C,2019-05-01,2019,5,lat_menos35_a_menos15,20880,39138.926731046144,-5165.323880782045,17249.824604520996,35092.80617487817,18808.59412325443
sst_8pcs,C,2019-05-01,2019,5,lat_maior_igual_menos15,31581,222373.87405383785,2251.759304071489,52659.27459720832,220836.7507024334,31215.50842646724
sst_8pcs,C,2019-06-01,2019,6,dominio_inteiro,78561,249075.14792379888,6223.751289736543,76226.81084316444,237652.52988512095,67475.78503925544
sst_8pcs,C,2019-06-01,2019,6,lat_menor_que_menos35,26100,20551.543977714828,-6155.3994788781365,15734.971641674922,15194.5080105751,17451.68248953376
sst_8pcs,C,2019-06-01,2019,6,lat_menos35_a_menos15,20880,38217.70623625293,10671.283448145765,17977.395021530985,33126.20823979499,18808.59412325443
sst_8pcs,C,2019-06-01,2019,6,lat_maior_igual_menos15,31581,190305.89770983113,1707.8673204689158,42514.444179958526,189331.8136347509,31215.50842646724
sst_8pcs,C,2019-07-01,2019,7,dominio_inteiro,78561,172364.25359055254,5441.851790041402,63922.45022785675,162850.24024871696,67475.78503925544
sst_8pcs,C,2019-07-01,2019,7,lat_menor_que_menos35,26100,20591.471572974166,-1811.5630935434172,16118.569620510309,14857.480810669067,17451.68248953376
sst_8pcs,C,2019-07-01,2019,7,lat_menos35_a_menos15,20880,22223.480327809517,4693.6813283133815,13599.982293516718,19384.772064096553,18808.59412325443
sst_8pcs,C,2019-07-01,2019,7,lat_maior_igual_menos15,31581,129549.30168976888,2559.7335552714367,34203.89831382973,128607.98737395133,31215.50842646724
sst_8pcs,C,2019-08-01,2019,8,dominio_inteiro,78561,162970.95565968266,25252.958057403906,64706.74030528549,153702.50261787744,67475.78503925544
sst_8pcs,C,2019-08-01,2019,8,lat_menor_que_menos35,26100,21814.79644203726,4723.781156728625,17317.181367996887,15828.250659678659,17451.68248953376
sst_8pcs,C,2019-08-01,2019,8,lat_menos35_a_menos15,20880,18396.505862440186,9327.566515839217,13580.547491905705,16130.638458735764,18808.59412325443
sst_8pcs,C,2019-08-01,2019,8,lat_maior_igual_menos15,31581,122759.65335520523,11201.61038483606,33809.0114453829,121743.61349946304,31215.50842646724
sst_8pcs,C,2019-09-01,2019,9,dominio_inteiro,78561,150008.93372775483,2667.622831312364,65345.87803471437,140047.4821027156,67475.78503925544
sst_8pcs,C,2019-09-01,2019,9,lat_menor_que_menos35,26100,21815.98823901877,-1823.1623796501362,16926.37226727555,16059.109263054686,17451.68248953376
sst_8pcs,C,2019-09-01,2019,9,lat_menos35_a_menos15,20880,24296.09936739038,3790.3470119940384,14719.579034230223,21304.989336351067,18808.59412325443
sst_8pcs,C,2019-09-01,2019,9,lat_maior_igual_menos15,31581,103896.84612134568,700.4381989684625,33699.926733208595,102683.38350330984,31215.50842646724
sst_8pcs,C,2019-10-01,2019,10,dominio_inteiro,78561,185207.84241286662,22046.337125371057,72482.93533605925,175206.92103650837,67475.78503925544
sst_8pcs,C,2019-10-01,2019,10,lat_menor_que_menos35,26100,12730.102919478257,5074.469496848628,12480.68142147069,8960.26538435746,17451.68248953376
sst_8pcs,C,2019-10-01,2019,10,lat_menos35_a_menos15,20880,46586.41532482203,11952.99237552088,20671.825058121394,41506.35961311594,18808.59412325443
sst_8pcs,C,2019-10-01,2019,10,lat_maior_igual_menos15,31581,125891.32416856631,5018.875253001549,39330.42885646719,124740.29603903493,31215.50842646724
sst_8pcs,C,2019-11-01,2019,11,dominio_inteiro,78561,230034.7459021142,12597.563801996535,81505.57890791251,217861.8217238147,67475.78503925544
sst_8pcs,C,2019-11-01,2019,11,lat_menor_que_menos35,26100,24801.81127721746,1412.1767360217964,17624.423579265724,17122.457332887025,17451.68248953376
sst_8pcs,C,2019-11-01,2019,11,lat_menos35_a_menos15,20880,26966.208936728945,7912.470367484807,15846.868685518173,24600.597835235087,18808.59412325443
sst_8pcs,C,2019-11-01,2019,11,lat_maior_igual_menos15,31581,178266.7256881678,3272.9166984899307,48034.28664312861,176138.7665556926,31215.50842646724
sst_8pcs,C,2019-12-01,2019,12,dominio_inteiro,78561,253870.20926493878,7097.645309854375,86423.96179612237,239735.13949309898,67475.78503925544
sst_8pcs,C,2019-12-01,2019,12,lat_menor_que_menos35,26100,32224.719415677486,-5920.009845278595,17510.98247036308,24145.91439236438,17451.68248953376
sst_8pcs,C,2019-12-01,2019,12,lat_menos35_a_menos15,20880,49202.260492329355,11356.14887091316,20938.235504202596,44728.839014183395,18808.59412325443
sst_8pcs,C,2019-12-01,2019,12,lat_maior_igual_menos15,31581,172443.22935693193,1661.5062842198072,47974.7438215567,170860.38608655118,31215.50842646724
sst_8pcs,C,2020-01-01,2020,1,dominio_inteiro,78561,250059.16451930217,9836.940962489374,81372.33948704047,235815.69412498092,67475.78503925544
sst_8pcs,C,2020-01-01,2020,1,lat_menor_que_menos35,26100,11712.157333202915,-2869.7315252266494,13127.364433022683,8060.609624308069,17451.68248953376
sst_8pcs,C,2020-01-01,2020,1,lat_menos35_a_menos15,20880,107845.2301674069,-6455.315028584969,27644.313988615355,98041.8654374445,18808.59412325443
sst_8pcs,C,2020-01-01,2020,1,lat_maior_igual_menos15,31581,130501.77701869234,19161.98751630099,40600.66106540243,129713.21906322839,31215.50842646724
sst_8pcs,C,2020-02-01,2020,2,dominio_inteiro,78561,203326.69591399375,19677.969321173732,78562.90182349608,190409.0834378968,67475.78503925544
sst_8pcs,C,2020-02-01,2020,2,lat_menor_que_menos35,26100,18396.425436194808,1224.3213484775256,15436.774894334976,13124.538785438523,17451.68248953376
sst_8pcs,C,2020-02-01,2020,2,lat_menos35_a_menos15,20880,71974.05997193235,-1014.6633950934503,23850.73308588372,64959.60312166008,18808.59412325443
sst_8pcs,C,2020-02-01,2020,2,lat_maior_igual_menos15,31581,112956.21050586658,19468.311367789658,39275.39384327738,112324.9415307982,31215.50842646724
sst_8pcs,C,2020-03-01,2020,3,dominio_inteiro,78561,240116.5349780862,32424.487897466293,88978.08736402253,225849.76200321908,67475.78503925544
sst_8pcs,C,2020-03-01,2020,3,lat_menor_que_menos35,26100,24062.38134291165,10649.15276047496,18889.839274668753,17532.689625428862,17451.68248953376
sst_8pcs,C,2020-03-01,2020,3,lat_menos35_a_menos15,20880,70717.40947887833,11164.045149112977,26981.721770072214,63910.7962636338,18808.59412325443
sst_8pcs,C,2020-03-01,2020,3,lat_maior_igual_menos15,31581,145336.74415629622,10611.28998787836,43106.52631928156,144406.27611415644,31215.50842646724
sst_8pcs,C,2020-04-01,2020,4,dominio_inteiro,78561,340102.9753480425,14064.431261937278,100052.26742764327,324625.58281958674,67475.78503925544
sst_8pcs,C,2020-04-01,2020,4,lat_menor_que_menos35,26100,34951.748020222454,3373.4378686010277,22024.569338916048,24850.852910909965,17451.68248953376
sst_8pcs,C,2020-04-01,2020,4,lat_menos35_a_menos15,20880,42006.15018498793,11309.373966511772,20244.701714665345,37743.21419600344,18808.59412325443
sst_8pcs,C,2020-04-01,2020,4,lat_maior_igual_menos15,31581,263145.07714283216,-618.3805731755192,57782.99637406189,262031.51571267334,31215.50842646724
sst_8pcs,C,2020-05-01,2020,5,dominio_inteiro,78561,325620.0901582172,20788.562728906738,97170.71376021532,308876.7205042205,67475.78503925544
sst_8pcs,C,2020-05-01,2020,5,lat_menor_que_menos35,26100,47713.569993361205,-3715.101123958195,23708.945478163863,35053.15491456519,17451.68248953376
sst_8pcs,C,2020-05-01,2020,5,lat_menos35_a_menos15,20880,22465.70191188894,8222.045515257143,15397.659359229656,19679.921806778206,18808.59412325443
sst_8pcs,C,2020-05-01,2020,5,lat_maior_igual_menos15,31581,255440.8182529671,16281.61833760779,58064.10892282183,254143.64378287704,31215.50842646724
sst_8pcs,C,2020-06-01,2020,6,dominio_inteiro,78561,186930.3660340356,-7222.105451004843,72568.81393929281,172035.13154911887,67475.78503925544
sst_8pcs,C,2020-06-01,2020,6,lat_menor_que_menos35,26100,41023.06446776128,-7043.371926998632,22800.017132366323,29424.527896306212,17451.68248953376
sst_8pcs,C,2020-06-01,2020,6,lat_menos35_a_menos15,20880,18837.43839318342,-1120.6444377377252,12522.49705164934,16318.462726137997,18808.59412325443
sst_8pcs,C,2020-06-01,2020,6,lat_maior_igual_menos15,31581,127069.86317309088,941.9109137315136,37246.29975527715,126292.14092667465,31215.50842646724
sst_8pcs,C,2020-07-01,2020,7,dominio_inteiro,78561,201413.04961301986,16095.028163325818,78840.2673682965,180434.02815566704,67475.78503925544
sst_8pcs,C,2020-07-01,2020,7,lat_menor_que_menos35,26100,59593.67392296744,-4041.1169188452354,29193.078204222817,41342.99598023199,17451.68248953376
sst_8pcs,C,2020-07-01,2020,7,lat_menos35_a_menos15,20880,14355.315868750502,5406.34043632951,11318.955685033841,12516.140693234765,18808.59412325443
sst_8pcs,C,2020-07-01,2020,7,lat_maior_igual_menos15,31581,127464.05982130191,14729.804645841543,38328.23347903984,126574.89148220031,31215.50842646724
sst_8pcs,C,2020-08-01,2020,8,dominio_inteiro,78561,196304.32434148152,-1290.6844149895996,68438.95221064052,184784.64153102506,67475.78503925544
sst_8pcs,C,2020-08-01,2020,8,lat_menor_que_menos35,26100,25506.419279339236,-7838.409180592001,19786.616145826578,17325.098994284857,17451.68248953376
sst_8pcs,C,2020-08-01,2020,8,lat_menos35_a_menos15,20880,23738.54384734407,-2108.009228126926,13191.443521969648,21409.496912748236,18808.59412325443
sst_8pcs,C,2020-08-01,2020,8,lat_maior_igual_menos15,31581,147059.3612147982,8655.733993729325,35460.89254284429,146050.045623992,31215.50842646724
sst_8pcs,C,2020-09-01,2020,9,dominio_inteiro,78561,121132.35278696977,25570.724615270163,60700.05346724031,113970.71805143807,67475.78503925544
sst_8pcs,C,2020-09-01,2020,9,lat_menor_que_menos35,26100,12155.854316692576,547.6493638176642,13571.04362285974,8335.51989801622,17451.68248953376
sst_8pcs,C,2020-09-01,2020,9,lat_menos35_a_menos15,20880,24530.84463895333,10069.169492501105,14163.935197053706,22171.828348633946,18808.59412325443
sst_8pcs,C,2020-09-01,2020,9,lat_maior_igual_menos15,31581,84445.65383132384,14953.905758951392,32965.07464732687,83463.36980478792,31215.50842646724
sst_8pcs,C,2020-10-01,2020,10,dominio_inteiro,78561,208410.41399784273,27063.98285545226,81419.81692629686,195728.52492841144,67475.78503925544
sst_8pcs,C,2020-10-01,2020,10,lat_menor_que_menos35,26100,17257.94728771283,2850.697943809634,15438.025545708808,12302.060404848839,17451.68248953376
sst_8pcs,C,2020-10-01,2020,10,lat_menos35_a_menos15,20880,68631.12786188273,3444.2088015640093,24022.236161317705,62213.00008170093,18808.59412325443
sst_8pcs,C,2020-10-01,2020,10,lat_maior_igual_menos15,31581,122521.33884824716,20769.076110078622,41959.55521927035,121213.46444186167,31215.50842646724
sst_8pcs,C,2020-11-01,2020,11,dominio_inteiro,78561,426233.9900885108,411.05715939755464,109314.48033636196,411730.5903066261,67475.78503925544
sst_8pcs,C,2020-11-01,2020,11,lat_menor_que_menos35,26100,16036.953137996801,9569.765621854956,14505.064405579364,11808.991026836196,17451.68248953376
sst_8pcs,C,2020-11-01,2020,11,lat_menos35_a_menos15,20880,73569.17238989477,10135.407330284106,25849.72550867782,67710.58472149825,18808.59412325443
sst_8pcs,C,2020-11-01,2020,11,lat_maior_igual_menos15,31581,336627.86456061923,-19294.115792741508,68959.69042210476,332211.0145582917,31215.50842646724
sst_8pcs,C,2020-12-01,2020,12,dominio_inteiro,78561,299818.7539006129,9281.462192024508,92139.6524178475,286950.1388431252,67475.78503925544
sst_8pcs,C,2020-12-01,2020,12,lat_menor_que_menos35,26100,10600.686984366992,1249.8421947967868,12849.054698280552,7419.535978529801,17451.68248953376
sst_8pcs,C,2020-12-01,2020,12,lat_menos35_a_menos15,20880,81164.97882314619,12066.494473110326,27715.89605429713,73474.71380116568,18808.59412325443
sst_8pcs,C,2020-12-01,2020,12,lat_maior_igual_menos15,31581,208053.0880930997,-4034.8744758826047,51574.70166526981,206055.88906342973,31215.50842646724
climatologia,C,2019-01-01,2019,1,dominio_inteiro,78561,337709.8513413746,24150.561004502582,100741.24785853166,317364.0926850967,67475.78503925544
climatologia,C,2019-01-01,2019,1,lat_menor_que_menos35,26100,14901.587675241131,-3164.741459533572,14069.420881465077,10587.618390352452,17451.68248953376
climatologia,C,2019-01-01,2019,1,lat_menos35_a_menos15,20880,152510.9239677052,15580.839622201282,36233.31827929977,137755.0411027252,18808.59412325443
climatologia,C,2019-01-01,2019,1,lat_maior_igual_menos15,31581,170297.33969842835,11734.462841834873,50438.50869776681,169021.43319201906,31215.50842646724
climatologia,C,2019-02-01,2019,2,dominio_inteiro,78561,268263.65189458453,15773.232464539702,89297.28790858097,255357.40632837705,67475.78503925544
climatologia,C,2019-02-01,2019,2,lat_menor_que_menos35,26100,23070.16057107017,4426.460570082068,18251.671732887626,16300.682729362594,17451.68248953376
climatologia,C,2019-02-01,2019,2,lat_menos35_a_menos15,20880,51612.27589281821,2673.726712834905,21571.366775299306,46228.402801567354,18808.59412325443
climatologia,C,2019-02-01,2019,2,lat_maior_igual_menos15,31581,193581.2154306962,8673.045181622729,49474.24940039404,192828.32079744714,31215.50842646724
climatologia,C,2019-03-01,2019,3,dominio_inteiro,78561,336491.4614365721,18854.13737474382,97531.69584493339,325175.3449291726,67475.78503925544
climatologia,C,2019-03-01,2019,3,lat_menor_que_menos35,26100,19637.663508478905,8142.345657259226,17354.5698992908,14231.169034831224,17451.68248953376
climatologia,C,2019-03-01,2019,3,lat_menos35_a_menos15,20880,61220.08852746229,-1420.8769983444363,23057.815660921857,56092.381172956186,18808.59412325443
climatologia,C,2019-03-01,2019,3,lat_maior_igual_menos15,31581,255633.70940063082,12132.66871582903,57119.310284720734,254851.79472138514,31215.50842646724
climatologia,C,2019-04-01,2019,4,dominio_inteiro,78561,338452.360547524,862.117072425317,91233.40344332578,325793.08204583084,67475.78503925544
climatologia,C,2019-04-01,2019,4,lat_menor_que_menos35,26100,25332.5876912783,4477.246882528067,19477.929170638323,18281.37728308466,17451.68248953376
climatologia,C,2019-04-01,2019,4,lat_menos35_a_menos15,20880,42897.54008996585,-4671.421862205025,18774.315870690625,37928.09801694557,18808.59412325443
climatologia,C,2019-04-01,2019,4,lat_maior_igual_menos15,31581,270222.23276627983,1056.2920521022752,52981.15840199683,269583.60674580064,31215.50842646724
climatologia,C,2019-05-01,2019,5,dominio_inteiro,78561,255647.74729078298,-4794.413395746145,82483.44799468713,245145.5755392852,67475.78503925544
climatologia,C,2019-05-01,2019,5,lat_menor_que_menos35,26100,15813.064674526844,1350.6214265227318,14945.961643755436,10995.273180787222,17451.68248953376
climatologia,C,2019-05-01,2019,5,lat_menos35_a_menos15,20880,42385.101119152314,-5342.434566982556,17987.574258121196,37978.59880589736,18808.59412325443
climatologia,C,2019-05-01,2019,5,lat_maior_igual_menos15,31581,197449.5814971038,-802.600255286321,49549.9120928105,196171.70355260064,31215.50842646724
climatologia,C,2019-06-01,2019,6,dominio_inteiro,78561,272032.7730948317,8343.696128884796,79932.52684946498,260748.74550231063,67475.78503925544
climatologia,C,2019-06-01,2019,6,lat_menor_que_menos35,26100,19003.1138972903,-5054.995585262775,15496.500529944897,14064.607634193522,17451.68248953376
climatologia,C,2019-06-01,2019,6,lat_menos35_a_menos15,20880,38203.63117634062,10414.138548244257,17914.049282047432,33090.479343735526,18808.59412325443
climatologia,C,2019-06-01,2019,6,lat_maior_igual_menos15,31581,214826.02802120076,2984.553165903315,46521.97703747265,213593.6585243816,31215.50842646724
climatologia,C,2019-07-01,2019,7,dominio_inteiro,78561,176278.0759120135,8334.36610634718,64416.81542631332,167292.12659855827,67475.78503925544
climatologia,C,2019-07-01,2019,7,lat_menor_que_menos35,26100,19232.184696007156,-321.30846697092056,15882.631517231464,13876.555835408944,17451.68248953376
climatologia,C,2019-07-01,2019,7,lat_menos35_a_menos15,20880,19729.93159876157,2287.0196558376774,12954.243266626261,17164.000547425207,18808.59412325443
climatologia,C,2019-07-01,2019,7,lat_maior_igual_menos15,31581,137315.95961724478,6368.654917480424,35579.94064245559,136251.57021572412,31215.50842646724
climatologia,C,2019-08-01,2019,8,dominio_inteiro,78561,190831.25024629824,29549.00163162453,68931.37163298251,180816.40942017123,67475.78503925544
climatologia,C,2019-08-01,2019,8,lat_menor_que_menos35,26100,23450.635121152627,4782.920839428902,17403.90231370926,17208.199021789922,17451.68248953376
climatologia,C,2019-08-01,2019,8,lat_menos35_a_menos15,20880,20033.391855029546,10476.297752616927,14341.541163174435,17545.598821567986,18808.59412325443
climatologia,C,2019-08-01,2019,8,lat_maior_igual_menos15,31581,147347.22327011608,14289.783039578702,37185.92815609882,146062.61157681333,31215.50842646724
climatologia,C,2019-09-01,2019,9,dominio_inteiro,78561,161573.81308304492,10806.101565275574,68993.49741681083,150928.34048056422,67475.78503925544
climatologia,C,2019-09-01,2019,9,lat_menor_que_menos35,26100,23609.200675960354,-883.232611477375,17822.050087034702,17466.659673263035,17451.68248953376
climatologia,C,2019-09-01,2019,9,lat_menos35_a_menos15,20880,27539.163281199868,6712.161077083787,15997.484781308332,24287.995205608706,18808.59412325443
climatologia,C,2019-09-01,2019,9,lat_maior_igual_menos15,31581,110425.4491258847,4977.173099669162,35173.962548467796,109173.6856016925,31215.50842646724
climatologia,C,2019-10-01,2019,10,dominio_inteiro,78561,187017.3963369212,24369.335165287484,73633.04564637749,177287.58536394298,67475.78503925544
climatologia,C,2019-10-01,2019,10,lat_menor_que_menos35,26100,10586.276763729851,2801.3458104729652,11811.18149369955,7445.227917203436,17451.68248953376
climatologia,C,2019-10-01,2019,10,lat_menos35_a_menos15,20880,50857.51560284637,13341.31700592779,22207.531138636754,45435.9179124881,18808.59412325443
climatologia,C,2019-10-01,2019,10,lat_maior_igual_menos15,31581,125573.60397034496,8226.672348886728,39614.333014041185,124406.43953425143,31215.50842646724
climatologia,C,2019-11-01,2019,11,dominio_inteiro,78561,252904.81832307467,11875.499829369652,85987.61602513712,239531.87508284976,67475.78503925544
climatologia,C,2019-11-01,2019,11,lat_menor_que_menos35,26100,27980.957009715537,606.1294965445995,18131.602083951235,19289.48548276665,17451.68248953376
climatologia,C,2019-11-01,2019,11,lat_menos35_a_menos15,20880,29793.759798244948,9197.876119624878,16608.893340149294,27305.119974393514,18808.59412325443
climatologia,C,2019-11-01,2019,11,lat_maior_igual_menos15,31581,195130.10151511422,2071.4942132001743,51247.120601036586,192937.2696256896,31215.50842646724
climatologia,C,2019-12-01,2019,12,dominio_inteiro,78561,305187.26854544174,838.3878432125784,95535.15021877596,290189.9765592408,67475.78503925544
climatologia,C,2019-12-01,2019,12,lat_menor_que_menos35,26100,31257.93192349533,-6913.913311615586,17119.80410988629,23284.3866577742,17451.68248953376
climatologia,C,2019-12-01,2019,12,lat_menos35_a_menos15,20880,55587.62984548729,14426.363855502103,22620.113512760494,50364.18638044242,18808.59412325443
climatologia,C,2019-12-01,2019,12,lat_maior_igual_menos15,31581,218341.7067764591,-6674.062700673938,55795.23259612918,216541.40352102416,31215.50842646724
climatologia,C,2020-01-01,2020,1,dominio_inteiro,78561,295393.2211672633,8190.439849717426,91054.53365090617,280300.1939992824,67475.78503925544
climatologia,C,2020-01-01,2020,1,lat_menor_que_menos35,26100,12267.814440897255,-2921.581211730838,13409.596490740776,8428.229050911255,17451.68248953376
climatologia,C,2020-01-01,2020,1,lat_menos35_a_menos15,20880,113289.99974682048,-4264.6880267245,28843.073922795593,102941.37992603402,18808.59412325443
climatologia,C,2020-01-01,2020,1,lat_maior_igual_menos15,31581,169835.40697954557,15376.709088172764,48801.863237369806,168930.58502233712,31215.50842646724
climatologia,C,2020-02-01,2020,2,dominio_inteiro,78561,260889.3506005627,14895.703320252593,88668.81747512042,246163.10459721973,67475.78503925544
climatologia,C,2020-02-01,2020,2,lat_menor_que_menos35,26100,18735.404324655854,1822.8190600723028,15631.00231795013,13444.534914396332,17451.68248953376
climatologia,C,2020-02-01,2020,2,lat_menos35_a_menos15,20880,90288.94780045752,-2647.1217521309154,26610.002124071936,81539.14881727034,18808.59412325443
climatologia,C,2020-02-01,2020,2,lat_maior_igual_menos15,31581,151864.9984754493,15720.006012311205,46427.813033098355,151179.42086555308,31215.50842646724
climatologia,C,2020-03-01,2020,3,dominio_inteiro,78561,300275.5124865427,23692.585899218917,100205.21962724626,283743.4656318173,67475.78503925544
climatologia,C,2020-03-01,2020,3,lat_menor_que_menos35,26100,25675.026761648893,10079.735031038523,19724.414277523756,18778.132775719587,17451.68248953376
climatologia,C,2020-03-01,2020,3,lat_menos35_a_menos15,20880,88311.91613319752,10110.096436103806,30403.159015217796,80028.45617884216,18808.59412325443
climatologia,C,2020-03-01,2020,3,lat_maior_igual_menos15,31581,186288.56959169626,3502.7544320765883,50077.64633450471,184936.87667725555,31215.50842646724
climatologia,C,2020-04-01,2020,4,dominio_inteiro,78561,372903.3472250092,5037.278434119653,103231.99148262618,358299.01225226256,67475.78503925544
climatologia,C,2020-04-01,2020,4,lat_menor_que_menos35,26100,30333.546949679807,2325.296046346426,20733.285859376192,21817.06016156659,17451.68248953376
climatologia,C,2020-04-01,2020,4,lat_menos35_a_menos15,20880,48666.86939506802,12111.77744809771,21714.009306533728,43797.65326236842,18808.59412325443
climatologia,C,2020-04-01,2020,4,lat_maior_igual_menos15,31581,293902.9308802613,-9399.795060324483,60784.69631671626,292684.2988283275,31215.50842646724
climatologia,C,2020-05-01,2020,5,dominio_inteiro,78561,339932.13970702677,7122.176341192331,96021.52470161347,322540.74636075477,67475.78503925544
climatologia,C,2020-05-01,2020,5,lat_menor_que_menos35,26100,47851.21037567448,-4325.072085440159,23444.743474543095,35029.62187657862,17451.68248953376
climatologia,C,2020-05-01,2020,5,lat_menos35_a_menos15,20880,27170.455729840724,10523.507434360217,17170.58207326336,23831.372092661593,18808.59412325443
climatologia,C,2020-05-01,2020,5,lat_maior_igual_menos15,31581,264910.47360151156,923.7409922722727,55406.199153807014,263679.75239151454,31215.50842646724
climatologia,C,2020-06-01,2020,6,dominio_inteiro,78561,199136.20495098538,-8932.320106466766,75609.1597142038,184820.14870967704,67475.78503925544
climatologia,C,2020-06-01,2020,6,lat_menor_que_menos35,26100,38320.036709245425,-5608.048487484455,22349.83239787817,27330.00263094078,17451.68248953376
climatologia,C,2020-06-01,2020,6,lat_menos35_a_menos15,20880,18870.8951605702,77.01849209191278,13101.997116508428,16392.404005996275,18808.59412325443
climatologia,C,2020-06-01,2020,6,lat_maior_igual_menos15,31581,141945.27308116975,-3401.290111074224,40157.330199817196,141097.74207273996,31215.50842646724
climatologia,C,2020-07-01,2020,7,dominio_inteiro,78561,190591.14577485138,9495.346330956556,75614.19163199794,171028.04544418625,67475.78503925544
climatologia,C,2020-07-01,2020,7,lat_menor_que_menos35,26100,54682.545404038254,-3292.3053236603737,28307.174234092236,37855.45469296188,17451.68248953376
climatologia,C,2020-07-01,2020,7,lat_menos35_a_menos15,20880,15182.96236125679,7398.963854446076,12262.74776529055,13325.899206829738,18808.59412325443
climatologia,C,2020-07-01,2020,7,lat_maior_igual_menos15,31581,120725.63800955632,5388.687800170854,35044.26963261515,119846.69154439463,31215.50842646724
climatologia,C,2020-08-01,2020,8,dominio_inteiro,78561,218950.33349075334,-2137.0087290932424,73427.71358867874,207155.62093103895,67475.78503925544
climatologia,C,2020-08-01,2020,8,lat_menor_que_menos35,26100,26633.351905398453,-3989.9368265867233,20099.59360897541,18428.34537246932,17451.68248953376
climatologia,C,2020-08-01,2020,8,lat_menos35_a_menos15,20880,23524.459278321134,293.1770250778645,13964.422336356714,21116.78831066274,18808.59412325443
climatologia,C,2020-08-01,2020,8,lat_maior_igual_menos15,31581,168792.52230703374,1559.7510724156164,39363.69764334662,167610.48724790686,31215.50842646724
climatologia,C,2020-09-01,2020,9,dominio_inteiro,78561,140965.61213095387,25939.965014372254,66210.65451488341,132388.20204513345,67475.78503925544
climatologia,C,2020-09-01,2020,9,lat_menor_que_menos35,26100,14484.73172542109,595.4260646700859,14772.543067276478,10001.415236165016,17451.68248953376
climatologia,C,2020-09-01,2020,9,lat_menos35_a_menos15,20880,31776.992393921926,12815.749181331834,16491.398959406884,28808.499430579246,18808.59412325443
climatologia,C,2020-09-01,2020,9,lat_maior_igual_menos15,31581,94703.88801161086,12528.789768370334,34946.71248820005,93578.28737838921,31215.50842646724
climatologia,C,2020-10-01,2020,10,dominio_inteiro,78561,228829.55864193823,26479.009619022836,86524.68857026275,213843.1060690265,67475.78503925544
climatologia,C,2020-10-01,2020,10,lat_menor_que_menos35,26100,20694.114875802356,3439.4836278557777,17308.912112653255,14758.628198592363,17451.68248953376
climatologia,C,2020-10-01,2020,10,lat_menos35_a_menos15,20880,80867.48164403003,3797.3755081250565,26193.96133896138,73208.46662159664,18808.59412325443
climatologia,C,2020-10-01,2020,10,lat_maior_igual_menos15,31581,127267.96212210582,19242.150483042,43021.81511864811,125876.01124883752,31215.50842646724
climatologia,C,2020-11-01,2020,11,dominio_inteiro,78561,480253.8722230326,1537.7427187739522,119457.61546682686,461897.9466044935,67475.78503925544
climatologia,C,2020-11-01,2020,11,lat_menor_que_menos35,26100,23215.759437223922,14181.235163658857,18084.636281996965,17285.606480371986,17451.68248953376
climatologia,C,2020-11-01,2020,11,lat_menos35_a_menos15,20880,89227.06309000967,11782.121801387573,28868.490159288307,81789.84273544868,18808.59412325443
climatologia,C,2020-11-01,2020,11,lat_maior_igual_menos15,31581,367811.04969579895,-24425.614246272482,72504.48902554158,362822.4973886728,31215.50842646724
climatologia,C,2020-12-01,2020,12,dominio_inteiro,78561,331687.45635526907,1162.7248488278128,94587.23502828227,318300.05743794714,67475.78503925544
climatologia,C,2020-12-01,2020,12,lat_menor_que_menos35,26100,10238.677337165707,1660.4217866510153,12303.731439307332,7299.594371821993,17451.68248953376
climatologia,C,2020-12-01,2020,12,lat_menos35_a_menos15,20880,83834.7680482466,12199.700266024563,28462.99982820498,75616.36294711058,18808.59412325443
climatologia,C,2020-12-01,2020,12,lat_maior_igual_menos15,31581,237614.01096985675,-12697.397203847766,53820.50376076996,235384.10011901462,31215.50842646724
