modelo,bloco,mes_alvo,ano,mes,regiao,n,sse,soma_erro,soma_erro_absoluto,sse_area,peso_area
controle_defasado,H1,2007-01-01,2007,1,dominio_inteiro,78561,247371.8533826878,9808.628173226409,86103.47420881575,232199.84585912994,67475.78503925544
controle_defasado,H1,2007-01-01,2007,1,lat_menor_que_menos35,26100,26162.612395096046,-1354.7238455315025,17364.527072542318,19063.40839389228,17451.68248953376
controle_defasado,H1,2007-01-01,2007,1,lat_menos35_a_menos15,20880,85536.59677162045,-8398.189636808558,26326.624820496385,78377.20422264625,18808.59412325443
controle_defasado,H1,2007-01-01,2007,1,lat_maior_igual_menos15,31581,135672.64421597135,19561.54165556647,42412.32231577704,134759.2332425914,31215.50842646724
controle_defasado,H1,2007-02-01,2007,2,dominio_inteiro,78561,359498.84446164785,5965.6187525906425,106999.38267974643,342837.6068081609,67475.78503925544
controle_defasado,H1,2007-02-01,2007,2,lat_menor_que_menos35,26100,30350.85156678474,-870.5537334463689,21314.00389373394,21822.686624117767,17451.68248953376
controle_defasado,H1,2007-02-01,2007,2,lat_menos35_a_menos15,20880,71913.26949772578,-5414.587784988617,24111.547635030296,65734.1249053567,18808.59412325443
controle_defasado,H1,2007-02-01,2007,2,lat_maior_igual_menos15,31581,257234.72339713736,12250.760271025625,61573.83115098219,255280.7952786865,31215.50842646724
controle_defasado,H1,2007-03-01,2007,3,dominio_inteiro,78561,342829.37710381486,-5750.586884216427,94918.29366406091,322418.6516122843,67475.78503925544
controle_defasado,H1,2007-03-01,2007,3,lat_menor_que_menos35,26100,27097.56716302532,-4641.829187572824,17999.06693257982,19832.369310394515,17451.68248953376
controle_defasado,H1,2007-03-01,2007,3,lat_menos35_a_menos15,20880,106574.95280885862,6967.091799083235,29334.156532237204,94518.49385745701,18808.59412325443
controle_defasado,H1,2007-03-01,2007,3,lat_maior_igual_menos15,31581,209156.85713193088,-8075.849495726837,47585.0701992439,208067.78844443275,31215.50842646724
controle_defasado,H1,2007-04-01,2007,4,dominio_inteiro,78561,172049.86406907855,-8194.39899422024,70208.98633188875,161266.67541777578,67475.78503925544
controle_defasado,H1,2007-04-01,2007,4,lat_menor_que_menos35,26100,25744.449901811826,-5418.96797974371,18167.60714415604,17326.08768250006,17451.68248953376
controle_defasado,H1,2007-04-01,2007,4,lat_menos35_a_menos15,20880,17586.305022216024,2607.212680826405,13110.516812493883,15680.64966048741,18808.59412325443
controle_defasado,H1,2007-04-01,2007,4,lat_maior_igual_menos15,31581,128719.1091450507,-5382.643695302934,38930.86237523883,128259.93807478831,31215.50842646724
controle_defasado,H1,2007-05-01,2007,5,dominio_inteiro,78561,294955.3499662207,-3578.235869997109,86705.0691039824,277062.310022586,67475.78503925544
controle_defasado,H1,2007-05-01,2007,5,lat_menor_que_menos35,26100,52506.773589039076,8512.160876651935,24205.40950206102,38929.00610575738,17451.68248953376
controle_defasado,H1,2007-05-01,2007,5,lat_menos35_a_menos15,20880,24331.536128578937,372.90171756122413,14552.009045287356,21110.59877063224,18808.59412325443
controle_defasado,H1,2007-05-01,2007,5,lat_maior_igual_menos15,31581,218117.04024860263,-12463.298464210267,47947.65055663402,217022.7051461964,31215.50842646724
controle_defasado,H1,2007-06-01,2007,6,dominio_inteiro,78561,198802.65269031958,18002.130323190016,74778.81813615443,187512.15126944816,67475.78503925544
controle_defasado,H1,2007-06-01,2007,6,lat_menor_que_menos35,26100,26403.65535933653,441.1568678925549,18329.643224756594,18845.46877574396,17451.68248953376
controle_defasado,H1,2007-06-01,2007,6,lat_menos35_a_menos15,20880,24467.031977751158,7834.247522961542,15329.492031212203,21796.305755637935,18808.59412325443
controle_defasado,H1,2007-06-01,2007,6,lat_maior_igual_menos15,31581,147931.96535323188,9726.72593233592,41119.68288018563,146870.3767380663,31215.50842646724
controle_defasado,H1,2007-07-01,2007,7,dominio_inteiro,78561,147013.587768294,11275.759907066216,62845.78288240236,136087.69950723817,67475.78503925544
controle_defasado,H1,2007-07-01,2007,7,lat_menor_que_menos35,26100,26615.041049772706,4313.882635055082,18418.590012352663,19293.516272091754,17451.68248953376
controle_defasado,H1,2007-07-01,2007,7,lat_menos35_a_menos15,20880,21510.00689467107,840.5112400796013,14435.334645733274,18739.974367622977,18808.59412325443
controle_defasado,H1,2007-07-01,2007,7,lat_maior_igual_menos15,31581,98888.53982385024,6121.366031931535,29991.85822431643,98054.20886752346,31215.50842646724
controle_defasado,H1,2007-08-01,2007,8,dominio_inteiro,78561,237370.33473302564,-16973.72084128895,74891.47512447764,225906.38587287956,67475.78503925544
controle_defasado,H1,2007-08-01,2007,8,lat_menor_que_menos35,26100,22555.024432402548,-4090.0662890990816,17801.305853145,15571.670846789173,17451.68248953376
controle_defasado,H1,2007-08-01,2007,8,lat_menos35_a_menos15,20880,16716.091943576957,7192.490399253211,13287.601252990018,14647.520332602475,18808.59412325443
controle_defasado,H1,2007-08-01,2007,8,lat_maior_igual_menos15,31581,198099.2183570461,-20076.14495144308,43802.568018342616,195687.1946934879,31215.50842646724
controle_defasado,H1,2007-09-01,2007,9,dominio_inteiro,78561,182662.72371413477,15478.071335028813,73384.451743157,171716.25465894915,67475.78503925544
controle_defasado,H1,2007-09-01,2007,9,lat_menor_que_menos35,26100,20663.650103437983,683.4913154607443,17027.026792186247,14795.501307057024,17451.68248953376
controle_defasado,H1,2007-09-01,2007,9,lat_menos35_a_menos15,20880,38279.25935670685,14710.434198625047,19660.151790080818,34591.2174556057,18808.59412325443
controle_defasado,H1,2007-09-01,2007,9,lat_maior_igual_menos15,31581,123719.81425398994,84.1458209430175,36697.27316088995,122329.53589628646,31215.50842646724
controle_defasado,H1,2007-10-01,2007,10,dominio_inteiro,78561,242313.47289844125,-8678.714828053562,81506.95012180824,228453.0125549106,67475.78503925544
controle_defasado,H1,2007-10-01,2007,10,lat_menor_que_menos35,26100,26389.429932278068,-7878.542784730325,18263.810419279627,18850.23321420887,17451.68248953376
controle_defasado,H1,2007-10-01,2007,10,lat_menos35_a_menos15,20880,43917.081770279474,11432.920639614627,20791.424629309546,39169.627864232076,18808.59412325443
controle_defasado,H1,2007-10-01,2007,10,lat_maior_igual_menos15,31581,172006.96119588375,-12233.092682937866,42451.71507321908,170433.15147646965,31215.50842646724
controle_defasado,H1,2007-11-01,2007,11,dominio_inteiro,78561,215774.7949227936,-10716.084280856567,79954.95402890039,200838.7903523884,67475.78503925544
controle_defasado,H1,2007-11-01,2007,11,lat_menor_que_menos35,26100,34527.98074241266,-8745.290358241573,20516.31276268868,25119.740832408646,17451.68248953376
controle_defasado,H1,2007-11-01,2007,11,lat_menos35_a_menos15,20880,51007.88882319153,-1227.9324597080617,20698.97816730068,46672.676343793246,18808.59412325443
controle_defasado,H1,2007-11-01,2007,11,lat_maior_igual_menos15,31581,130238.92535718942,-742.8614629069316,38739.66309891103,129046.37317618649,31215.50842646724
controle_defasado,H1,2007-12-01,2007,12,dominio_inteiro,78561,240417.08532083847,903.8561499402165,79546.66933317317,231216.58510506293,67475.78503925544
controle_defasado,H1,2007-12-01,2007,12,lat_menor_que_menos35,26100,13119.034387936194,7841.4482082226605,13642.054470090361,9622.725837175783,17451.68248953376
controle_defasado,H1,2007-12-01,2007,12,lat_menos35_a_menos15,20880,47848.24575341133,5026.404672003516,20516.6324096599,43393.31516162481,18808.59412325443
controle_defasado,H1,2007-12-01,2007,12,lat_maior_igual_menos15,31581,179449.80517949094,-11963.99673028596,45387.9824534229,178200.54410626236,31215.50842646724
controle_defasado,H1,2008-01-01,2008,1,dominio_inteiro,78561,278662.15320065664,-7385.055837150856,86139.88902761467,264674.34548966907,67475.78503925544
controle_defasado,H1,2008-01-01,2008,1,lat_menor_que_menos35,26100,21903.315196872743,7997.018149272404,17729.5541197328,15113.350457186767,17451.68248953376
controle_defasado,H1,2008-01-01,2008,1,lat_menos35_a_menos15,20880,77574.32613023795,-11037.23652763594,24407.075737986863,71299.34944476151,18808.59412325443
controle_defasado,H1,2008-01-01,2008,1,lat_maior_igual_menos15,31581,179184.5118735459,-4344.837458787321,44003.25916989501,178261.64558772076,31215.50842646724
controle_defasado,H1,2008-02-01,2008,2,dominio_inteiro,78561,267388.9932692175,-20374.920738653866,89812.9017487055,252320.5624968345,67475.78503925544
controle_defasado,H1,2008-02-01,2008,2,lat_menor_que_menos35,26100,19095.607044523356,254.7429678779593,16607.33912711237,13532.136956788905,17451.68248953376
controle_defasado,H1,2008-02-01,2008,2,lat_menos35_a_menos15,20880,91513.4073706234,-12998.514426962543,27013.66670830955,82770.28369585953,18808.59412325443
controle_defasado,H1,2008-02-01,2008,2,lat_maior_igual_menos15,31581,156779.97885407077,-7631.149279569277,46191.895913283566,156018.14184418606,31215.50842646724
controle_defasado,H1,2008-03-01,2008,3,dominio_inteiro,78561,179298.0719556198,3056.620826691734,75699.43883168192,167654.56662481948,67475.78503925544
controle_defasado,H1,2008-03-01,2008,3,lat_menor_que_menos35,26100,25925.753811107996,7994.784889567592,18365.13972270027,18169.57810422738,17451.68248953376
controle_defasado,H1,2008-03-01,2008,3,lat_menos35_a_menos15,20880,33169.64879420774,464.73751153924354,17263.265982672496,29819.330873672916,18808.59412325443
controle_defasado,H1,2008-03-01,2008,3,lat_maior_igual_menos15,31581,120202.66935030406,-5402.9015744151,40071.033126309165,119665.65764691916,31215.50842646724
controle_defasado,H1,2008-04-01,2008,4,dominio_inteiro,78561,249750.03847668183,959.6199748740121,91671.76126548843,233824.95836444938,67475.78503925544
controle_defasado,H1,2008-04-01,2008,4,lat_menor_que_menos35,26100,34079.9646516092,-5518.1255373032145,22674.423516101524,23974.2537584584,17451.68248953376
controle_defasado,H1,2008-04-01,2008,4,lat_menos35_a_menos15,20880,47752.821804032326,-2505.8286110651115,21213.52582216156,42602.49326229134,18808.59412325443
controle_defasado,H1,2008-04-01,2008,4,lat_maior_igual_menos15,31581,167917.2520210403,8983.574123242339,47783.81192722534,167248.2113436996,31215.50842646724
controle_defasado,H1,2008-05-01,2008,5,dominio_inteiro,78561,213943.64669586334,-1591.3393848997428,83880.21354109826,197567.7719482514,67475.78503925544
controle_defasado,H1,2008-05-01,2008,5,lat_menor_que_menos35,26100,43371.276184040435,-8180.177682693014,23304.449957588124,32110.265968122625,17451.68248953376
controle_defasado,H1,2008-05-01,2008,5,lat_menos35_a_menos15,20880,34820.924014038654,3792.3338890329283,18804.53094201391,30389.99669537355,18808.59412325443
controle_defasado,H1,2008-05-01,2008,5,lat_maior_igual_menos15,31581,135751.44649778426,2796.5044087603437,41771.23264149623,135067.50928475524,31215.50842646724
controle_defasado,H1,2008-06-01,2008,6,dominio_inteiro,78561,224137.0068071983,6133.487604565688,72298.79879116117,215012.33111135673,67475.78503925544
controle_defasado,H1,2008-06-01,2008,6,lat_menor_que_menos35,26100,28220.820134574853,12240.940325896381,18276.588113970196,20734.752373685573,17451.68248953376
controle_defasado,H1,2008-06-01,2008,6,lat_menos35_a_menos15,20880,9095.03276653358,4099.554493543168,9340.829230581281,8037.004436036803,18808.59412325443
controle_defasado,H1,2008-06-01,2008,6,lat_maior_igual_menos15,31581,186821.15390608986,-10207.007214873865,44681.381446609696,186240.57430163433,31215.50842646724
controle_defasado,H1,2008-07-01,2008,7,dominio_inteiro,78561,166626.28689454147,-8416.533905566204,69551.25434296097,155197.147385264,67475.78503925544
controle_defasado,H1,2008-07-01,2008,7,lat_menor_que_menos35,26100,31168.976319377816,-3925.488211466394,18749.049680245233,23106.941799362132,17451.68248953376
controle_defasado,H1,2008-07-01,2008,7,lat_menos35_a_menos15,20880,19285.05187374275,5966.890383585181,13559.775171317364,16959.92058832684,18808.59412325443
controle_defasado,H1,2008-07-01,2008,7,lat_maior_igual_menos15,31581,116172.25870142091,-10457.93607768499,37242.42949139837,115130.28499757501,31215.50842646724
controle_defasado,H1,2008-08-01,2008,8,dominio_inteiro,78561,169878.6933011625,-25427.351834315952,69358.27713788148,152914.87669246588,67475.78503925544
controle_defasado,H1,2008-08-01,2008,8,lat_menor_que_menos35,26100,46519.388080601886,-16239.348327008665,23387.72905325809,33769.761318112665,17451.68248953376
controle_defasado,H1,2008-08-01,2008,8,lat_menos35_a_menos15,20880,24137.147744762726,-6621.975937865486,13766.478350739822,20967.09696146107,18808.59412325443
controle_defasado,H1,2008-08-01,2008,8,lat_maior_igual_menos15,31581,99222.15747579793,-2566.0275694418006,32204.06973388356,98178.01841289215,31215.50842646724
controle_defasado,H1,2008-09-01,2008,9,dominio_inteiro,78561,152758.99858349675,21787.39545987801,69422.32391489856,138811.9538206217,67475.78503925544
controle_defasado,H1,2008-09-01,2008,9,lat_menor_que_menos35,26100,32448.53533195437,15210.079552160005,22638.553955921932,22085.160398116906,17451.68248953376
controle_defasado,H1,2008-09-01,2008,9,lat_menos35_a_menos15,20880,26740.803606842215,3288.0087543391737,15482.642794483698,24104.58541941241,18808.59412325443
controle_defasado,H1,2008-09-01,2008,9,lat_maior_igual_menos15,31581,93569.65964470016,3289.3071533788343,31301.12716449293,92622.20800309238,31215.50842646724
controle_defasado,H1,2008-10-01,2008,10,dominio_inteiro,78561,253368.2225685853,-25081.23208359232,82136.1302645384,241207.56299183465,67475.78503925544
controle_defasado,H1,2008-10-01,2008,10,lat_menor_que_menos35,26100,17112.500314409754,-1645.86801985617,15881.815089967029,11692.178783621215,17451.68248953376
controle_defasado,H1,2008-10-01,2008,10,lat_menos35_a_menos15,20880,38634.282042287516,4009.8609793779297,18267.914715900344,34934.77865445724,18808.59412325443
controle_defasado,H1,2008-10-01,2008,10,lat_maior_igual_menos15,31581,197621.44021188805,-27445.225043114082,47986.40045867102,194580.6055537562,31215.50842646724
controle_defasado,H1,2008-11-01,2008,11,dominio_inteiro,78561,393039.690534977,-10801.445609082573,98720.84818631083,376829.0238282456,67475.78503925544
controle_defasado,H1,2008-11-01,2008,11,lat_menor_que_menos35,26100,23962.616134421303,4704.447905630284,17137.289730743978,17774.30820263725,17451.68248953376
controle_defasado,H1,2008-11-01,2008,11,lat_menos35_a_menos15,20880,75452.6690668634,2545.988733032037,24813.691615008906,68584.22559607537,18808.59412325443
controle_defasado,H1,2008-11-01,2008,11,lat_maior_igual_menos15,31581,293624.4053336922,-18051.8822477449,56769.86684055796,290470.49002953304,31215.50842646724
controle_defasado,H1,2008-12-01,2008,12,dominio_inteiro,78561,287475.24634941004,-3638.8816534392618,94101.35695478848,273116.90895495383,67475.78503925544
controle_defasado,H1,2008-12-01,2008,12,lat_menor_que_menos35,26100,18410.678907689537,6111.29748731799,15791.029435490469,13164.570867821447,17451.68248953376
controle_defasado,H1,2008-12-01,2008,12,lat_menos35_a_menos15,20880,72013.12663506568,584.027916446649,25216.333433426673,64522.17700958129,18808.59412325443
controle_defasado,H1,2008-12-01,2008,12,lat_maior_igual_menos15,31581,197051.44080665475,-10334.2070572039,53093.99408587134,195430.16107755108,31215.50842646724
sst_defasada,H1,2007-01-01,2007,1,dominio_inteiro,78561,246692.11848359223,7490.875751230666,85882.8133457357,231481.1591256671,67475.78503925544
sst_defasada,H1,2007-01-01,2007,1,lat_menor_que_menos35,26100,25579.299005827866,-997.835050781993,17308.806873352878,18670.293459394186,17451.68248953376
sst_defasada,H1,2007-01-01,2007,1,lat_menos35_a_menos15,20880,88686.74588959978,-9199.874189691473,26765.936085908652,81283.74373282709,18808.59412325443
sst_defasada,H1,2007-01-01,2007,1,lat_maior_igual_menos15,31581,132426.07358816458,17688.584991704134,41808.070386474166,131527.1219334458,31215.50842646724
sst_defasada,H1,2007-02-01,2007,2,dominio_inteiro,78561,356748.95331084536,5211.373254444246,106819.8520594253,339958.0152417973,67475.78503925544
sst_defasada,H1,2007-02-01,2007,2,lat_menor_que_menos35,26100,30575.809812602405,-877.606287989499,21459.50861744015,21983.609901792675,17451.68248953376
sst_defasada,H1,2007-02-01,2007,2,lat_menos35_a_menos15,20880,72977.05925699056,-5926.801295135214,24226.410537095027,66733.54956899192,18808.59412325443
sst_defasada,H1,2007-02-01,2007,2,lat_maior_igual_menos15,31581,253196.0842412524,12015.780837568956,61133.93290489012,251240.85577101266,31215.50842646724
sst_defasada,H1,2007-03-01,2007,3,dominio_inteiro,78561,345787.71853800333,-7256.104090169678,95146.04446055954,325436.8124420159,67475.78503925544
sst_defasada,H1,2007-03-01,2007,3,lat_menor_que_menos35,26100,27091.997414400113,-4714.252685342805,18027.28669037027,19802.291662336593,17451.68248953376
sst_defasada,H1,2007-03-01,2007,3,lat_menos35_a_menos15,20880,105107.95570548272,6494.070529456087,29049.680905004552,93133.0320287412,18808.59412325443
sst_defasada,H1,2007-03-01,2007,3,lat_maior_igual_menos15,31581,213587.7654181205,-9035.921934282958,48069.07686518473,212501.48875093812,31215.50842646724
sst_defasada,H1,2007-04-01,2007,4,dominio_inteiro,78561,168965.95646240757,-9151.670136389434,69236.7500781477,157852.27279185253,67475.78503925544
sst_defasada,H1,2007-04-01,2007,4,lat_menor_que_menos35,26100,26690.001321544154,-6018.909382283321,18295.49026993439,17921.097779039595,17451.68248953376
sst_defasada,H1,2007-04-01,2007,4,lat_menos35_a_menos15,20880,17400.725903147144,2353.8376266748287,12996.810014606115,15511.488208206725,18808.59412325443
sst_defasada,H1,2007-04-01,2007,4,lat_maior_igual_menos15,31581,124875.2292377163,-5486.598380780942,37944.44979360719,124419.68680460623,31215.50842646724
sst_defasada,H1,2007-05-01,2007,5,dominio_inteiro,78561,286371.6405069674,-3866.4444550887424,85148.00150897745,268688.1192879169,67475.78503925544
sst_defasada,H1,2007-05-01,2007,5,lat_menor_que_menos35,26100,51796.36232998399,8436.174608638219,24037.73865412449,38405.67652931226,17451.68248953376
sst_defasada,H1,2007-05-01,2007,5,lat_menos35_a_menos15,20880,24135.782097651205,-42.62283773750846,14403.433339956928,20933.419489432,18808.59412325443
sst_defasada,H1,2007-05-01,2007,5,lat_maior_igual_menos15,31581,210439.49607933225,-12259.996225989453,46706.82951489603,209349.0232691726,31215.50842646724
sst_defasada,H1,2007-06-01,2007,6,dominio_inteiro,78561,200434.5422328463,17754.39237840469,74602.90795999028,189183.56047654076,67475.78503925544
sst_defasada,H1,2007-06-01,2007,6,lat_menor_que_menos35,26100,26408.73875713295,676.5427440116922,18373.525750734672,18854.63357721654,17451.68248953376
sst_defasada,H1,2007-06-01,2007,6,lat_menos35_a_menos15,20880,23833.515302104577,7486.649080650493,15047.2847755346,21212.566850037307,18808.59412325443
sst_defasada,H1,2007-06-01,2007,6,lat_maior_igual_menos15,31581,150192.2881736088,9591.2005537425,41182.097433721,149116.36004928692,31215.50842646724
sst_defasada,H1,2007-07-01,2007,7,dominio_inteiro,78561,145404.2955252084,10794.259251400397,62256.0815608169,134582.63944082768,67475.78503925544
sst_defasada,H1,2007-07-01,2007,7,lat_menor_que_menos35,26100,26411.0555581598,4047.1887232269814,18279.73980928158,19149.169364574314,17451.68248953376
sst_defasada,H1,2007-07-01,2007,7,lat_menos35_a_menos15,20880,21517.966172352648,-200.33341030047924,14214.684767888752,18757.678752542623,18808.59412325443
sst_defasada,H1,2007-07-01,2007,7,lat_maior_igual_menos15,31581,97475.27379469597,6947.403938473897,29761.65698364658,96675.79132371074,31215.50842646724
sst_defasada,H1,2007-08-01,2007,8,dominio_inteiro,78561,225026.47808049695,-15143.53007380621,73931.37115379689,213459.83130593266,67475.78503925544
sst_defasada,H1,2007-08-01,2007,8,lat_menor_que_menos35,26100,23303.951059878556,-4421.916870279386,18034.508275325712,16079.837020949082,17451.68248953376
sst_defasada,H1,2007-08-01,2007,8,lat_menos35_a_menos15,20880,16393.118075646587,6787.562413424492,13027.181861716568,14344.061332265781,18808.59412325443
sst_defasada,H1,2007-08-01,2007,8,lat_maior_igual_menos15,31581,185329.4089449718,-17509.175616951317,42869.68101675462,183035.93295271782,31215.50842646724
sst_defasada,H1,2007-09-01,2007,9,dominio_inteiro,78561,178247.73170970898,15468.54285516213,72613.08917937997,167340.71788874353,67475.78503925544
sst_defasada,H1,2007-09-01,2007,9,lat_menor_que_menos35,26100,20953.419994272503,372.51718905100506,17109.513671656638,14982.055160847414,17451.68248953376
sst_defasada,H1,2007-09-01,2007,9,lat_menos35_a_menos15,20880,37172.483637941084,14381.254569592664,19353.228778345812,33574.77627552952,18808.59412325443
sst_defasada,H1,2007-09-01,2007,9,lat_maior_igual_menos15,31581,120121.82807749539,714.771096518456,36150.34672937752,118783.8864523666,31215.50842646724
sst_defasada,H1,2007-10-01,2007,10,dominio_inteiro,78561,237723.44540327444,-9424.925663584103,80720.4217222683,223754.07858331333,67475.78503925544
sst_defasada,H1,2007-10-01,2007,10,lat_menor_que_menos35,26100,27414.079772481524,-8619.125085370968,18417.415390473354,19526.72289294307,17451.68248953376
sst_defasada,H1,2007-10-01,2007,10,lat_menos35_a_menos15,20880,40698.08161635474,10071.081964581559,19817.615126246295,36158.11101844994,18808.59412325443
sst_defasada,H1,2007-10-01,2007,10,lat_maior_igual_menos15,31581,169611.2840144382,-10876.882542794694,42485.39120554866,168069.24467192029,31215.50842646724
sst_defasada,H1,2007-11-01,2007,11,dominio_inteiro,78561,203702.30689239336,-11000.011983649625,79230.67824151783,188532.18273063985,67475.78503925544
sst_defasada,H1,2007-11-01,2007,11,lat_menor_que_menos35,26100,35597.47147568752,-9320.215056233033,20805.378034442314,25850.39605075655,17451.68248953376
sst_defasada,H1,2007-11-01,2007,11,lat_menos35_a_menos15,20880,50418.62664938273,-2343.797638734932,20480.864091873147,46126.20652466615,18808.59412325443
sst_defasada,H1,2007-11-01,2007,11,lat_maior_igual_menos15,31581,117686.20876732311,664.0007113183419,37944.43611520236,116555.58015521715,31215.50842646724
sst_defasada,H1,2007-12-01,2007,12,dominio_inteiro,78561,236784.3141292486,-3673.093089801667,78342.59990860522,227608.00897485198,67475.78503925544
sst_defasada,H1,2007-12-01,2007,12,lat_menor_que_menos35,26100,13170.717304326736,7478.582103744644,13604.775236021593,9639.090932749372,17451.68248953376
sst_defasada,H1,2007-12-01,2007,12,lat_menos35_a_menos15,20880,47795.84733659051,4453.11972689425,20273.976806322687,43356.35803851171,18808.59412325443
sst_defasada,H1,2007-12-01,2007,12,lat_maior_igual_menos15,31581,175817.74948833138,-15604.794920440561,44463.847866260956,174612.56000359094,31215.50842646724
sst_defasada,H1,2008-01-01,2008,1,dominio_inteiro,78561,280924.45136117993,-7291.948060765475,87127.45205523891,266964.5037892285,67475.78503925544
sst_defasada,H1,2008-01-01,2008,1,lat_menor_que_menos35,26100,22042.394952984214,7945.719124586187,17742.802168085007,15208.587692855712,17451.68248953376
sst_defasada,H1,2008-01-01,2008,1,lat_menos35_a_menos15,20880,77513.43526333403,-10724.85506432421,24350.74518425767,71347.25913647722,18808.59412325443
sst_defasada,H1,2008-01-01,2008,1,lat_maior_igual_menos15,31581,181368.62114486174,-4512.81212102745,45033.90470289625,180408.65695989563,31215.50842646724
sst_defasada,H1,2008-02-01,2008,2,dominio_inteiro,78561,267410.7305336869,-19853.046579524616,89937.71668037304,252191.09114048968,67475.78503925544
sst_defasada,H1,2008-02-01,2008,2,lat_menor_que_menos35,26100,19625.190430129125,103.50575399813516,16880.456848469406,13884.997815547984,17451.68248953376
sst_defasada,H1,2008-02-01,2008,2,lat_menos35_a_menos15,20880,91248.45225949826,-12600.773625051761,26993.066055872972,82527.43446362976,18808.59412325443
sst_defasada,H1,2008-02-01,2008,2,lat_maior_igual_menos15,31581,156537.0878440595,-7355.778708470986,46064.19377603067,155778.65886131197,31215.50842646724
sst_defasada,H1,2008-03-01,2008,3,dominio_inteiro,78561,179842.36018938647,773.2161801139551,75185.4356363385,168145.71332077307,67475.78503925544
sst_defasada,H1,2008-03-01,2008,3,lat_menor_que_menos35,26100,25892.916443156988,7207.915754526802,18403.381595472136,18143.600121555934,17451.68248953376
sst_defasada,H1,2008-03-01,2008,3,lat_menos35_a_menos15,20880,33596.26782769079,147.07991128705294,17286.252929507544,30185.534599714705,18808.59412325443
sst_defasada,H1,2008-03-01,2008,3,lat_maior_igual_menos15,31581,120353.17591853868,-6581.779485699899,39495.80111135882,119816.57859950242,31215.50842646724
sst_defasada,H1,2008-04-01,2008,4,dominio_inteiro,78561,242237.5276285817,-2118.096168217547,90328.90844491654,225950.1684952727,67475.78503925544
sst_defasada,H1,2008-04-01,2008,4,lat_menor_que_menos35,26100,35052.397858117576,-6438.412771315252,22861.574323546858,24575.243882973264,17451.68248953376
sst_defasada,H1,2008-04-01,2008,4,lat_menos35_a_menos15,20880,47917.17483857431,-2819.2007758299023,21201.23481947634,42740.32330106486,18808.59412325443
sst_defasada,H1,2008-04-01,2008,4,lat_maior_igual_menos15,31581,159267.9549318898,7139.517378927609,46266.099301893344,158634.60131123458,31215.50842646724
sst_defasada,H1,2008-05-01,2008,5,dominio_inteiro,78561,215922.15256570716,-181.92479468873967,83994.0377105837,199301.91621240677,67475.78503925544
sst_defasada,H1,2008-05-01,2008,5,lat_menor_que_menos35,26100,44140.79808004243,-8898.162505253116,23561.428203255135,32670.104039732512,17451.68248953376
sst_defasada,H1,2008-05-01,2008,5,lat_menos35_a_menos15,20880,35327.01522481351,3865.301155947596,18901.87888897267,30853.44136075808,18808.59412325443
sst_defasada,H1,2008-05-01,2008,5,lat_maior_igual_menos15,31581,136454.33926085124,4850.936554616781,41530.730618355905,135778.3708119162,31215.50842646724
sst_defasada,H1,2008-06-01,2008,6,dominio_inteiro,78561,227373.3014968373,4048.0817229799595,72851.74482583406,218365.4212597416,67475.78503925544
sst_defasada,H1,2008-06-01,2008,6,lat_menor_que_menos35,26100,27723.272356627567,12103.736841726242,18279.438277473884,20358.591051656284,17451.68248953376
sst_defasada,H1,2008-06-01,2008,6,lat_menos35_a_menos15,20880,9238.67783149625,4405.118489917251,9466.900504813446,8169.725274756064,18808.59412325443
sst_defasada,H1,2008-06-01,2008,6,lat_maior_igual_menos15,31581,190411.35130871343,-12460.773608663538,45105.40604354674,189837.10493332928,31215.50842646724
sst_defasada,H1,2008-07-01,2008,7,dominio_inteiro,78561,167041.4149867629,-9354.194960155117,69422.23323699867,155348.2121770654,67475.78503925544
sst_defasada,H1,2008-07-01,2008,7,lat_menor_que_menos35,26100,32290.965472203738,-4965.685352379852,18807.122352764876,23937.071990821853,17451.68248953376
sst_defasada,H1,2008-07-01,2008,7,lat_menos35_a_menos15,20880,19187.371789532175,5984.709149293892,13550.877853743217,16873.41674222844,18808.59412325443
sst_defasada,H1,2008-07-01,2008,7,lat_maior_igual_menos15,31581,115563.07772502696,-10373.218757069157,37064.23303049058,114537.72344401511,31215.50842646724
sst_defasada,H1,2008-08-01,2008,8,dominio_inteiro,78561,165188.11598364433,-22721.124786365166,69128.98129568118,148371.12412699632,67475.78503925544
sst_defasada,H1,2008-08-01,2008,8,lat_menor_que_menos35,26100,46237.079490113865,-16110.272939299823,23438.072614915458,33546.15307485293,17451.68248953376
sst_defasada,H1,2008-08-01,2008,8,lat_menos35_a_menos15,20880,23985.42964162035,-6277.176974478804,13802.32902166415,20831.41782592718,18808.59412325443
sst_defasada,H1,2008-08-01,2008,8,lat_maior_igual_menos15,31581,94965.6068519101,-333.6748725865391,31888.57965910158,93993.55322621623,31215.50842646724
sst_defasada,H1,2008-09-01,2008,9,dominio_inteiro,78561,152205.52510537475,22958.37048548179,69163.99351696824,138375.6194405481,67475.78503925544
sst_defasada,H1,2008-09-01,2008,9,lat_menor_que_menos35,26100,32005.680357436027,14774.905644187133,22337.41912508538,21772.9622069402,17451.68248953376
sst_defasada,H1,2008-09-01,2008,9,lat_menos35_a_menos15,20880,26984.681511537307,3503.0239580409716,15573.17527558104,24324.45771833078,18808.59412325443
sst_defasada,H1,2008-09-01,2008,9,lat_maior_igual_menos15,31581,93215.16323640147,4680.440883253688,31253.39911630183,92278.19951527711,31215.50842646724
sst_defasada,H1,2008-10-01,2008,10,dominio_inteiro,78561,250861.49590550995,-25162.339641813876,81936.83337535529,238542.93400464812,67475.78503925544
sst_defasada,H1,2008-10-01,2008,10,lat_menor_que_menos35,26100,17398.622894488144,-2088.2571983110456,15979.556716820895,11834.637647678155,17451.68248953376
sst_defasada,H1,2008-10-01,2008,10,lat_menos35_a_menos15,20880,38880.16409943628,3874.0405083206106,18301.650450019086,35120.578106557165,18808.59412325443
sst_defasada,H1,2008-10-01,2008,10,lat_maior_igual_menos15,31581,194582.7089115855,-26948.122951823443,47655.626208515314,191587.71825041278,31215.50842646724
sst_defasada,H1,2008-11-01,2008,11,dominio_inteiro,78561,393393.63721878367,-10227.493469372992,98857.0894055644,377186.2362350665,67475.78503925544
sst_defasada,H1,2008-11-01,2008,11,lat_menor_que_menos35,26100,24299.6136192606,5028.077588856632,17249.86092622585,18038.425120479093,17451.68248953376
sst_defasada,H1,2008-11-01,2008,11,lat_menos35_a_menos15,20880,74705.45442602588,2498.813146192452,24687.376777255693,67913.80569760242,18808.59412325443
sst_defasada,H1,2008-11-01,2008,11,lat_maior_igual_menos15,31581,294388.56917349715,-17754.38420442208,56919.85170208286,291234.0054169849,31215.50842646724
sst_defasada,H1,2008-12-01,2008,12,dominio_inteiro,78561,284968.5943108584,-6527.586877119269,93348.92456516459,270881.76730569755,67475.78503925544
sst_defasada,H1,2008-12-01,2008,12,lat_menor_que_menos35,26100,17860.03255467204,5847.748758253116,15609.092385646696,12782.182726078125,17451.68248953376
sst_defasada,H1,2008-12-01,2008,12,lat_menos35_a_menos15,20880,70652.0745112195,-424.01280843946665,24940.886248184746,63316.965736250175,18808.59412325443
sst_defasada,H1,2008-12-01,2008,12,lat_maior_igual_menos15,31581,196456.48724496685,-11951.32282693292,52798.94593133315,194782.61884336924,31215.50842646724
climatologia,H1,2007-01-01,2007,1,dominio_inteiro,78561,243727.01710497116,15843.211771037662,85997.42456723785,229197.5254961048,67475.78503925544
climatologia,H1,2007-01-01,2007,1,lat_menor_que_menos35,26100,27648.846527206602,-337.2764429003,17793.275801360607,20049.812313113292,17451.68248953376
climatologia,H1,2007-01-01,2007,1,lat_menos35_a_menos15,20880,71603.04432652556,-7327.6487991584,24054.193490367732,65410.670115764326,18808.59412325443
climatologia,H1,2007-01-01,2007,1,lat_maior_igual_menos15,31581,144475.12625123898,23508.137013096362,44149.95527550951,143737.0430672272,31215.50842646724
climatologia,H1,2007-02-01,2007,2,dominio_inteiro,78561,380213.93210152956,4923.407014134107,108777.75360213337,363791.8104677605,67475.78503925544
climatologia,H1,2007-02-01,2007,2,lat_menor_que_menos35,26100,29069.556796687568,-1050.6165217757225,20857.72514501214,20912.25030703441,17451.68248953376
climatologia,H1,2007-02-01,2007,2,lat_menos35_a_menos15,20880,69583.02872058829,-4453.401524867164,23653.187537211226,63520.03614057136,18808.59412325443
climatologia,H1,2007-02-01,2007,2,lat_maior_igual_menos15,31581,281561.34658425365,10427.425060776994,64266.84091991,279359.5240201548,31215.50842646724
climatologia,H1,2007-03-01,2007,3,dominio_inteiro,78561,428567.50484308985,-7735.020480127074,104197.39545666892,407636.9493910697,67475.78503925544
climatologia,H1,2007-03-01,2007,3,lat_menor_que_menos35,26100,28773.304318282615,-2714.8787795603275,18538.88986930251,21103.52155633196,17451.68248953376
climatologia,H1,2007-03-01,2007,3,lat_menos35_a_menos15,20880,108711.26379481913,9185.178616856225,30424.261229357682,96637.08970761567,18808.59412325443
climatologia,H1,2007-03-01,2007,3,lat_maior_igual_menos15,31581,291082.93672998814,-14205.320317422971,55234.24435800873,289896.338127122,31215.50842646724
climatologia,H1,2007-04-01,2007,4,dominio_inteiro,78561,198839.32986509567,-7737.425438072532,74125.25543967634,188384.4457872083,67475.78503925544
climatologia,H1,2007-04-01,2007,4,lat_menor_que_menos35,26100,24131.024999544356,-5417.824785768986,17784.00160139799,16260.827711906531,17451.68248953376
climatologia,H1,2007-04-01,2007,4,lat_menos35_a_menos15,20880,19424.4337569788,4075.882695797831,14247.773349933326,17425.13644090478,18808.59412325443
climatologia,H1,2007-04-01,2007,4,lat_maior_igual_menos15,31581,155283.87110857252,-6395.4833481013775,42093.48048834503,154698.48163439697,31215.50842646724
climatologia,H1,2007-05-01,2007,5,dominio_inteiro,78561,319806.0905065427,-2130.2817009962164,90310.57968776533,301843.3054957601,67475.78503925544
climatologia,H1,2007-05-01,2007,5,lat_menor_que_menos35,26100,52122.0872481024,8601.958325326443,24139.53222411871,38651.1807650426,17451.68248953376
climatologia,H1,2007-05-01,2007,5,lat_menos35_a_menos15,20880,24732.94216662096,1878.313825224992,15111.586761561688,21503.926543390957,18808.59412325443
climatologia,H1,2007-05-01,2007,5,lat_maior_igual_menos15,31581,242951.0610918193,-12610.553851547651,51059.460702084936,241688.19818732655,31215.50842646724
climatologia,H1,2007-06-01,2007,6,dominio_inteiro,78561,232107.83685730665,17366.973557863617,79701.7865167989,219559.76442127812,67475.78503925544
climatologia,H1,2007-06-01,2007,6,lat_menor_que_menos35,26100,29957.42504705068,1179.1344250440598,19352.62331020832,21478.71793050471,17451.68248953376
climatologia,H1,2007-06-01,2007,6,lat_menos35_a_menos15,20880,28074.9605597259,9513.728531720117,16473.561044869944,25066.34110018168,18808.59412325443
climatologia,H1,2007-06-01,2007,6,lat_maior_igual_menos15,31581,174075.4512505301,6674.110601099441,43875.60216172063,173014.7053905917,31215.50842646724
climatologia,H1,2007-07-01,2007,7,dominio_inteiro,78561,150896.34385984277,10427.913365219254,63252.95252099866,140408.50196331224,67475.78503925544
climatologia,H1,2007-07-01,2007,7,lat_menor_que_menos35,26100,25581.143458812556,4373.583749234676,18316.70811790228,18915.69129488197,17451.68248953376
climatologia,H1,2007-07-01,2007,7,lat_menos35_a_menos15,20880,22965.825549668178,1425.0530860153958,15000.481356787495,19979.16195155094,18808.59412325443
climatologia,H1,2007-07-01,2007,7,lat_maior_igual_menos15,31581,102349.37485136204,4629.276529969182,29935.763046308886,101513.64871687934,31215.50842646724
climatologia,H1,2007-08-01,2007,8,dominio_inteiro,78561,242527.53258621367,-14137.86157321278,78267.27791145071,230328.2078698625,67475.78503925544
climatologia,H1,2007-08-01,2007,8,lat_menor_que_menos35,26100,24309.90242647448,-3295.783916950226,18652.674415409565,16972.93805861251,17451.68248953376
climatologia,H1,2007-08-01,2007,8,lat_menos35_a_menos15,20880,20692.33956464365,8701.776312023401,14959.555256038904,18194.977632352537,18808.59412325443
climatologia,H1,2007-08-01,2007,8,lat_maior_igual_menos15,31581,197525.29059509555,-19543.853968285955,44655.048240002245,195160.29217889748,31215.50842646724
climatologia,H1,2007-09-01,2007,9,dominio_inteiro,78561,200496.53228639477,16615.985685997177,77282.64531149622,189002.35853484026,67475.78503925544
climatologia,H1,2007-09-01,2007,9,lat_menor_que_menos35,26100,19640.004547156186,278.1726956963539,16526.48151499033,14143.778523161754,17451.68248953376
climatologia,H1,2007-09-01,2007,9,lat_menos35_a_menos15,20880,47411.430672498514,16886.485593121033,22085.919619994238,42908.92481454127,18808.59412325443
climatologia,H1,2007-09-01,2007,9,lat_maior_igual_menos15,31581,133445.0970667401,-548.6726028202102,38670.24417651165,131949.6551971372,31215.50842646724
climatologia,H1,2007-10-01,2007,10,dominio_inteiro,78561,285492.0385889042,-12099.202158599888,88800.93521408804,270304.4456658929,67475.78503925544
climatologia,H1,2007-10-01,2007,10,lat_menor_que_menos35,26100,28882.91592540309,-8407.735891610384,19095.38244268298,20415.407304831315,17451.68248953376
climatologia,H1,2007-10-01,2007,10,lat_menos35_a_menos15,20880,42702.924635459596,11853.630294781382,20466.25896072827,38074.192673145335,18808.59412325443
climatologia,H1,2007-10-01,2007,10,lat_maior_igual_menos15,31581,213906.19802804152,-15545.096561770886,49239.29381067678,211814.8456879162,31215.50842646724
climatologia,H1,2007-11-01,2007,11,dominio_inteiro,78561,242678.89324291714,-10119.527681245374,83669.53161110342,226760.68865970644,67475.78503925544
climatologia,H1,2007-11-01,2007,11,lat_menor_que_menos35,26100,36206.7032221293,-8017.184385359287,20876.723991155624,26369.70296053145,17451.68248953376
climatologia,H1,2007-11-01,2007,11,lat_menos35_a_menos15,20880,50878.48363095695,-429.7985962116145,21292.373873246695,46179.12154176003,18808.59412325443
climatologia,H1,2007-11-01,2007,11,lat_maior_igual_menos15,31581,155593.7063898309,-1672.5446996744722,41500.43374670111,154211.86415741497,31215.50842646724
climatologia,H1,2007-12-01,2007,12,dominio_inteiro,78561,284223.39650069433,-11999.046629584627,83563.64087892114,275266.66441132367,67475.78503925544
climatologia,H1,2007-12-01,2007,12,lat_menor_que_menos35,26100,12331.36142680303,6736.180936038494,13135.07036498189,9008.765985041668,17451.68248953376
climatologia,H1,2007-12-01,2007,12,lat_menos35_a_menos15,20880,45376.118692841104,7057.077880699886,20191.869700984797,41139.59816835951,18808.59412325443
climatologia,H1,2007-12-01,2007,12,lat_maior_igual_menos15,31581,226515.91638105022,-25792.305446323007,50236.700812954456,225118.3002579225,31215.50842646724
climatologia,H1,2008-01-01,2008,1,dominio_inteiro,78561,242953.0153082427,-8417.19281575433,78745.60602247319,229610.59970512363,67475.78503925544
climatologia,H1,2008-01-01,2008,1,lat_menor_que_menos35,26100,21887.345487353192,8805.85099850595,17736.367943152785,15097.211633453388,17451.68248953376
climatologia,H1,2008-01-01,2008,1,lat_menos35_a_menos15,20880,73154.46975292853,-8296.578089929884,24293.84951831377,67360.56824024435,18808.59412325443
climatologia,H1,2008-01-01,2008,1,lat_maior_igual_menos15,31581,147911.20006796098,-8926.465724330395,36715.388561006635,147152.81983142588,31215.50842646724
climatologia,H1,2008-02-01,2008,2,dominio_inteiro,78561,266391.7184622529,-32129.33880495769,88193.51568793715,252541.57830696192,67475.78503925544
climatologia,H1,2008-02-01,2008,2,lat_menor_que_menos35,26100,18364.34781894657,-271.5799998641014,16473.153055727482,12719.535509253428,17451.68248953376
climatologia,H1,2008-02-01,2008,2,lat_menos35_a_menos15,20880,75531.4422110039,-11001.848180140601,23959.559364259476,68073.14328353057,18808.59412325443
climatologia,H1,2008-02-01,2008,2,lat_maior_igual_menos15,31581,172495.9284323025,-20855.910624952987,47760.80326795019,171748.89951417793,31215.50842646724
climatologia,H1,2008-03-01,2008,3,dominio_inteiro,78561,212902.666425059,-11139.059863061644,79830.64821486454,200737.8392784362,67475.78503925544
climatologia,H1,2008-03-01,2008,3,lat_menor_que_menos35,26100,25347.42188750056,8235.902088969946,18307.125267237425,17897.531201115664,17451.68248953376
climatologia,H1,2008-03-01,2008,3,lat_menos35_a_menos15,20880,39414.66273797304,2322.2578557478264,19331.009762276895,35319.50255915911,18808.59412325443
climatologia,H1,2008-03-01,2008,3,lat_maior_igual_menos15,31581,148140.58179958537,-21697.219807779416,42192.513185350224,147520.80551816148,31215.50842646724
climatologia,H1,2008-04-01,2008,4,dominio_inteiro,78561,271383.59018433234,-19543.699852135032,90237.78462948464,254853.58992405553,67475.78503925544
climatologia,H1,2008-04-01,2008,4,lat_menor_que_menos35,26100,35017.719354915345,-7016.405146181583,22665.577894866467,24493.91266910714,17451.68248953376
climatologia,H1,2008-04-01,2008,4,lat_menos35_a_menos15,20880,49131.46881795756,262.7113090790808,21422.568476172164,43656.67697599446,18808.59412325443
climatologia,H1,2008-04-01,2008,4,lat_maior_igual_menos15,31581,187234.40201145946,-12790.00601503253,46149.63825844601,186703.00027895396,31215.50842646724
climatologia,H1,2008-05-01,2008,5,dominio_inteiro,78561,233811.0362449589,-20748.008980659302,86766.8065010109,218723.00553748177,67475.78503925544
climatologia,H1,2008-05-01,2008,5,lat_menor_que_menos35,26100,38535.63697826373,-8164.969393789768,21978.67532080412,28480.41782891854,17451.68248953376
climatologia,H1,2008-05-01,2008,5,lat_menos35_a_menos15,20880,33873.12924065627,5280.230329131242,18741.78897436103,29656.879672688792,18808.59412325443
climatologia,H1,2008-05-01,2008,5,lat_maior_igual_menos15,31581,161402.2700260389,-17863.269916000776,46046.34220584575,160585.70803587444,31215.50842646724
climatologia,H1,2008-06-01,2008,6,dominio_inteiro,78561,343702.3253436185,-9133.707365598297,83157.09653278603,335796.7231600436,67475.78503925544
climatologia,H1,2008-06-01,2008,6,lat_menor_que_menos35,26100,22122.829989863098,10493.152674555779,17070.662221491337,16131.322660775802,17451.68248953376
climatologia,H1,2008-06-01,2008,6,lat_menos35_a_menos15,20880,9964.536107307313,5169.131668927148,9985.661499906331,8795.87235258479,18808.59412325443
climatologia,H1,2008-06-01,2008,6,lat_maior_igual_menos15,31581,311614.959246448,-24795.991709081223,56100.772811388364,310869.52814668306,31215.50842646724
climatologia,H1,2008-07-01,2008,7,dominio_inteiro,78561,202389.43532092072,-14233.103099014144,73353.39336034516,190581.57061324775,67475.78503925544
climatologia,H1,2008-07-01,2008,7,lat_menor_que_menos35,26100,32840.98449074884,-2544.8847261071205,19180.24965852499,24379.773268991805,17451.68248953376
climatologia,H1,2008-07-01,2008,7,lat_menos35_a_menos15,20880,18778.383891046895,7106.161560746841,13805.262562404387,16496.439820003587,18808.59412325443
climatologia,H1,2008-07-01,2008,7,lat_maior_igual_menos15,31581,150770.06693912498,-18794.379933653865,40367.88113941578,149705.35752425238,31215.50842646724
climatologia,H1,2008-08-01,2008,8,dominio_inteiro,78561,177224.75576310736,-24708.01004123036,70670.25877622701,162274.2963262592,67475.78503925544
climatologia,H1,2008-08-01,2008,8,lat_menor_que_menos35,26100,38401.22111897534,-13103.597561359406,21590.254137933254,27633.731845042435,17451.68248953376
climatologia,H1,2008-08-01,2008,8,lat_menos35_a_menos15,20880,22801.38009639949,-4688.051416248083,13868.86794539541,19851.316658209278,18808.59412325443
climatologia,H1,2008-08-01,2008,8,lat_maior_igual_menos15,31581,116022.15454773253,-6916.36106362287,35211.13669289835,114789.2478230075,31215.50842646724
climatologia,H1,2008-09-01,2008,9,dominio_inteiro,78561,171040.6249864829,22363.788420372177,73198.65619157394,154530.9881283636,67475.78503925544
climatologia,H1,2008-09-01,2008,9,lat_menor_que_menos35,26100,39047.636356052855,18813.80769020319,24947.269702076912,26504.8554519648,17451.68248953376
climatologia,H1,2008-09-01,2008,9,lat_menos35_a_menos15,20880,29103.563551683263,4823.266522686463,16376.204480972607,26237.556910185554,18808.59412325443
climatologia,H1,2008-09-01,2008,9,lat_maior_igual_menos15,31581,102889.4250787468,-1273.2857925174758,31875.182008524425,101788.57576621324,31215.50842646724
climatologia,H1,2008-10-01,2008,10,dominio_inteiro,78561,265237.37701537355,-22013.823511749302,82533.74683959762,253117.57441044127,67475.78503925544
climatologia,H1,2008-10-01,2008,10,lat_menor_que_menos35,26100,17667.230904527678,1502.155236929655,16581.832956045866,12247.702468853538,17451.68248953376
climatologia,H1,2008-10-01,2008,10,lat_menos35_a_menos15,20880,35589.451797538284,3591.4366149718117,17662.917542148178,32065.92647552006,18808.59412325443
climatologia,H1,2008-10-01,2008,10,lat_maior_igual_menos15,31581,211980.69431330764,-27107.41536365077,48288.996341403574,208803.9454660677,31215.50842646724
climatologia,H1,2008-11-01,2008,11,dominio_inteiro,78561,464514.7775405204,-16214.614732636976,106180.55195427078,445455.70594311436,67475.78503925544
climatologia,H1,2008-11-01,2008,11,lat_menor_que_menos35,26100,26513.79531179548,5932.419649064541,18043.570642530918,19694.754996845135,17451.68248953376
climatologia,H1,2008-11-01,2008,11,lat_menos35_a_menos15,20880,90256.81185128196,2587.735659769831,27363.319153449942,81957.53911334972,18808.59412325443
climatologia,H1,2008-11-01,2008,11,lat_maior_igual_menos15,31581,347744.17037744296,-24734.770041471347,60773.662158289924,343803.41183291946,31215.50842646724
climatologia,H1,2008-12-01,2008,12,dominio_inteiro,78561,340364.0115669921,-17408.50192896207,99638.83595277718,324138.7239854619,67475.78503925544
climatologia,H1,2008-12-01,2008,12,lat_menor_que_menos35,26100,20085.418237149985,6360.594426333904,16491.94972488284,14367.285776439385,17451.68248953376
climatologia,H1,2008-12-01,2008,12,lat_menos35_a_menos15,20880,82099.06095032733,2529.9906690909993,27000.50321219093,73492.2940635363,18808.59412325443
climatologia,H1,2008-12-01,2008,12,lat_maior_igual_menos15,31581,238179.5323795147,-26299.087024386972,56146.38301570341,236279.14414548624,31215.50842646724
controle_defasado,H2,2009-01-01,2009,1,dominio_inteiro,78561,244494.02690625738,-10931.310783796838,85289.94137703218,230798.30908050443,67475.78503925544
controle_defasado,H2,2009-01-01,2009,1,lat_menor_que_menos35,26100,20753.924304751417,4348.935675655181,16520.165896865947,14651.357276316267,17451.68248953376
controle_defasado,H2,2009-01-01,2009,1,lat_menos35_a_menos15,20880,64364.89077576593,198.14407106463295,23574.313720898543,57481.57214392594,18808.59412325443
controle_defasado,H2,2009-01-01,2009,1,lat_maior_igual_menos15,31581,159375.21182574003,-15478.390530516652,45195.46175926769,158665.37966026223,31215.50842646724
controle_defasado,H2,2009-02-01,2009,2,dominio_inteiro,78561,293429.39688239194,-26709.430864794333,89470.9584839497,274654.9507469542,67475.78503925544
controle_defasado,H2,2009-02-01,2009,2,lat_menor_que_menos35,26100,44808.09501447987,-11310.538137672918,21267.58001096014,30512.6406203976,17451.68248953376
controle_defasado,H2,2009-02-01,2009,2,lat_menos35_a_menos15,20880,34246.408012694126,2527.0295149196277,17905.40755694292,30919.804874063062,18808.59412325443
controle_defasado,H2,2009-02-01,2009,2,lat_maior_igual_menos15,31581,214374.89385521793,-17925.92224204104,50297.97091604662,213222.50525249352,31215.50842646724
controle_defasado,H2,2009-03-01,2009,3,dominio_inteiro,78561,232936.40525577095,-5336.524801242313,84753.22503953219,218678.06917668215,67475.78503925544
controle_defasado,H2,2009-03-01,2009,3,lat_menor_que_menos35,26100,23834.935084902838,1230.4679904291856,18951.709844328798,16227.240380698253,17451.68248953376
controle_defasado,H2,2009-03-01,2009,3,lat_menos35_a_menos15,20880,61445.03600226213,1437.7248065248273,22991.91628752211,55432.54742568433,18808.59412325443
controle_defasado,H2,2009-03-01,2009,3,lat_maior_igual_menos15,31581,147656.43416860595,-8004.717598196328,42809.5989076813,147018.28137029958,31215.50842646724
controle_defasado,H2,2009-04-01,2009,4,dominio_inteiro,78561,372977.51831406483,-3757.4410302897695,111805.89762421958,349284.6502551462,67475.78503925544
controle_defasado,H2,2009-04-01,2009,4,lat_menor_que_menos35,26100,34604.5410229298,-3673.207116077894,22898.090094217685,24559.059777492374,17451.68248953376
controle_defasado,H2,2009-04-01,2009,4,lat_menos35_a_menos15,20880,118098.36989266687,7564.7798834274345,34982.919560772534,105806.6894371496,18808.59412325443
controle_defasado,H2,2009-04-01,2009,4,lat_maior_igual_menos15,31581,220274.60739846822,-7649.013797639309,53924.88796922934,218918.90104050422,31215.50842646724
controle_defasado,H2,2009-05-01,2009,5,dominio_inteiro,78561,375688.49128918425,5176.976483186643,102217.42378635085,361051.66744710715,67475.78503925544
controle_defasado,H2,2009-05-01,2009,5,lat_menor_que_menos35,26100,33990.64149986057,-8442.965950998028,19611.01357996045,23529.465932081093,17451.68248953376
controle_defasado,H2,2009-05-01,2009,5,lat_menos35_a_menos15,20880,22633.52511470721,12450.922105816113,16304.608544319879,20016.65908570033,18808.59412325443
controle_defasado,H2,2009-05-01,2009,5,lat_maior_igual_menos15,31581,319064.3246746164,1169.0203283685632,66301.8016620705,317505.5424293258,31215.50842646724
controle_defasado,H2,2009-06-01,2009,6,dominio_inteiro,78561,183349.12046636496,-1072.977751542725,77224.06209841013,169291.66413481522,67475.78503925544
controle_defasado,H2,2009-06-01,2009,6,lat_menor_que_menos35,26100,29545.327257216744,3362.9587666051048,20367.436124713753,20142.360225710134,17451.68248953376
controle_defasado,H2,2009-06-01,2009,6,lat_menos35_a_menos15,20880,33451.11221536132,-568.5863810093567,18257.875153643083,29456.175170192437,18808.59412325443
controle_defasado,H2,2009-06-01,2009,6,lat_maior_igual_menos15,31581,120352.68099378687,-3867.3501371384737,38598.750820053305,119693.12873891267,31215.50842646724
controle_defasado,H2,2009-07-01,2009,7,dominio_inteiro,78561,220852.81085370743,-4392.930208228265,76676.32460416973,204640.16506400885,67475.78503925544
controle_defasado,H2,2009-07-01,2009,7,lat_menor_que_menos35,26100,32186.911648798152,2442.506741140715,19696.602358271324,23798.636556543875,17451.68248953376
controle_defasado,H2,2009-07-01,2009,7,lat_menos35_a_menos15,20880,53306.45246867735,-5530.258667492319,18988.193037991303,46670.587348243644,18808.59412325443
controle_defasado,H2,2009-07-01,2009,7,lat_maior_igual_menos15,31581,135359.44673623194,-1305.1782818766605,37991.5292079071,134170.94115922134,31215.50842646724
controle_defasado,H2,2009-08-01,2009,8,dominio_inteiro,78561,302197.9372406525,-26010.81512389564,77883.56771631716,284048.8976338566,67475.78503925544
controle_defasado,H2,2009-08-01,2009,8,lat_menor_que_menos35,26100,50282.606482934934,-7367.387094147688,22662.802639485213,36930.976562267315,17451.68248953376
controle_defasado,H2,2009-08-01,2009,8,lat_menos35_a_menos15,20880,16803.094562389142,-225.8165316608605,12290.243479331959,14696.295037186628,18808.59412325443
controle_defasado,H2,2009-08-01,2009,8,lat_maior_igual_menos15,31581,235112.23619532847,-18417.61149808709,42930.521597499974,232421.62603440264,31215.50842646724
controle_defasado,H2,2009-09-01,2009,9,dominio_inteiro,78561,201925.16493415902,18926.80352368347,77335.92362834171,186261.31087372525,67475.78503925544
controle_defasado,H2,2009-09-01,2009,9,lat_menor_que_menos35,26100,23841.15196325225,1367.3686219042506,17716.720873594695,16329.808516686513,17451.68248953376
controle_defasado,H2,2009-09-01,2009,9,lat_menos35_a_menos15,20880,54186.12685764566,-6939.640316003013,20238.048241314897,47023.87575736983,18808.59412325443
controle_defasado,H2,2009-09-01,2009,9,lat_maior_igual_menos15,31581,123897.8861132611,24499.07521778223,39381.15451343212,122907.62659966893,31215.50842646724
controle_defasado,H2,2009-10-01,2009,10,dominio_inteiro,78561,246392.67405736927,-3946.7502378281642,82946.65156191532,231603.7605442048,67475.78503925544
controle_defasado,H2,2009-10-01,2009,10,lat_menor_que_menos35,26100,19742.215771706382,-5289.523746016151,16020.165091335599,13926.398606322013,17451.68248953376
controle_defasado,H2,2009-10-01,2009,10,lat_menos35_a_menos15,20880,79342.1818645179,48.885942884742235,26340.850302647723,71945.4554227182,18808.59412325443
controle_defasado,H2,2009-10-01,2009,10,lat_maior_igual_menos15,31581,147308.27642114498,1293.8875653032446,40585.636167931996,145731.90651516456,31215.50842646724
controle_defasado,H2,2009-11-01,2009,11,dominio_inteiro,78561,263579.5004868824,6102.938008426183,89958.67456501159,240081.24171569844,67475.78503925544
controle_defasado,H2,2009-11-01,2009,11,lat_menor_que_menos35,26100,34207.64988796648,-11376.989936737786,19707.19919324393,25104.809491149877,17451.68248953376
controle_defasado,H2,2009-11-01,2009,11,lat_menos35_a_menos15,20880,118731.3924987365,2917.4315084482296,30341.809244021984,105432.42478823528,18808.59412325443
controle_defasado,H2,2009-11-01,2009,11,lat_maior_igual_menos15,31581,110640.4581001794,14562.49643671574,39909.66612774568,109544.00743631329,31215.50842646724
controle_defasado,H2,2009-12-01,2009,12,dominio_inteiro,78561,213732.66728744746,-5326.297976184293,83195.35112790941,201078.7069484338,67475.78503925544
controle_defasado,H2,2009-12-01,2009,12,lat_menor_que_menos35,26100,19957.78583157752,2990.3365948523533,16771.177824571987,14132.6849950395,17451.68248953376
controle_defasado,H2,2009-12-01,2009,12,lat_menos35_a_menos15,20880,63581.38267664273,-7968.294322226781,23287.919793615234,57715.07897017457,18808.59412325443
controle_defasado,H2,2009-12-01,2009,12,lat_maior_igual_menos15,31581,130193.49877922723,-348.3402488098627,43136.25350972219,129230.94298321973,31215.50842646724
controle_defasado,H2,2010-01-01,2010,1,dominio_inteiro,78561,291892.2451084307,5141.231579086716,93338.01891003837,259914.80823057264,67475.78503925544
controle_defasado,H2,2010-01-01,2010,1,lat_menor_que_menos35,26100,49588.91291069535,-11844.126978361339,21233.04153706701,32901.32274743076,17451.68248953376
controle_defasado,H2,2010-01-01,2010,1,lat_menos35_a_menos15,20880,143158.3563030285,10357.649629972184,35128.41603199282,128867.39031144237,18808.59412325443
controle_defasado,H2,2010-01-01,2010,1,lat_maior_igual_menos15,31581,99144.97589470682,6627.708927475873,36976.561340978544,98146.0951716995,31215.50842646724
controle_defasado,H2,2010-02-01,2010,2,dominio_inteiro,78561,375794.50545459054,-8316.206989039958,113295.46911097852,343932.64513289864,67475.78503925544
controle_defasado,H2,2010-02-01,2010,2,lat_menor_que_menos35,26100,69058.3631297384,-23066.1907173652,31646.568577974584,49919.91111637377,17451.68248953376
controle_defasado,H2,2010-02-01,2010,2,lat_menos35_a_menos15,20880,105585.09257193371,5626.25217965402,30843.10900318733,93957.68716192912,18808.59412325443
controle_defasado,H2,2010-02-01,2010,2,lat_maior_igual_menos15,31581,201151.0497529184,9123.73154867122,50805.79152981663,200055.04685459568,31215.50842646724
controle_defasado,H2,2010-03-01,2010,3,dominio_inteiro,78561,264491.80339588213,13413.705005831323,85696.38346613004,251528.49159408474,67475.78503925544
controle_defasado,H2,2010-03-01,2010,3,lat_menor_que_menos35,26100,20214.062865475782,2640.688486412772,16377.125149874093,14689.777943990144,17451.68248953376
controle_defasado,H2,2010-03-01,2010,3,lat_menos35_a_menos15,20880,64015.473049255976,-967.9819687071986,22924.40337319235,57324.404834580775,18808.59412325443
controle_defasado,H2,2010-03-01,2010,3,lat_maior_igual_menos15,31581,180262.26748115034,11740.998488125751,46394.8549430636,179514.3088155138,31215.50842646724
controle_defasado,H2,2010-04-01,2010,4,dominio_inteiro,78561,300040.8376626026,-15465.434104064316,94038.55756296775,287872.6167665436,67475.78503925544
controle_defasado,H2,2010-04-01,2010,4,lat_menor_que_menos35,26100,22071.617423666263,5878.566368042117,18154.776862080533,16145.1122870057,17451.68248953376
controle_defasado,H2,2010-04-01,2010,4,lat_menos35_a_menos15,20880,48973.277875377564,1850.0621582923964,21589.29687996671,44052.289230125505,18808.59412325443
controle_defasado,H2,2010-04-01,2010,4,lat_maior_igual_menos15,31581,228995.94236355874,-23194.06263039883,54294.48382092049,227675.21524941243,31215.50842646724
controle_defasado,H2,2010-05-01,2010,5,dominio_inteiro,78561,319259.7224293634,-11376.097743972285,97999.52407219581,295349.6738408664,67475.78503925544
controle_defasado,H2,2010-05-01,2010,5,lat_menor_que_menos35,26100,54641.685523063694,431.1589422601651,27584.2194545572,36776.77845838159,17451.68248953376
controle_defasado,H2,2010-05-01,2010,5,lat_menos35_a_menos15,20880,43157.15969412999,-5666.339318715694,19912.98248603875,38448.74474325697,18808.59412325443
controle_defasado,H2,2010-05-01,2010,5,lat_maior_igual_menos15,31581,221460.87721216975,-6140.917367516753,50502.32213159987,220124.15063922785,31215.50842646724
controle_defasado,H2,2010-06-01,2010,6,dominio_inteiro,78561,160902.27205473208,-5932.578973992791,67687.39006566312,148988.05754239333,67475.78503925544
controle_defasado,H2,2010-06-01,2010,6,lat_menor_que_menos35,26100,28331.11733308795,-8095.954368312484,18746.761925317358,19000.979885418816,17451.68248953376
controle_defasado,H2,2010-06-01,2010,6,lat_menos35_a_menos15,20880,17324.75706552223,3512.7188914608896,12153.381949082022,15620.576664673605,18808.59412325443
controle_defasado,H2,2010-06-01,2010,6,lat_maior_igual_menos15,31581,115246.39765612187,-1349.343497141198,36787.24619126372,114366.50099230089,31215.50842646724
controle_defasado,H2,2010-07-01,2010,7,dominio_inteiro,78561,204658.03373986355,-14457.406651687808,73322.74727300208,192454.57724632788,67475.78503925544
controle_defasado,H2,2010-07-01,2010,7,lat_menor_que_menos35,26100,32254.89426410252,-8894.12592832871,20258.615934110738,23629.36714364767,17451.68248953376
controle_defasado,H2,2010-07-01,2010,7,lat_menos35_a_menos15,20880,18537.720619696775,2047.9603436071322,12787.358102299591,16106.766708512787,18808.59412325443
controle_defasado,H2,2010-07-01,2010,7,lat_maior_igual_menos15,31581,153865.41885606427,-7611.2410669662295,40276.77323659176,152718.44339416744,31215.50842646724
controle_defasado,H2,2010-08-01,2010,8,dominio_inteiro,78561,161151.3538490141,9429.882563499155,65044.204628322535,153426.99985301818,67475.78503925544
controle_defasado,H2,2010-08-01,2010,8,lat_menor_que_menos35,26100,13947.368126534455,-1181.141956051687,14404.227305620845,9480.506482887155,17451.68248953376
controle_defasado,H2,2010-08-01,2010,8,lat_menos35_a_menos15,20880,14835.483204306307,5249.835495033662,11438.156951524361,12978.754589653056,18808.59412325443
controle_defasado,H2,2010-08-01,2010,8,lat_maior_igual_menos15,31581,132368.50251817334,5361.1890245171835,39201.820371177324,130967.73878047797,31215.50842646724
controle_defasado,H2,2010-09-01,2010,9,dominio_inteiro,78561,191522.07247195294,-1588.9248334313024,72031.63836557034,182420.8006870866,67475.78503925544
controle_defasado,H2,2010-09-01,2010,9,lat_menor_que_menos35,26100,16588.232790410028,-4025.4184067932806,14693.542003376318,12432.986434522772,17451.68248953376
controle_defasado,H2,2010-09-01,2010,9,lat_menos35_a_menos15,20880,30417.586472651747,-1756.7092411053059,16063.578513406785,26887.99354396738,18808.59412325443
controle_defasado,H2,2010-09-01,2010,9,lat_maior_igual_menos15,31581,144516.2532088912,4193.202814467284,41274.51784878723,143099.82070859644,31215.50842646724
controle_defasado,H2,2010-10-01,2010,10,dominio_inteiro,78561,196721.89717495145,11026.79230672523,76992.35530476923,183442.35428863097,67475.78503925544
controle_defasado,H2,2010-10-01,2010,10,lat_menor_que_menos35,26100,24553.722894934814,-700.6008533714529,18684.1096743811,16747.050266355312,17451.68248953376
controle_defasado,H2,2010-10-01,2010,10,lat_menos35_a_menos15,20880,30474.275618559197,-2499.100763734611,16228.588960463756,26713.771001064273,18808.59412325443
controle_defasado,H2,2010-10-01,2010,10,lat_maior_igual_menos15,31581,141693.89866145744,14226.493923831295,42079.65666992437,139981.5330212114,31215.50842646724
controle_defasado,H2,2010-11-01,2010,11,dominio_inteiro,78561,234198.77229094034,-5404.717007337582,79744.25857126941,224044.55322044293,67475.78503925544
controle_defasado,H2,2010-11-01,2010,11,lat_menor_que_menos35,26100,12211.314856046716,-1238.1019517616219,13323.959840081143,8553.205189864771,17451.68248953376
controle_defasado,H2,2010-11-01,2010,11,lat_menos35_a_menos15,20880,45558.24384562098,108.83585604678342,20236.363430551326,41109.0580011666,18808.59412325443
controle_defasado,H2,2010-11-01,2010,11,lat_maior_igual_menos15,31581,176429.21358927267,-4275.450911622744,46183.935300636935,174382.29002941155,31215.50842646724
controle_defasado,H2,2010-12-01,2010,12,dominio_inteiro,78561,250864.4389974653,-5495.385279395812,84850.16623795609,234689.56310508045,67475.78503925544
controle_defasado,H2,2010-12-01,2010,12,lat_menor_que_menos35,26100,18793.89152706669,-3229.893198085917,16676.36611608081,12784.039588435815,17451.68248953376
controle_defasado,H2,2010-12-01,2010,12,lat_menos35_a_menos15,20880,81640.34199540796,-5357.542728760359,24848.560249033373,72764.50543566575,18808.59412325443
controle_defasado,H2,2010-12-01,2010,12,lat_maior_igual_menos15,31581,150430.20547499065,3092.0506474504627,43325.23987284189,149141.01808097886,31215.50842646724
sst_defasada,H2,2009-01-01,2009,1,dominio_inteiro,78561,245138.05730102505,-8931.169760923201,85753.66065331479,231392.5599903436,67475.78503925544
sst_defasada,H2,2009-01-01,2009,1,lat_menor_que_menos35,26100,20914.514879077076,4396.586404457376,16663.080749078425,14766.534357594195,17451.68248953376
sst_defasada,H2,2009-01-01,2009,1,lat_menos35_a_menos15,20880,64647.35582911738,553.5630296410873,23674.671490213004,57762.167036027415,18808.59412325443
sst_defasada,H2,2009-01-01,2009,1,lat_maior_igual_menos15,31581,159576.1865928306,-13881.319195021668,45415.90841402335,158863.85859672204,31215.50842646724
sst_defasada,H2,2009-02-01,2009,2,dominio_inteiro,78561,298833.02133100905,-28026.554830158806,90107.28939253662,279516.2762276699,67475.78503925544
sst_defasada,H2,2009-02-01,2009,2,lat_menor_que_menos35,26100,46373.260893102386,-12049.888455020717,21497.273118495694,31556.773533921372,17451.68248953376
sst_defasada,H2,2009-02-01,2009,2,lat_menos35_a_menos15,20880,34484.04766603806,2513.952058888575,18002.386367867377,31142.751406330095,18808.59412325443
sst_defasada,H2,2009-02-01,2009,2,lat_maior_igual_menos15,31581,217975.71277186854,-18490.61843402667,50607.62990617356,216816.75128741845,31215.50842646724
sst_defasada,H2,2009-03-01,2009,3,dominio_inteiro,78561,231426.6755550365,-4835.0463142181725,84378.83300404872,216750.81141187152,67475.78503925544
sst_defasada,H2,2009-03-01,2009,3,lat_menor_que_menos35,26100,24761.23505419292,561.6432633670497,19003.89834735812,16779.984990033772,17451.68248953376
sst_defasada,H2,2009-03-01,2009,3,lat_menos35_a_menos15,20880,61793.92481912178,1373.6051994278819,22980.47268014436,55723.41159033314,18808.59412325443
sst_defasada,H2,2009-03-01,2009,3,lat_maior_igual_menos15,31581,144871.5156817218,-6770.294777013103,42394.46197654625,144247.4148315046,31215.50842646724
sst_defasada,H2,2009-04-01,2009,4,dominio_inteiro,78561,370647.13925086736,-5747.796884454228,111507.40952509955,346709.4060712088,67475.78503925544
sst_defasada,H2,2009-04-01,2009,4,lat_menor_que_menos35,26100,35601.895577379015,-4695.382489859367,23124.601369203934,25190.31219872306,17451.68248953376
sst_defasada,H2,2009-04-01,2009,4,lat_menos35_a_menos15,20880,117296.25668611124,7022.908973499672,34787.50928311127,105130.58147435775,18808.59412325443
sst_defasada,H2,2009-04-01,2009,4,lat_maior_igual_menos15,31581,217748.98698737714,-8075.323368094534,53595.29887278436,216388.51239812802,31215.50842646724
sst_defasada,H2,2009-05-01,2009,5,dominio_inteiro,78561,376657.21005308646,7053.107667602069,102565.65931148465,361778.4731713063,67475.78503925544
sst_defasada,H2,2009-05-01,2009,5,lat_menor_que_menos35,26100,34789.181304799495,-9002.183504218718,19685.159134030542,24085.230168660684,17451.68248953376
sst_defasada,H2,2009-05-01,2009,5,lat_menos35_a_menos15,20880,22512.949022778077,12283.28580893673,16190.764346903561,19914.152157508,18808.59412325443
sst_defasada,H2,2009-05-01,2009,5,lat_maior_igual_menos15,31581,319355.07972550887,3772.0053628840624,66689.73583055053,317779.0908451376,31215.50842646724
sst_defasada,H2,2009-06-01,2009,6,dominio_inteiro,78561,178860.0587318171,3117.78541949412,76670.86278528236,165191.91807754297,67475.78503925544
sst_defasada,H2,2009-06-01,2009,6,lat_menor_que_menos35,26100,28759.215669954472,3765.7993346781996,20135.095725422416,19672.65872700396,17451.68248953376
sst_defasada,H2,2009-06-01,2009,6,lat_menos35_a_menos15,20880,32721.10633001364,-240.09646943134277,18136.898362114367,28797.293306825595,18808.59412325443
sst_defasada,H2,2009-06-01,2009,6,lat_maior_igual_menos15,31581,117379.73673184899,-407.9174457527359,38398.868697745565,116721.96604371343,31215.50842646724
sst_defasada,H2,2009-07-01,2009,7,dominio_inteiro,78561,217545.52992879233,585.4874444321331,76808.96637156063,201368.12057528525,67475.78503925544
sst_defasada,H2,2009-07-01,2009,7,lat_menor_que_menos35,26100,32575.273320680186,3891.0817952349103,19822.98407500496,24070.941265624646,17451.68248953376
sst_defasada,H2,2009-07-01,2009,7,lat_menos35_a_menos15,20880,52662.70680084421,-4923.345997570443,19099.517397890915,46123.24821313953,18808.59412325443
sst_defasada,H2,2009-07-01,2009,7,lat_maior_igual_menos15,31581,132307.5498072679,1617.751646767667,37886.46489866478,131173.93109652103,31215.50842646724
sst_defasada,H2,2009-08-01,2009,8,dominio_inteiro,78561,272290.23416201526,-17972.46759029061,76976.6326847196,254740.17725881806,67475.78503925544
sst_defasada,H2,2009-08-01,2009,8,lat_menor_que_menos35,26100,49185.14736838195,-5982.783288233168,22783.02187734607,36109.28209839214,17451.68248953376
sst_defasada,H2,2009-08-01,2009,8,lat_menos35_a_menos15,20880,16782.52480189256,1786.7315929926597,12712.311128940324,14697.060309649964,18808.59412325443
sst_defasada,H2,2009-08-01,2009,8,lat_maior_igual_menos15,31581,206322.56199174077,-13776.4158950501,41481.299678433206,203933.83485077598,31215.50842646724
sst_defasada,H2,2009-09-01,2009,9,dominio_inteiro,78561,202259.28886510842,20351.016551516674,77761.92147142126,186282.4803637617,67475.78503925544
sst_defasada,H2,2009-09-01,2009,9,lat_menor_que_menos35,26100,24601.55937054223,1690.7529552689161,17979.656868953425,16788.462341443967,17451.68248953376
sst_defasada,H2,2009-09-01,2009,9,lat_menos35_a_menos15,20880,54172.8268931787,-6692.65572396795,20273.814783334095,47019.38017764469,18808.59412325443
sst_defasada,H2,2009-09-01,2009,9,lat_maior_igual_menos15,31581,123484.90260138747,25352.919320215704,39508.44981913374,122474.63784467302,31215.50842646724
sst_defasada,H2,2009-10-01,2009,10,dominio_inteiro,78561,244340.6259070612,-3480.946149670416,82788.42017792875,229613.31122811302,67475.78503925544
sst_defasada,H2,2009-10-01,2009,10,lat_menor_que_menos35,26100,19964.39166175097,-5360.9499486747145,16101.24863808931,14062.423352713478,17451.68248953376
sst_defasada,H2,2009-10-01,2009,10,lat_menos35_a_menos15,20880,77964.99232436717,-26.177024658369646,26078.004707028616,70699.08924925314,18808.59412325443
sst_defasada,H2,2009-10-01,2009,10,lat_maior_igual_menos15,31581,146411.24192094308,1906.1808236626675,40609.16683281083,144851.7986261464,31215.50842646724
sst_defasada,H2,2009-11-01,2009,11,dominio_inteiro,78561,261132.2027535143,6039.212909346667,89428.52625077558,237760.14773403166,67475.78503925544
sst_defasada,H2,2009-11-01,2009,11,lat_menor_que_menos35,26100,34012.42220668248,-11497.819301503221,19643.812980320683,24963.645261461883,17451.68248953376
sst_defasada,H2,2009-11-01,2009,11,lat_menos35_a_menos15,20880,116977.57973028978,2267.9488569149344,29952.542186152412,103744.61048601709,18808.59412325443
sst_defasada,H2,2009-11-01,2009,11,lat_maior_igual_menos15,31581,110142.20081654206,15269.083353934955,39832.17108430247,109051.89198655267,31215.50842646724
sst_defasada,H2,2009-12-01,2009,12,dominio_inteiro,78561,218355.2848589097,-7200.685289648629,84129.98723723253,205682.19131394583,67475.78503925544
sst_defasada,H2,2009-12-01,2009,12,lat_menor_que_menos35,26100,19490.732690545723,2291.3684229978503,16583.205368218776,13844.954183844275,17451.68248953376
sst_defasada,H2,2009-12-01,2009,12,lat_menos35_a_menos15,20880,65690.07206097935,-8895.093013355541,23613.805530073856,59672.25991922547,18808.59412325443
sst_defasada,H2,2009-12-01,2009,12,lat_maior_igual_menos15,31581,133174.48010738465,-596.9606992909366,43932.976338939894,132164.97721087604,31215.50842646724
sst_defasada,H2,2010-01-01,2010,1,dominio_inteiro,78561,300877.9428533803,7592.86979032637,94767.4562762455,268187.9708613109,67475.78503925544
sst_defasada,H2,2010-01-01,2010,1,lat_menor_que_menos35,26100,49679.230911955994,-11927.295592242677,21289.234993364673,32957.8938934746,17451.68248953376
sst_defasada,H2,2010-01-01,2010,1,lat_menos35_a_menos15,20880,151288.79864127358,11261.371944866441,36092.566586485475,136348.27452554423,18808.59412325443
sst_defasada,H2,2010-01-01,2010,1,lat_maior_igual_menos15,31581,99909.91330015067,8258.793437702607,37385.65469639536,98881.80244229207,31215.50842646724
sst_defasada,H2,2010-02-01,2010,2,dominio_inteiro,78561,393168.16889901564,-3874.482013275325,116032.63753898445,360728.0032130921,67475.78503925544
sst_defasada,H2,2010-02-01,2010,2,lat_menor_que_menos35,26100,67685.32233379646,-22744.683769434298,31234.424053562496,48914.495869047605,17451.68248953376
sst_defasada,H2,2010-02-01,2010,2,lat_menos35_a_menos15,20880,116721.32506344824,7762.836351908101,32823.26989922777,104286.86674992784,18808.59412325443
sst_defasada,H2,2010-02-01,2010,2,lat_maior_igual_menos15,31581,208761.5215017709,11107.365404250873,51974.94358619419,207526.6405941167,31215.50842646724
sst_defasada,H2,2010-03-01,2010,3,dominio_inteiro,78561,271123.86957246135,11312.894023214123,86085.0366014002,258168.60341313857,67475.78503925544
sst_defasada,H2,2010-03-01,2010,3,lat_menor_que_menos35,26100,20152.308835215033,3207.2993706116913,16413.490694899192,14656.897972720026,17451.68248953376
sst_defasada,H2,2010-03-01,2010,3,lat_menos35_a_menos15,20880,64281.65909065047,-2140.8493592478603,22815.211158686456,57561.65631889498,18808.59412325443
sst_defasada,H2,2010-03-01,2010,3,lat_maior_igual_menos15,31581,186689.90164659583,10246.444011850293,46856.33474781456,185950.04912152357,31215.50842646724
sst_defasada,H2,2010-04-01,2010,4,dominio_inteiro,78561,292906.4134703606,-12043.112856923788,93115.75986191991,280584.19252527185,67475.78503925544
sst_defasada,H2,2010-04-01,2010,4,lat_menor_que_menos35,26100,22277.795665767888,6736.0265950361245,18233.418214190802,16304.871924256211,17451.68248953376
sst_defasada,H2,2010-04-01,2010,4,lat_menos35_a_menos15,20880,49944.33210519985,2982.685161828417,21713.775354805974,44923.2128269926,18808.59412325443
sst_defasada,H2,2010-04-01,2010,4,lat_maior_igual_menos15,31581,220684.28569939287,-21761.824613788332,53168.56629292314,219356.10777402305,31215.50842646724
sst_defasada,H2,2010-05-01,2010,5,dominio_inteiro,78561,317765.11500171415,-10747.30289273973,97649.64062901866,294050.844429947,67475.78503925544
sst_defasada,H2,2010-05-01,2010,5,lat_menor_que_menos35,26100,54640.07420385229,1354.6148266013174,27654.01869159217,36901.71285833609,17451.68248953376
sst_defasada,H2,2010-05-01,2010,5,lat_menos35_a_menos15,20880,42446.49213042495,-4694.892638559879,19857.826223615233,37821.709025127864,18808.59412325443
sst_defasada,H2,2010-05-01,2010,5,lat_maior_igual_menos15,31581,220678.54866743693,-7407.025080781166,50137.79571381127,219327.4225464831,31215.50842646724
sst_defasada,H2,2010-06-01,2010,6,dominio_inteiro,78561,157590.03163999043,-2861.0604516200897,66745.7651571975,146267.95787101527,67475.78503925544
sst_defasada,H2,2010-06-01,2010,6,lat_menor_que_menos35,26100,27117.569130630753,-5668.698769920146,18502.98554796355,18365.915321261637,17451.68248953376
sst_defasada,H2,2010-06-01,2010,6,lat_menos35_a_menos15,20880,17378.567789875637,3666.7677105655653,12017.009531039424,15654.16546848476,18808.59412325443
sst_defasada,H2,2010-06-01,2010,6,lat_maior_igual_menos15,31581,113093.89471948403,-859.1293922655086,36225.77007819451,112247.87708126887,31215.50842646724
sst_defasada,H2,2010-07-01,2010,7,dominio_inteiro,78561,203991.83914250147,-16834.354572040145,73159.18337069245,191986.2943746267,67475.78503925544
sst_defasada,H2,2010-07-01,2010,7,lat_menor_que_menos35,26100,31633.813263646694,-8735.373634231615,20115.70928955413,23224.522065125537,17451.68248953376
sst_defasada,H2,2010-07-01,2010,7,lat_menos35_a_menos15,20880,18516.13784663978,1938.7716954640475,12850.853088181204,16090.125339956598,18808.59412325443
sst_defasada,H2,2010-07-01,2010,7,lat_maior_igual_menos15,31581,153841.888032215,-10037.752633272577,40192.62099295713,152671.64696954458,31215.50842646724
sst_defasada,H2,2010-08-01,2010,8,dominio_inteiro,78561,161899.91350323358,10829.852200217898,65764.94729927887,154184.6349469782,67475.78503925544
sst_defasada,H2,2010-08-01,2010,8,lat_menor_que_menos35,26100,13929.757096466441,-676.9777627101785,14441.539065152876,9509.532075525089,17451.68248953376
sst_defasada,H2,2010-08-01,2010,8,lat_menos35_a_menos15,20880,15124.09964960119,5737.1515615397475,11671.107264148766,13241.71755741645,18808.59412325443
sst_defasada,H2,2010-08-01,2010,8,lat_maior_igual_menos15,31581,132846.05675716593,5769.678401388332,39652.30096997721,131433.38531403668,31215.50842646724
sst_defasada,H2,2010-09-01,2010,9,dominio_inteiro,78561,190680.03262329387,-1469.859887819665,71393.95044306309,181821.32748036913,67475.78503925544
sst_defasada,H2,2010-09-01,2010,9,lat_menor_que_menos35,26100,15723.560093481903,-3853.5368795556865,14244.047453997657,11812.7738414837,17451.68248953376
sst_defasada,H2,2010-09-01,2010,9,lat_menos35_a_menos15,20880,30108.601927870168,-1305.8307221069167,16060.733923995767,26610.39153795111,18808.59412325443
sst_defasada,H2,2010-09-01,2010,9,lat_maior_igual_menos15,31581,144847.8706019418,3689.507713842937,41089.16906506967,143398.16210093434,31215.50842646724
sst_defasada,H2,2010-10-01,2010,10,dominio_inteiro,78561,196327.512053177,12694.274619672276,76676.67517284419,182956.59619771963,67475.78503925544
sst_defasada,H2,2010-10-01,2010,10,lat_menor_que_menos35,26100,24780.72401890582,149.72325606735387,18583.5881451651,16963.180520690734,17451.68248953376
sst_defasada,H2,2010-10-01,2010,10,lat_menos35_a_menos15,20880,31561.953224470595,-752.8311529319683,16606.435500238527,27643.99077328989,18808.59412325443
sst_defasada,H2,2010-10-01,2010,10,lat_maior_igual_menos15,31581,139984.83480980055,13297.38251653689,41486.65152744056,138349.424903739,31215.50842646724
sst_defasada,H2,2010-11-01,2010,11,dominio_inteiro,78561,233236.05477528652,-4821.5417745703535,79503.3908899758,222874.6305610201,67475.78503925544
sst_defasada,H2,2010-11-01,2010,11,lat_menor_que_menos35,26100,12209.430610304236,11.412896014299491,13207.814869737867,8600.259946926857,17451.68248953376
sst_defasada,H2,2010-11-01,2010,11,lat_menos35_a_menos15,20880,48148.260960612846,626.5470588939583,20803.634717990113,43412.8258093942,18808.59412325443
sst_defasada,H2,2010-11-01,2010,11,lat_maior_igual_menos15,31581,172878.36320436944,-5459.501729478611,45491.9413022478,170861.54480469908,31215.50842646724
sst_defasada,H2,2010-12-01,2010,12,dominio_inteiro,78561,250256.3675183581,5883.914269181008,86416.49986267861,234684.41827245388,67475.78503925544
sst_defasada,H2,2010-12-01,2010,12,lat_menor_que_menos35,26100,17828.645364490014,-1023.6576707567691,16369.572685698033,12288.315369234673,17451.68248953376
sst_defasada,H2,2010-12-01,2010,12,lat_menos35_a_menos15,20880,80550.249940836,-1871.2610224774908,25208.779543231918,71903.17232124429,18808.59412325443
sst_defasada,H2,2010-12-01,2010,12,lat_maior_igual_menos15,31581,151877.47221303207,8778.832962415267,44838.14763374867,150492.9305819749,31215.50842646724
climatologia,H2,2009-01-01,2009,1,dominio_inteiro,78561,283751.60518121684,-22933.452250016562,91883.85662634164,269807.7879830377,67475.78503925544
climatologia,H2,2009-01-01,2009,1,lat_menor_que_menos35,26100,20640.309378574806,4173.14281155169,16410.92840220034,14570.919511966124,17451.68248953376
climatologia,H2,2009-01-01,2009,1,lat_menos35_a_menos15,20880,67382.1330415634,3384.748717131384,24578.0548237139,60353.03382049089,18808.59412325443
climatologia,H2,2009-01-01,2009,1,lat_maior_igual_menos15,31581,195729.16276107862,-30491.343778699636,50894.8734004274,194883.83465058068,31215.50842646724
climatologia,H2,2009-02-01,2009,2,dominio_inteiro,78561,304754.12357583543,-38571.4600360333,91108.30617603194,286096.3440728677,67475.78503925544
climatologia,H2,2009-02-01,2009,2,lat_menor_que_menos35,26100,44442.910526174855,-11209.613265678287,21531.622418805957,30271.60719759805,17451.68248953376
climatologia,H2,2009-02-01,2009,2,lat_menos35_a_menos15,20880,35175.23135008154,3775.175827460829,18354.396223138086,31799.141370282166,18808.59412325443
climatologia,H2,2009-02-01,2009,2,lat_maior_igual_menos15,31581,225135.981699579,-31137.02259781584,51222.287534087896,224025.59550498746,31215.50842646724
climatologia,H2,2009-03-01,2009,3,dominio_inteiro,78561,293844.68927742215,-9801.634388090111,91992.96209486853,279718.1590009569,67475.78503925544
climatologia,H2,2009-03-01,2009,3,lat_menor_que_menos35,26100,22575.040172382756,1127.07534173131,18659.207272559404,15384.147044167163,17451.68248953376
climatologia,H2,2009-03-01,2009,3,lat_menos35_a_menos15,20880,63635.49841279934,1119.8356854980811,23379.66709824931,57388.03184285411,18808.59412325443
climatologia,H2,2009-03-01,2009,3,lat_maior_igual_menos15,31581,207634.1506922401,-12048.545415319502,49954.08772405982,206945.98011393566,31215.50842646724
climatologia,H2,2009-04-01,2009,4,dominio_inteiro,78561,569074.1648735206,-1245.5151620637625,133299.57059030235,542658.7475115544,67475.78503925544
climatologia,H2,2009-04-01,2009,4,lat_menor_que_menos35,26100,39633.37654125397,-5247.308442175388,24279.849505364895,28086.730747527574,17451.68248953376
climatologia,H2,2009-04-01,2009,4,lat_menos35_a_menos15,20880,124210.24622644692,8294.641919086687,35845.27801718842,111176.50190900537,18808.59412325443
climatologia,H2,2009-04-01,2009,4,lat_maior_igual_menos15,31581,405230.54210581974,-4292.8486389750615,73174.44306774903,403395.51485502155,31215.50842646724
climatologia,H2,2009-05-01,2009,5,dominio_inteiro,78561,677573.0316662843,3118.508750338573,131391.8796926872,660761.0108075369,67475.78503925544
climatologia,H2,2009-05-01,2009,5,lat_menor_que_menos35,26100,35886.675206492204,-9556.274885237217,20434.59162312746,24692.632915309143,17451.68248953376
climatologia,H2,2009-05-01,2009,5,lat_menos35_a_menos15,20880,24785.29623170768,13183.081501977053,16937.294564991724,21937.60576317385,18808.59412325443
climatologia,H2,2009-05-01,2009,5,lat_maior_igual_menos15,31581,616901.0602280842,-508.2978664012626,94019.993504568,614130.7721290538,31215.50842646724
climatologia,H2,2009-06-01,2009,6,dominio_inteiro,78561,285627.8148394744,-10383.860648190603,90534.20315101836,271604.6686259884,67475.78503925544
climatologia,H2,2009-06-01,2009,6,lat_menor_que_menos35,26100,28573.913765259666,1481.1718991696835,19746.000286191702,19373.045314908748,17451.68248953376
climatologia,H2,2009-06-01,2009,6,lat_menos35_a_menos15,20880,32203.876893481603,-355.0937641300261,17776.05743376538,28309.342614790443,18808.59412325443
climatologia,H2,2009-06-01,2009,6,lat_maior_igual_menos15,31581,224850.0241807331,-11509.93878323026,53012.145431061275,223922.28069628915,31215.50842646724
climatologia,H2,2009-07-01,2009,7,dominio_inteiro,78561,190112.84615422145,-4358.440530572552,70769.72263112618,174902.81639115844,67475.78503925544
climatologia,H2,2009-07-01,2009,7,lat_menor_que_menos35,26100,30510.74133022855,1491.0740548968315,19387.489767611027,22484.457038877197,17451.68248953376
climatologia,H2,2009-07-01,2009,7,lat_menos35_a_menos15,20880,51036.13795523527,-5247.0273255249485,18576.478837133385,44704.83791510986,18808.59412325443
climatologia,H2,2009-07-01,2009,7,lat_maior_igual_menos15,31581,108565.9668687576,-602.4872599444352,32805.754026381765,107713.52143717141,31215.50842646724
climatologia,H2,2009-08-01,2009,8,dominio_inteiro,78561,262544.9576026132,-16862.67465367727,76377.19985620119,245440.75380791683,67475.78503925544
climatologia,H2,2009-08-01,2009,8,lat_menor_que_menos35,26100,49545.26817586252,-6404.145803630352,22987.731282889843,36424.947931251954,17451.68248953376
climatologia,H2,2009-08-01,2009,8,lat_menos35_a_menos15,20880,15125.743273598779,-1296.018982835114,11506.687547372654,13302.13253932576,18808.59412325443
climatologia,H2,2009-08-01,2009,8,lat_maior_igual_menos15,31581,197873.94615315192,-9162.509867211804,41882.78102593869,195713.67333733913,31215.50842646724
climatologia,H2,2009-09-01,2009,9,dominio_inteiro,78561,211637.60338758034,19174.342022824334,78345.69086927664,196154.9739919349,67475.78503925544
climatologia,H2,2009-09-01,2009,9,lat_menor_que_menos35,26100,23180.590315558482,386.7287418246269,17283.428896963596,15869.682620898278,17451.68248953376
climatologia,H2,2009-09-01,2009,9,lat_menos35_a_menos15,20880,53455.12922856356,-7412.852780934656,19883.794589046156,46444.64265166046,18808.59412325443
climatologia,H2,2009-09-01,2009,9,lat_maior_igual_menos15,31581,135001.88384345832,26200.466061934363,41178.46738326689,133840.6487193762,31215.50842646724
climatologia,H2,2009-10-01,2009,10,dominio_inteiro,78561,257380.58313658845,-4844.060113686166,84913.96514676602,242390.0201649638,67475.78503925544
climatologia,H2,2009-10-01,2009,10,lat_menor_que_menos35,26100,19596.92960086678,-6158.778152614832,16418.88377997279,13699.742401300551,17451.68248953376
climatologia,H2,2009-10-01,2009,10,lat_menos35_a_menos15,20880,80807.27585967888,-1709.4550384516187,26313.27928532564,73540.7386082105,18808.59412325443
climatologia,H2,2009-10-01,2009,10,lat_maior_igual_menos15,31581,156976.3776760428,3024.1730773802847,42181.802081467584,155149.53915545275,31215.50842646724
climatologia,H2,2009-11-01,2009,11,dominio_inteiro,78561,288026.5804534099,11979.434205429454,95916.815809449,264557.2508376122,67475.78503925544
climatologia,H2,2009-11-01,2009,11,lat_menor_que_menos35,26100,31851.126154817055,-10651.873009562492,19500.79301136732,23401.27779551915,17451.68248953376
climatologia,H2,2009-11-01,2009,11,lat_menos35_a_menos15,20880,120031.0401643647,856.3694920109701,29937.395498303522,106291.22490998273,18808.59412325443
climatologia,H2,2009-11-01,2009,11,lat_maior_igual_menos15,31581,136144.41413422808,21774.937722980976,46478.62729977816,134864.74813211034,31215.50842646724
climatologia,H2,2009-12-01,2009,12,dominio_inteiro,78561,215449.3103301258,2140.5302820120705,84897.03963912732,202399.59360709836,67475.78503925544
climatologia,H2,2009-12-01,2009,12,lat_menor_que_menos35,26100,20030.989381612802,2590.644618958235,16926.180832266808,14081.35938978458,17451.68248953376
climatologia,H2,2009-12-01,2009,12,lat_menos35_a_menos15,20880,64183.26955132734,-8473.276429590886,23529.785511971335,58112.84961885813,18808.59412325443
climatologia,H2,2009-12-01,2009,12,lat_maior_igual_menos15,31581,131235.05139718566,8023.162092644721,44441.07329488918,130205.38459845562,31215.50842646724
climatologia,H2,2010-01-01,2010,1,dominio_inteiro,78561,272128.0363637828,18522.284863936075,94752.48995808192,246441.5194322757,67475.78503925544
climatologia,H2,2010-01-01,2010,1,lat_menor_que_menos35,26100,39434.29786960606,-10398.514369234443,19971.33546705544,26312.66485405241,17451.68248953376
climatologia,H2,2010-01-01,2010,1,lat_menos35_a_menos15,20880,113754.66450549138,7704.992552580603,31175.80616876908,102134.7228806437,18808.59412325443
climatologia,H2,2010-01-01,2010,1,lat_maior_igual_menos15,31581,118939.07398868537,21215.806680589914,43605.3483222574,117994.1316975796,31215.50842646724
climatologia,H2,2010-02-01,2010,2,dominio_inteiro,78561,337920.4703508384,487.11464048037305,108018.23680407228,308175.4484189277,67475.78503925544
climatologia,H2,2010-02-01,2010,2,lat_menor_que_menos35,26100,68634.48208109086,-21759.23675505817,31791.761312022805,49505.599436988596,17451.68248953376
climatologia,H2,2010-02-01,2010,2,lat_menos35_a_menos15,20880,81637.08843987744,2276.9792255931534,26120.89640441956,71846.73692707854,18808.59412325443
climatologia,H2,2010-02-01,2010,2,lat_maior_igual_menos15,31581,187648.89982987015,19969.37216994539,50105.579087629914,186823.1120548605,31215.50842646724
climatologia,H2,2010-03-01,2010,3,dominio_inteiro,78561,364030.7532861246,20322.581691621803,98985.48118135799,348691.8077973034,67475.78503925544
climatologia,H2,2010-03-01,2010,3,lat_menor_que_menos35,26100,22461.588468236554,6324.676660090685,17374.611286252737,16331.145367776164,17451.68248953376
climatologia,H2,2010-03-01,2010,3,lat_menos35_a_menos15,20880,90481.12260337695,-4614.3390428954735,27148.464398351498,82097.03250335038,18808.59412325443
climatologia,H2,2010-03-01,2010,3,lat_maior_igual_menos15,31581,251088.04221451105,18612.24407442659,54462.40549675375,250263.62992617686,31215.50842646724
climatologia,H2,2010-04-01,2010,4,dominio_inteiro,78561,381201.5319987544,-9844.91282136552,107708.15417206474,366979.2648197366,67475.78503925544
climatologia,H2,2010-04-01,2010,4,lat_menor_que_menos35,26100,28723.860541327478,13700.645735681057,21213.722307622433,21100.137129970564,17451.68248953376
climatologia,H2,2010-04-01,2010,4,lat_menos35_a_menos15,20880,49720.48937196025,2146.643109272234,22126.39435491804,44801.28475667917,18808.59412325443
climatologia,H2,2010-04-01,2010,4,lat_maior_igual_menos15,31581,302757.1820854667,-25692.20166631881,64368.03750952426,301077.84293308685,31215.50842646724
climatologia,H2,2010-05-01,2010,5,dominio_inteiro,78561,357531.7717992675,-14908.451622586232,103137.35951315379,334616.13603601063,67475.78503925544
climatologia,H2,2010-05-01,2010,5,lat_menor_que_menos35,26100,54677.66305005249,7295.028215348721,28380.52896398306,38188.73544035929,17451.68248953376
climatologia,H2,2010-05-01,2010,5,lat_menos35_a_menos15,20880,45051.82177888991,-5578.156596167479,19886.156391615514,40170.15275693039,18808.59412325443
climatologia,H2,2010-05-01,2010,5,lat_maior_igual_menos15,31581,257802.28697032516,-16625.323241767474,54870.674157555215,256257.24783872094,31215.50842646724
climatologia,H2,2010-06-01,2010,6,dominio_inteiro,78561,216587.389073577,-16569.57536987029,76254.65437368304,205096.3785496554,67475.78503925544
climatologia,H2,2010-06-01,2010,6,lat_menor_que_menos35,26100,25928.396490889514,-2713.0000063478947,18506.279877513647,17538.31303281889,17451.68248953376
climatologia,H2,2010-06-01,2010,6,lat_menos35_a_menos15,20880,19642.01115063223,5947.0550548397005,13575.308854777366,17738.92331154312,18808.59412325443
climatologia,H2,2010-06-01,2010,6,lat_maior_igual_menos15,31581,171016.98143205524,-19803.630418362096,44173.06564139202,169819.1422052934,31215.50842646724
climatologia,H2,2010-07-01,2010,7,dominio_inteiro,78561,283310.1863769715,-29494.905603204388,87905.23054959392,270728.9542233361,67475.78503925544
climatologia,H2,2010-07-01,2010,7,lat_menor_que_menos35,26100,30528.197943646155,-5428.6036794781685,20582.531021296978,22439.099204675367,17451.68248953376
climatologia,H2,2010-07-01,2010,7,lat_menos35_a_menos15,20880,18362.192199618657,4873.467517004348,13401.276154321618,15936.490309664043,18808.59412325443
climatologia,H2,2010-07-01,2010,7,lat_maior_igual_menos15,31581,234419.7962337067,-28939.769440730568,53921.423373975325,232353.36470899676,31215.50842646724
climatologia,H2,2010-08-01,2010,8,dominio_inteiro,78561,267235.3677686463,-4738.361299185082,81876.51408132352,257009.97626391688,67475.78503925544
climatologia,H2,2010-08-01,2010,8,lat_menor_que_menos35,26100,14588.340095315794,2934.822473347187,15527.228554666042,9946.783395535815,17451.68248953376
climatologia,H2,2010-08-01,2010,8,lat_menos35_a_menos15,20880,21932.694713456523,9935.397719435394,14504.3977044262,19332.37464674698,18808.59412325443
climatologia,H2,2010-08-01,2010,8,lat_maior_igual_menos15,31581,230714.33295987395,-17608.581491967663,51844.88782223128,227730.81822163414,31215.50842646724
climatologia,H2,2010-09-01,2010,9,dominio_inteiro,78561,239918.20447837427,-2656.6058531522285,79253.56998379133,229995.84881502925,67475.78503925544
climatologia,H2,2010-09-01,2010,9,lat_menor_que_menos35,26100,16869.304091017544,132.76908606290817,14754.792209923267,12610.883700517086,17451.68248953376
climatologia,H2,2010-09-01,2010,9,lat_menos35_a_menos15,20880,29698.129981571197,1130.7091544901486,16152.161968711996,26415.60070278192,18808.59412325443
climatologia,H2,2010-09-01,2010,9,lat_maior_igual_menos15,31581,193350.77040578553,-3920.0840937052853,48346.61580515606,190969.3644117302,31215.50842646724
climatologia,H2,2010-10-01,2010,10,dominio_inteiro,78561,225260.52622985886,7403.515646201529,79717.77061080557,209969.08022742334,67475.78503925544
climatologia,H2,2010-10-01,2010,10,lat_menor_que_menos35,26100,28104.24051375795,3470.5324552953243,20900.20728006959,19075.194204725023,17451.68248953376
climatologia,H2,2010-10-01,2010,10,lat_menos35_a_menos15,20880,37168.42733158155,-97.22092285103281,17945.708397088543,32568.202550802802,18808.59412325443
climatologia,H2,2010-10-01,2010,10,lat_maior_igual_menos15,31581,159987.85838451935,4030.204113757238,40871.85493364744,158325.68347189552,31215.50842646724
climatologia,H2,2010-11-01,2010,11,dominio_inteiro,78561,341720.93750028935,-21059.56344471703,89969.48727521129,329275.78391991626,67475.78503925544
climatologia,H2,2010-11-01,2010,11,lat_menor_que_menos35,26100,11257.591589093754,2030.9730597734451,12903.100454330444,7947.774161170755,17451.68248953376
climatologia,H2,2010-11-01,2010,11,lat_menos35_a_menos15,20880,58898.88895470637,1204.5407261418295,23049.71476789392,52834.23573260589,18808.59412325443
climatologia,H2,2010-11-01,2010,11,lat_maior_igual_menos15,31581,271564.45695648924,-24295.077230632305,54016.67205298692,268493.7740261396,31215.50842646724
climatologia,H2,2010-12-01,2010,12,dominio_inteiro,78561,306717.5081110491,-29862.6244726266,90884.45667215984,288947.51963604987,67475.78503925544
climatologia,H2,2010-12-01,2010,12,lat_menor_que_menos35,26100,20647.038842883307,-4020.0407295525074,17726.4454780221,13944.768593675568,17451.68248953376
climatologia,H2,2010-12-01,2010,12,lat_menos35_a_menos15,20880,85355.79260054784,-2695.7400373789715,26007.516430193442,76193.19488451391,18808.59412325443
climatologia,H2,2010-12-01,2010,12,lat_maior_igual_menos15,31581,200714.67666761795,-23146.843705695122,47150.4947639443,198809.55615786038,31215.50842646724
controle_defasado,H3,2011-01-01,2011,1,dominio_inteiro,78561,215374.7261837608,2319.200852535876,82457.78683113797,202889.76270161715,67475.78503925544
controle_defasado,H3,2011-01-01,2011,1,lat_menor_que_menos35,26100,23657.430639287177,-6913.847068164007,17121.9680022763,17035.981258149597,17451.68248953376
controle_defasado,H3,2011-01-01,2011,1,lat_menos35_a_menos15,20880,46982.54642810863,1819.3662575040253,20002.189988467093,41998.584779927165,18808.59412325443
controle_defasado,H3,2011-01-01,2011,1,lat_maior_igual_menos15,31581,144734.74911636504,7413.681663195859,45333.62884039458,143855.1966635404,31215.50842646724
controle_defasado,H3,2011-02-01,2011,2,dominio_inteiro,78561,229445.56096992837,-7864.851929177129,82364.63718503992,214449.56552062352,67475.78503925544
controle_defasado,H3,2011-02-01,2011,2,lat_menor_que_menos35,26100,24690.819652311813,2285.170677871213,17251.813001869356,18171.473345163016,17451.68248953376
controle_defasado,H3,2011-02-01,2011,2,lat_menos35_a_menos15,20880,80772.76148942471,-7407.373693321661,26292.30722054774,73176.58225753598,18808.59412325443
controle_defasado,H3,2011-02-01,2011,2,lat_maior_igual_menos15,31581,123981.9798281918,-2742.6489137266776,38820.5169626228,123101.50991792452,31215.50842646724
controle_defasado,H3,2011-03-01,2011,3,dominio_inteiro,78561,290351.795961164,-14153.10112345164,91301.45603138075,266486.51317541994,67475.78503925544
controle_defasado,H3,2011-03-01,2011,3,lat_menor_que_menos35,26100,35357.33137090356,-4230.582738227362,19907.553760462844,24288.301372205126,17451.68248953376
controle_defasado,H3,2011-03-01,2011,3,lat_menos35_a_menos15,20880,147973.02664037902,-8629.727557634165,32701.64192632847,135758.9916586982,18808.59412325443
controle_defasado,H3,2011-03-01,2011,3,lat_maior_igual_menos15,31581,107021.43794988145,-1292.7908275901113,38692.26034458943,106439.22014451658,31215.50842646724
controle_defasado,H3,2011-04-01,2011,4,dominio_inteiro,78561,222615.26395172568,-11523.119718106773,79937.73057519438,212334.91989725188,67475.78503925544
controle_defasado,H3,2011-04-01,2011,4,lat_menor_que_menos35,26100,21578.157841219996,-2911.2077805976314,17215.29781280414,14530.767380123012,17451.68248953376
controle_defasado,H3,2011-04-01,2011,4,lat_menos35_a_menos15,20880,20796.441908056167,2200.7548526504415,14013.335142401642,18649.51959579979,18808.59412325443
controle_defasado,H3,2011-04-01,2011,4,lat_maior_igual_menos15,31581,180240.6642024495,-10812.666790159583,48709.097619988584,179154.6329213291,31215.50842646724
controle_defasado,H3,2011-05-01,2011,5,dominio_inteiro,78561,354875.8177466388,-8293.786566849954,95396.00613985502,340991.4161716656,67475.78503925544
controle_defasado,H3,2011-05-01,2011,5,lat_menor_que_menos35,26100,32322.795320132416,-1538.8058651891015,20625.13722178562,22434.314232997127,17451.68248953376
controle_defasado,H3,2011-05-01,2011,5,lat_menos35_a_menos15,20880,28388.13395508076,11164.294256106365,17169.03057373717,25571.582648262734,18808.59412325443
controle_defasado,H3,2011-05-01,2011,5,lat_maior_igual_menos15,31581,294164.8884714256,-17919.27495776721,57601.838344332224,292985.5192904058,31215.50842646724
controle_defasado,H3,2011-06-01,2011,6,dominio_inteiro,78561,192408.00701953607,-11744.751822303711,70569.64471843539,183911.08092266286,67475.78503925544
controle_defasado,H3,2011-06-01,2011,6,lat_menor_que_menos35,26100,17667.337068410467,-5689.749538845355,15419.442195655569,12680.600419689361,17451.68248953376
controle_defasado,H3,2011-06-01,2011,6,lat_menos35_a_menos15,20880,20527.702890517685,-6270.349625451057,13101.734071999357,17899.524911482946,18808.59412325443
controle_defasado,H3,2011-06-01,2011,6,lat_maior_igual_menos15,31581,154212.96706060792,215.34734199270315,42048.46845078047,153330.95559149055,31215.50842646724
controle_defasado,H3,2011-07-01,2011,7,dominio_inteiro,78561,173294.03131864374,-17798.140189183734,64361.86174688253,165123.23866027198,67475.78503925544
controle_defasado,H3,2011-07-01,2011,7,lat_menor_que_menos35,26100,17055.894664634598,-3131.308189626449,14700.837403125615,11716.559877915173,17451.68248953376
controle_defasado,H3,2011-07-01,2011,7,lat_menos35_a_menos15,20880,13751.153820363834,152.24933328986936,11258.490769442085,12158.501424595135,18808.59412325443
controle_defasado,H3,2011-07-01,2011,7,lat_maior_igual_menos15,31581,142486.9828336453,-14819.081332847154,38402.53357431483,141248.17735776166,31215.50842646724
controle_defasado,H3,2011-08-01,2011,8,dominio_inteiro,78561,189223.55927630904,5889.914720047203,75941.93831930109,170639.73559317237,67475.78503925544
controle_defasado,H3,2011-08-01,2011,8,lat_menor_que_menos35,26100,49072.69684033263,-7718.908966050875,24555.981516679563,34596.12579534368,17451.68248953376
controle_defasado,H3,2011-08-01,2011,8,lat_menos35_a_menos15,20880,26593.920546885267,-3005.7823808983208,14721.202567731918,23513.964288883188,18808.59412325443
controle_defasado,H3,2011-08-01,2011,8,lat_maior_igual_menos15,31581,113556.9418890911,16614.606066996403,36664.75423488962,112529.64550894551,31215.50842646724
controle_defasado,H3,2011-09-01,2011,9,dominio_inteiro,78561,182894.90781649796,20123.83770693296,75127.03306051917,169935.86739003737,67475.78503925544
controle_defasado,H3,2011-09-01,2011,9,lat_menor_que_menos35,26100,24656.43292303085,-5792.2497480196025,16981.64292876007,17099.97760674637,17451.68248953376
controle_defasado,H3,2011-09-01,2011,9,lat_menos35_a_menos15,20880,40844.329274563366,18271.648242112162,21413.160758241745,36702.410454966775,18808.59412325443
controle_defasado,H3,2011-09-01,2011,9,lat_maior_igual_menos15,31581,117394.14561890371,7644.439212840408,36732.22937351735,116133.47932832423,31215.50842646724
controle_defasado,H3,2011-10-01,2011,10,dominio_inteiro,78561,188541.58295771986,-16851.859730922257,74346.00842438555,177083.2134375232,67475.78503925544
controle_defasado,H3,2011-10-01,2011,10,lat_menor_que_menos35,26100,27293.72225962535,-822.408535837229,15756.505707925231,20480.702358613667,17451.68248953376
controle_defasado,H3,2011-10-01,2011,10,lat_menos35_a_menos15,20880,31072.90897107968,-4213.135422571185,16660.929749558803,27680.793194199712,18808.59412325443
controle_defasado,H3,2011-10-01,2011,10,lat_maior_igual_menos15,31581,130174.95172701485,-11816.31577251384,41928.57296690151,128921.7178847098,31215.50842646724
controle_defasado,H3,2011-11-01,2011,11,dominio_inteiro,78561,334693.97027312714,-20031.601639285374,89890.56434074137,322346.2082108455,67475.78503925544
controle_defasado,H3,2011-11-01,2011,11,lat_menor_que_menos35,26100,18893.02154863838,-4001.5214277323466,15784.59728840185,13455.465671493646,17451.68248953376
controle_defasado,H3,2011-11-01,2011,11,lat_menos35_a_menos15,20880,49381.2090247564,6043.841060697637,20864.58969884819,44750.982893260625,18808.59412325443
controle_defasado,H3,2011-11-01,2011,11,lat_maior_igual_menos15,31581,266419.73969973234,-22073.921272250664,53241.37735349133,264139.7596460912,31215.50842646724
controle_defasado,H3,2011-12-01,2011,12,dominio_inteiro,78561,286243.4210652127,14733.24071026517,96836.59446574854,266010.49043156055,67475.78503925544
controle_defasado,H3,2011-12-01,2011,12,lat_menor_que_menos35,26100,36309.09552996496,14161.885630301364,20966.911972973663,25421.02410425517,17451.68248953376
controle_defasado,H3,2011-12-01,2011,12,lat_menos35_a_menos15,20880,71209.7957680823,3676.935680978255,25156.70623029631,63127.43649306784,18808.59412325443
controle_defasado,H3,2011-12-01,2011,12,lat_maior_igual_menos15,31581,178724.52976716546,-3105.58060101445,50712.976262478565,177462.02983423756,31215.50842646724
controle_defasado,H3,2012-01-01,2012,1,dominio_inteiro,78561,232094.08623955486,-5688.940645183943,84041.88917586286,218466.2221820897,67475.78503925544
controle_defasado,H3,2012-01-01,2012,1,lat_menor_que_menos35,26100,23679.056929084745,1804.71093417429,16465.388643657196,17201.480702045727,17451.68248953376
controle_defasado,H3,2012-01-01,2012,1,lat_menos35_a_menos15,20880,57717.80486153841,8742.526606447651,23151.522088093054,51456.242001892795,18808.59412325443
controle_defasado,H3,2012-01-01,2012,1,lat_maior_igual_menos15,31581,150697.2244489317,-16236.178185805884,44424.97844411261,149808.49947815115,31215.50842646724
controle_defasado,H3,2012-02-01,2012,2,dominio_inteiro,78561,274274.31914414006,-19542.98179401419,94029.5508817733,256025.10933465877,67475.78503925544
controle_defasado,H3,2012-02-01,2012,2,lat_menor_que_menos35,26100,39102.94678145475,-10417.445256514662,21564.843447569037,28903.479862220847,17451.68248953376
controle_defasado,H3,2012-02-01,2012,2,lat_menos35_a_menos15,20880,65045.77792172441,10124.201584705614,25944.257005022246,58046.619704427,18808.59412325443
controle_defasado,H3,2012-02-01,2012,2,lat_maior_igual_menos15,31581,170125.59444096088,-19249.738122205144,46520.450429182034,169075.00976801087,31215.50842646724
controle_defasado,H3,2012-03-01,2012,3,dominio_inteiro,78561,242404.5732015307,6254.529993995103,86404.35474270319,228322.85151714453,67475.78503925544
controle_defasado,H3,2012-03-01,2012,3,lat_menor_que_menos35,26100,37634.34115816485,-3079.5911599786127,19784.758612471076,28118.740869551395,17451.68248953376
controle_defasado,H3,2012-03-01,2012,3,lat_menos35_a_menos15,20880,42961.257491066994,15706.11666860725,20923.290500750954,39010.4737253948,18808.59412325443
controle_defasado,H3,2012-03-01,2012,3,lat_maior_igual_menos15,31581,161808.97455229887,-6371.995514633532,45696.305629481154,161193.63692219838,31215.50842646724
controle_defasado,H3,2012-04-01,2012,4,dominio_inteiro,78561,263560.9289197675,-7518.598714784541,88935.81817288301,251132.87635649912,67475.78503925544
controle_defasado,H3,2012-04-01,2012,4,lat_menor_que_menos35,26100,25719.821780287395,3343.8860868993415,19536.11280720157,18161.631882363665,17451.68248953376
controle_defasado,H3,2012-04-01,2012,4,lat_menos35_a_menos15,20880,40233.417855149055,-7237.360291486286,19876.794757935488,36167.42371013046,18808.59412325443
controle_defasado,H3,2012-04-01,2012,4,lat_maior_igual_menos15,31581,197607.68928433105,-3625.1245101975965,49522.910607745944,196803.820764005,31215.50842646724
controle_defasado,H3,2012-05-01,2012,5,dominio_inteiro,78561,228200.95040628404,2670.7707476904175,82794.25720870595,211205.15388102538,67475.78503925544
controle_defasado,H3,2012-05-01,2012,5,lat_menor_que_menos35,26100,38233.56920032451,-2156.791121698438,21846.195781541257,26868.545345659688,17451.68248953376
controle_defasado,H3,2012-05-01,2012,5,lat_menos35_a_menos15,20880,38997.16531685931,4582.669760672182,19323.21723736119,34282.6075343888,18808.59412325443
controle_defasado,H3,2012-05-01,2012,5,lat_maior_igual_menos15,31581,150970.2158891002,244.89210871667,41624.84418980351,150054.0010009769,31215.50842646724
controle_defasado,H3,2012-06-01,2012,6,dominio_inteiro,78561,196816.3362870103,3193.294833228058,78075.26077538847,178723.8399046795,67475.78503925544
controle_defasado,H3,2012-06-01,2012,6,lat_menor_que_menos35,26100,38625.30504265926,-3669.488664528867,21033.897233341526,26660.068181051483,17451.68248953376
controle_defasado,H3,2012-06-01,2012,6,lat_menos35_a_menos15,20880,44714.30041478726,-7503.014272652169,19532.498701767643,39383.15429105897,18808.59412325443
controle_defasado,H3,2012-06-01,2012,6,lat_maior_igual_menos15,31581,113476.73082956375,14365.797770409097,37508.864840279304,112680.61743256905,31215.50842646724
controle_defasado,H3,2012-07-01,2012,7,dominio_inteiro,78561,235681.915966815,-4844.403207342387,76361.03583373304,218927.79576089283,67475.78503925544
controle_defasado,H3,2012-07-01,2012,7,lat_menor_que_menos35,26100,39236.91556728494,-5698.375961852256,23147.89106733754,26666.092494865014,17451.68248953376
controle_defasado,H3,2012-07-01,2012,7,lat_menos35_a_menos15,20880,19374.811974603817,2523.360513654936,13277.911906870519,16758.200376176097,18808.59412325443
controle_defasado,H3,2012-07-01,2012,7,lat_maior_igual_menos15,31581,177070.18842492625,-1669.3877591450664,39935.23285952498,175503.50288985172,31215.50842646724
controle_defasado,H3,2012-08-01,2012,8,dominio_inteiro,78561,184952.80215690238,-5331.196013958468,76594.11232801506,169314.2867384301,67475.78503925544
controle_defasado,H3,2012-08-01,2012,8,lat_menor_que_menos35,26100,38551.57446190109,-7687.055386526998,22102.17693376701,28527.196277531497,17451.68248953376
controle_defasado,H3,2012-08-01,2012,8,lat_menos35_a_menos15,20880,31962.642204081145,6181.35077671623,17172.741372814784,27666.844006118048,18808.59412325443
controle_defasado,H3,2012-08-01,2012,8,lat_maior_igual_menos15,31581,114438.58549092014,-3825.4914041477005,37319.194021433286,113120.24645478054,31215.50842646724
controle_defasado,H3,2012-09-01,2012,9,dominio_inteiro,78561,134543.19913419458,34873.86026666547,65086.88048676966,125571.23000410222,67475.78503925544
controle_defasado,H3,2012-09-01,2012,9,lat_menor_que_menos35,26100,15636.942517079631,3025.577809808119,14881.769090389736,11127.301058533712,17451.68248953376
controle_defasado,H3,2012-09-01,2012,9,lat_menos35_a_menos15,20880,32777.16408897156,10794.620118987265,17249.14344146892,29211.709553036708,18808.59412325443
controle_defasado,H3,2012-09-01,2012,9,lat_maior_igual_menos15,31581,86129.09252814337,21053.662337870086,32955.96795491101,85232.21939253183,31215.50842646724
controle_defasado,H3,2012-10-01,2012,10,dominio_inteiro,78561,200264.93678360264,15350.53516069248,79124.58906296178,187307.51332950898,67475.78503925544
controle_defasado,H3,2012-10-01,2012,10,lat_menor_que_menos35,26100,22872.621682822304,-2242.1213043589996,17055.673206762793,16934.238603394868,17451.68248953376
controle_defasado,H3,2012-10-01,2012,10,lat_menos35_a_menos15,20880,56061.325728590105,11677.791977693689,23747.56011469334,50440.56934299099,18808.59412325443
controle_defasado,H3,2012-10-01,2012,10,lat_maior_igual_menos15,31581,121330.98937219018,5914.864487357792,38321.355741505635,119932.70538312307,31215.50842646724
controle_defasado,H3,2012-11-01,2012,11,dominio_inteiro,78561,348642.7127914126,1036.203615692426,99352.09290033225,331570.76343580557,67475.78503925544
controle_defasado,H3,2012-11-01,2012,11,lat_menor_que_menos35,26100,16958.035934611813,2417.110962530238,14385.067693005647,12286.628960846745,17451.68248953376
controle_defasado,H3,2012-11-01,2012,11,lat_menos35_a_menos15,20880,106997.62633262688,1578.8607300905542,30550.569711865435,97452.1408218891,18808.59412325443
controle_defasado,H3,2012-11-01,2012,11,lat_maior_igual_menos15,31581,224687.05052417394,-2959.7680769283666,54416.45549546117,221831.99365306975,31215.50842646724
controle_defasado,H3,2012-12-01,2012,12,dominio_inteiro,78561,325786.6596958328,2557.0692365902437,103324.61651124092,295991.82903473283,67475.78503925544
controle_defasado,H3,2012-12-01,2012,12,lat_menor_que_menos35,26100,71022.95786387677,-17044.801495896005,29826.49399549979,51936.27121066213,17451.68248953376
controle_defasado,H3,2012-12-01,2012,12,lat_menos35_a_menos15,20880,107560.63584310103,15395.293586330708,31961.461642131973,98360.81910773623,18808.59412325443
controle_defasado,H3,2012-12-01,2012,12,lat_maior_igual_menos15,31581,147203.06598885503,4206.5771461555405,41536.66087360918,145694.73871633442,31215.50842646724
sst_defasada,H3,2011-01-01,2011,1,dominio_inteiro,78561,225443.55207532347,6283.424808779906,84546.40177463573,212787.44692692306,67475.78503925544
sst_defasada,H3,2011-01-01,2011,1,lat_menor_que_menos35,26100,23719.272796297184,-7138.4163621109665,17290.160193175892,17048.577047201892,17451.68248953376
sst_defasada,H3,2011-01-01,2011,1,lat_menos35_a_menos15,20880,48046.872479885686,4293.261056482919,20385.458767132215,42989.35902854024,18808.59412325443
sst_defasada,H3,2011-01-01,2011,1,lat_maior_igual_menos15,31581,153677.40679914062,9128.580114407954,46870.78281432763,152749.51085118094,31215.50842646724
sst_defasada,H3,2011-02-01,2011,2,dominio_inteiro,78561,231342.8190560696,-6474.021037195204,83102.24640594065,216493.3857720861,67475.78503925544
sst_defasada,H3,2011-02-01,2011,2,lat_menor_que_menos35,26100,24162.990474408623,1950.4422780030898,17068.800359055345,17785.233208991136,17451.68248953376
sst_defasada,H3,2011-02-01,2011,2,lat_menos35_a_menos15,20880,80954.76584617778,-5474.279622300155,26739.776701322404,73369.22638839611,18808.59412325443
sst_defasada,H3,2011-02-01,2011,2,lat_maior_igual_menos15,31581,126225.06273548321,-2950.183692898137,39293.66934556289,125338.92617469885,31215.50842646724
sst_defasada,H3,2011-03-01,2011,3,dominio_inteiro,78561,283265.7699517986,-13146.534142290513,90406.04682934967,260065.18304961428,67475.78503925544
sst_defasada,H3,2011-03-01,2011,3,lat_menor_que_menos35,26100,34667.18743876055,-5722.770701949636,19632.588010682062,23802.32883743318,17451.68248953376
sst_defasada,H3,2011-03-01,2011,3,lat_menos35_a_menos15,20880,140768.47508866864,-7563.984442037343,31997.832762496648,129000.18851301746,18808.59412325443
sst_defasada,H3,2011-03-01,2011,3,lat_maior_igual_menos15,31581,107830.1074243694,140.2210016964687,38775.626056170964,107262.66569916358,31215.50842646724
sst_defasada,H3,2011-04-01,2011,4,dominio_inteiro,78561,222820.96216303032,-9259.077014028695,80083.25206097672,212610.9548157459,67475.78503925544
sst_defasada,H3,2011-04-01,2011,4,lat_menor_que_menos35,26100,21394.405918145523,-3000.9486535358174,17135.08021095224,14410.816023216117,17451.68248953376
sst_defasada,H3,2011-04-01,2011,4,lat_menos35_a_menos15,20880,20836.48284607317,2766.9555663860974,14078.779529849617,18670.492981407093,18808.59412325443
sst_defasada,H3,2011-04-01,2011,4,lat_maior_igual_menos15,31581,180590.07339881163,-9025.083926878975,48869.39232017486,179529.64581112273,31215.50842646724
sst_defasada,H3,2011-05-01,2011,5,dominio_inteiro,78561,367093.2988728483,-5808.299523389647,97880.77026742972,353020.640768027,67475.78503925544
sst_defasada,H3,2011-05-01,2011,5,lat_menor_que_menos35,26100,32751.95752903541,-26.24222139459448,20894.42302031888,22978.25690793307,17451.68248953376
sst_defasada,H3,2011-05-01,2011,5,lat_menos35_a_menos15,20880,30987.912914844357,12398.327152168957,18034.644724890382,27904.43548316661,18808.59412325443
sst_defasada,H3,2011-05-01,2011,5,lat_maior_igual_menos15,31581,303353.4284289686,-18180.384454164003,58951.702522220454,302137.94837692735,31215.50842646724
sst_defasada,H3,2011-06-01,2011,6,dominio_inteiro,78561,195513.36994552804,-8570.136067073756,71158.93098887418,187223.67767680594,67475.78503925544
sst_defasada,H3,2011-06-01,2011,6,lat_menor_que_menos35,26100,17038.272561425038,-4643.4210525704275,15293.929154364629,12220.554154104011,17451.68248953376
sst_defasada,H3,2011-06-01,2011,6,lat_menos35_a_menos15,20880,20284.18153884351,-5777.160308274939,13084.16614075451,17695.300441522682,18808.59412325443
sst_defasada,H3,2011-06-01,2011,6,lat_maior_igual_menos15,31581,158190.91584525947,1850.445293771612,42780.835693755056,157307.82308117923,31215.50842646724
sst_defasada,H3,2011-07-01,2011,7,dominio_inteiro,78561,173365.42864108286,-17354.135033349714,64834.591739295334,165193.677812935,67475.78503925544
sst_defasada,H3,2011-07-01,2011,7,lat_menor_que_menos35,26100,16990.680306319926,-3449.3168097544844,14713.377264109356,11673.809187909179,17451.68248953376
sst_defasada,H3,2011-07-01,2011,7,lat_menos35_a_menos15,20880,14060.174165854209,357.5286536365264,11513.406321554236,12443.286309966801,18808.59412325443
sst_defasada,H3,2011-07-01,2011,7,lat_maior_igual_menos15,31581,142314.57416890876,-14262.346877231756,38607.80815363173,141076.58231505903,31215.50842646724
sst_defasada,H3,2011-08-01,2011,8,dominio_inteiro,78561,189298.79404489204,6789.338030764946,75817.5104340199,170942.6433702774,67475.78503925544
sst_defasada,H3,2011-08-01,2011,8,lat_menor_que_menos35,26100,47923.64952369544,-7334.41231241582,24196.64741954125,33695.83972639342,17451.68248953376
sst_defasada,H3,2011-08-01,2011,8,lat_menos35_a_menos15,20880,26614.757029404987,-3016.9979894253897,14627.821819307153,23543.424811722576,18808.59412325443
sst_defasada,H3,2011-08-01,2011,8,lat_maior_igual_menos15,31581,114760.38749179161,17140.74833260616,36993.04119517148,113703.37883216138,31215.50842646724
sst_defasada,H3,2011-09-01,2011,9,dominio_inteiro,78561,183829.25758673917,18504.099911905058,75187.02188210076,170888.01684994999,67475.78503925544
sst_defasada,H3,2011-09-01,2011,9,lat_menor_que_menos35,26100,24636.947118594133,-6024.783523803678,17039.538440221273,17075.2500091134,17451.68248953376
sst_defasada,H3,2011-09-01,2011,9,lat_menos35_a_menos15,20880,40259.682186902646,18055.2640820799,21188.622442796157,36182.98109628978,18808.59412325443
sst_defasada,H3,2011-09-01,2011,9,lat_maior_igual_menos15,31581,118932.62828124245,6473.619353628842,36958.86099908334,117629.7857445468,31215.50842646724
sst_defasada,H3,2011-10-01,2011,10,dominio_inteiro,78561,185691.87849537595,-14617.453259943217,73991.32104925677,174294.143818648,67475.78503925544
sst_defasada,H3,2011-10-01,2011,10,lat_menor_que_menos35,26100,27141.170797310595,-856.6891236408014,15721.969760268956,20376.2884680794,17451.68248953376
sst_defasada,H3,2011-10-01,2011,10,lat_menos35_a_menos15,20880,31082.91637539109,-3738.752275482665,16715.065222352885,27679.69739314846,18808.59412325443
sst_defasada,H3,2011-10-01,2011,10,lat_maior_igual_menos15,31581,127467.79132267425,-10022.011860819748,41554.28606663493,126238.15795742016,31215.50842646724
sst_defasada,H3,2011-11-01,2011,11,dominio_inteiro,78561,328580.85930440493,-16107.030313548557,89615.70204109327,316268.2657566418,67475.78503925544
sst_defasada,H3,2011-11-01,2011,11,lat_menor_que_menos35,26100,18876.71274395961,-3734.3638762723785,15748.765427686185,13446.12323821881,17451.68248953376
sst_defasada,H3,2011-11-01,2011,11,lat_menos35_a_menos15,20880,49952.02022391067,6242.809937547497,20972.444053419647,45292.54436250507,18808.59412325443
sst_defasada,H3,2011-11-01,2011,11,lat_maior_igual_menos15,31581,259752.12633653465,-18615.476374823673,52894.49255998744,257529.5981559179,31215.50842646724
sst_defasada,H3,2011-12-01,2011,12,dominio_inteiro,78561,285236.723498648,16837.25556292723,97083.09061074468,264802.3342780289,67475.78503925544
sst_defasada,H3,2011-12-01,2011,12,lat_menor_que_menos35,26100,36960.568302703505,14442.651064795606,21153.691454110573,25839.34616917173,17451.68248953376
sst_defasada,H3,2011-12-01,2011,12,lat_menos35_a_menos15,20880,71490.05684851942,3839.1936377389065,25199.761332702885,63406.95675587661,18808.59412325443
sst_defasada,H3,2011-12-01,2011,12,lat_maior_igual_menos15,31581,176786.09834742502,-1444.5891396072898,50729.63782393122,175556.03135298056,31215.50842646724
sst_defasada,H3,2012-01-01,2012,1,dominio_inteiro,78561,236245.22493307485,-3131.635359089294,85267.85466619667,222515.80682522838,67475.78503925544
sst_defasada,H3,2012-01-01,2012,1,lat_menor_que_menos35,26100,23745.73201683726,2448.211202863182,16628.17353038012,17231.64902768397,17451.68248953376
sst_defasada,H3,2012-01-01,2012,1,lat_menos35_a_menos15,20880,57714.093177769944,8974.39385658618,23202.344754837963,51434.915744569575,18808.59412325443
sst_defasada,H3,2012-01-01,2012,1,lat_maior_igual_menos15,31581,154785.39973846762,-14554.240418538659,45437.33638097857,153849.24205297488,31215.50842646724
sst_defasada,H3,2012-02-01,2012,2,dominio_inteiro,78561,279895.67972722015,-16652.666859038665,95815.48536651055,261372.87016452078,67475.78503925544
sst_defasada,H3,2012-02-01,2012,2,lat_menor_que_menos35,26100,39442.90438832711,-10124.091772856378,21770.143376248656,29116.224641941844,17451.68248953376
sst_defasada,H3,2012-02-01,2012,2,lat_menos35_a_menos15,20880,66715.10007118816,10059.86890861933,26309.456111776068,59582.505158169515,18808.59412325443
sst_defasada,H3,2012-02-01,2012,2,lat_maior_igual_menos15,31581,173737.67526770494,-16588.443994801615,47735.88587848584,172674.1403644094,31215.50842646724
sst_defasada,H3,2012-03-01,2012,3,dominio_inteiro,78561,245290.87213577435,11967.633984882805,87593.86757065933,231062.97196034965,67475.78503925544
sst_defasada,H3,2012-03-01,2012,3,lat_menor_que_menos35,26100,37060.50334603593,-3054.5400652640606,19725.77643639921,27654.36968407964,17451.68248953376
sst_defasada,H3,2012-03-01,2012,3,lat_menos35_a_menos15,20880,46110.926018323444,16726.28588139018,21737.563182538415,41926.31835302295,18808.59412325443
sst_defasada,H3,2012-03-01,2012,3,lat_maior_igual_menos15,31581,162119.44277141496,-1704.1118312433177,46130.527951721706,161482.28392324704,31215.50842646724
sst_defasada,H3,2012-04-01,2012,4,dominio_inteiro,78561,262606.612155358,-3485.117206927968,88799.70838962516,250391.6205407252,67475.78503925544
sst_defasada,H3,2012-04-01,2012,4,lat_menor_que_menos35,26100,25208.98195708217,2662.912161971928,19300.348478704323,17769.53305596481,17451.68248953376
sst_defasada,H3,2012-04-01,2012,4,lat_menos35_a_menos15,20880,39730.31690901643,-7052.838522328152,19808.145544471176,35733.72490893667,18808.59412325443
sst_defasada,H3,2012-04-01,2012,4,lat_maior_igual_menos15,31581,197667.3132892594,904.8091534282576,49691.214366449654,196888.3625758238,31215.50842646724
sst_defasada,H3,2012-05-01,2012,5,dominio_inteiro,78561,236438.6875811944,7019.56499018603,84210.68064524898,219776.56214721603,67475.78503925544
sst_defasada,H3,2012-05-01,2012,5,lat_menor_que_menos35,26100,37273.776818871665,-2382.748444519459,21458.4862243444,26222.75393127542,17451.68248953376
sst_defasada,H3,2012-05-01,2012,5,lat_menos35_a_menos15,20880,38997.65609179108,4396.001705121463,19217.50599521486,34292.26416384009,18808.59412325443
sst_defasada,H3,2012-05-01,2012,5,lat_maior_igual_menos15,31581,160167.2546705316,5006.311729584023,43534.68842568972,159261.54405210057,31215.50842646724
sst_defasada,H3,2012-06-01,2012,6,dominio_inteiro,78561,201819.1241518934,7819.169434818419,79171.38987122219,183897.52922280843,67475.78503925544
sst_defasada,H3,2012-06-01,2012,6,lat_menor_que_menos35,26100,37852.33281994205,-2666.677728137513,20811.422005247478,26163.92670985822,17451.68248953376
sst_defasada,H3,2012-06-01,2012,6,lat_menos35_a_menos15,20880,45280.22692592084,-7615.4501162193,19596.972906056315,39889.08491490391,18808.59412325443
sst_defasada,H3,2012-06-01,2012,6,lat_maior_igual_menos15,31581,118686.56440603049,18101.297279175233,38762.99495991838,117844.5175980463,31215.50842646724
sst_defasada,H3,2012-07-01,2012,7,dominio_inteiro,78561,229602.52735025942,-1738.7051357703303,75875.01231169507,213220.31299704718,67475.78503925544
sst_defasada,H3,2012-07-01,2012,7,lat_menor_que_menos35,26100,38558.60313978386,-5856.569956243966,23035.37864444327,26227.416496971233,17451.68248953376
sst_defasada,H3,2012-07-01,2012,7,lat_menos35_a_menos15,20880,19021.65215386042,2340.780825719694,13163.455884684112,16462.667061985416,18808.59412325443
sst_defasada,H3,2012-07-01,2012,7,lat_maior_igual_menos15,31581,172022.27205661515,1777.0839947539398,39676.17778256768,170530.22943809052,31215.50842646724
sst_defasada,H3,2012-08-01,2012,8,dominio_inteiro,78561,184461.7046822932,-2537.7517520249066,76824.95951069322,168709.86842776806,67475.78503925544
sst_defasada,H3,2012-08-01,2012,8,lat_menor_que_menos35,26100,38779.81864347998,-7393.088670002784,22111.3295270589,28727.388915287152,17451.68248953376
sst_defasada,H3,2012-08-01,2012,8,lat_menos35_a_menos15,20880,32749.83621500629,6387.498765794655,17380.826371709754,28351.78466287,18808.59412325443
sst_defasada,H3,2012-08-01,2012,8,lat_maior_igual_menos15,31581,112932.04982380694,-1532.1618478167784,37332.803611924566,111630.69484961091,31215.50842646724
sst_defasada,H3,2012-09-01,2012,9,dominio_inteiro,78561,134212.23340892454,34248.25032390798,65331.32134395015,125201.61209369304,67475.78503925544
sst_defasada,H3,2012-09-01,2012,9,lat_menor_que_menos35,26100,16231.643512771854,3403.614026983543,15399.372413920755,11527.949004731341,17451.68248953376
sst_defasada,H3,2012-09-01,2012,9,lat_menos35_a_menos15,20880,31214.445784491574,10362.509781209532,17018.456948654824,27815.41534998922,18808.59412325443
sst_defasada,H3,2012-09-01,2012,9,lat_maior_igual_menos15,31581,86766.14411166107,20482.1265157149,32913.491981374566,85858.2477389725,31215.50842646724
sst_defasada,H3,2012-10-01,2012,10,dominio_inteiro,78561,202596.07770028547,14607.664151519337,79728.04849706215,189480.21120810122,67475.78503925544
sst_defasada,H3,2012-10-01,2012,10,lat_menor_que_menos35,26100,22788.9361797698,-1629.1576946970927,17303.755443426257,16713.965372726117,17451.68248953376
sst_defasada,H3,2012-10-01,2012,10,lat_menos35_a_menos15,20880,55851.84751844602,11670.137149009597,23742.45026015537,50259.98621327977,18808.59412325443
sst_defasada,H3,2012-10-01,2012,10,lat_maior_igual_menos15,31581,123955.29400206967,4566.684697206836,38681.842793480515,122506.25962209533,31215.50842646724
sst_defasada,H3,2012-11-01,2012,11,dominio_inteiro,78561,350860.91518524993,2455.6235639223423,99388.97404537839,334088.1377828627,67475.78503925544
sst_defasada,H3,2012-11-01,2012,11,lat_menor_que_menos35,26100,16644.72485304927,3789.38214895652,14077.448445333574,12143.84033552538,17451.68248953376
sst_defasada,H3,2012-11-01,2012,11,lat_menos35_a_menos15,20880,106058.90231873214,1283.274794919209,30423.707448087687,96665.31442602075,18808.59412325443
sst_defasada,H3,2012-11-01,2012,11,lat_maior_igual_menos15,31581,228157.28801346853,-2617.0333799533887,54887.818151957115,225278.98302131658,31215.50842646724
sst_defasada,H3,2012-12-01,2012,12,dominio_inteiro,78561,318947.0908008199,1567.743429809292,102519.13759595765,289734.9788386015,67475.78503925544
sst_defasada,H3,2012-12-01,2012,12,lat_menor_que_menos35,26100,70690.42469602716,-17164.21150615374,29755.894421541278,51674.34423803919,17451.68248953376
sst_defasada,H3,2012-12-01,2012,12,lat_menos35_a_menos15,20880,101938.06261985534,13984.12190988123,30957.99509005776,93246.88009932695,18808.59412325443
sst_defasada,H3,2012-12-01,2012,12,lat_maior_igual_menos15,31581,146318.6034849374,4747.833026081802,41805.24808435862,144813.75450123538,31215.50842646724
climatologia,H3,2011-01-01,2011,1,dominio_inteiro,78561,232467.06530808096,-23905.22403547936,78830.64230779628,219061.09747131667,67475.78503925544
climatologia,H3,2011-01-01,2011,1,lat_menor_que_menos35,26100,24782.58604087401,-6481.366297759116,17839.330540515482,17806.786412781355,17451.68248953376
climatologia,H3,2011-01-01,2011,1,lat_menos35_a_menos15,20880,52694.87423801893,3166.970453247195,21124.61528275232,47047.18994497216,18808.59412325443
climatologia,H3,2011-01-01,2011,1,lat_maior_igual_menos15,31581,154989.60502918804,-20590.82819096744,39866.69648452848,154207.12111356313,31215.50842646724
climatologia,H3,2011-02-01,2011,2,dominio_inteiro,78561,303050.4678822545,-33328.90930231247,92605.13368422684,286708.06136029365,67475.78503925544
climatologia,H3,2011-02-01,2011,2,lat_menor_que_menos35,26100,26817.835916319695,2115.4853006601334,17712.987164467573,19759.428629606577,17451.68248953376
climatologia,H3,2011-02-01,2011,2,lat_menos35_a_menos15,20880,86385.5873648412,-7464.065402153472,27705.655618922377,78155.29766171513,18808.59412325443
climatologia,H3,2011-02-01,2011,2,lat_maior_igual_menos15,31581,189847.0446010936,-27980.329200819135,47186.490900836885,188793.33506897202,31215.50842646724
climatologia,H3,2011-03-01,2011,3,dominio_inteiro,78561,326649.65686781926,-31760.036831424106,95134.19704388035,303558.8582984297,67475.78503925544
climatologia,H3,2011-03-01,2011,3,lat_menor_que_menos35,26100,32074.620160606402,-4206.98803037405,19522.8944196105,21981.46112932267,17451.68248953376
climatologia,H3,2011-03-01,2011,3,lat_menos35_a_menos15,20880,151429.2135397625,-9309.201537498739,33326.155662106816,139100.74572794497,18808.59412325443
climatologia,H3,2011-03-01,2011,3,lat_maior_igual_menos15,31581,143145.8231674504,-18243.847263551317,42285.14696216304,142476.65144116204,31215.50842646724
climatologia,H3,2011-04-01,2011,4,dominio_inteiro,78561,259724.54740369308,-19293.57138485834,85005.52797283977,247680.4793094215,67475.78503925544
climatologia,H3,2011-04-01,2011,4,lat_menor_que_menos35,26100,24921.286795128013,-3325.2972007095814,18502.389871150255,16654.780138323393,17451.68248953376
climatologia,H3,2011-04-01,2011,4,lat_menos35_a_menos15,20880,23950.80573734385,3675.781478924677,15340.537177177146,21395.548314149004,18808.59412325443
climatologia,H3,2011-04-01,2011,4,lat_maior_igual_menos15,31581,210852.45487122124,-19644.055663073435,51162.60092451237,209630.15085694913,31215.50842646724
climatologia,H3,2011-05-01,2011,5,dominio_inteiro,78561,413704.1670637769,-15775.650549008045,103295.52557060914,395689.77987164736,67475.78503925544
climatologia,H3,2011-05-01,2011,5,lat_menor_que_menos35,26100,43185.08115823801,442.5289904475212,23322.18556624651,30396.429942145198,17451.68248953376
climatologia,H3,2011-05-01,2011,5,lat_menos35_a_menos15,20880,36749.460393057714,14280.42696755426,19405.73531716643,32867.259766725554,18808.59412325443
climatologia,H3,2011-05-01,2011,5,lat_maior_igual_menos15,31581,333769.62551248126,-30498.606507009827,60567.6046871962,332426.0901627766,31215.50842646724
climatologia,H3,2011-06-01,2011,6,dominio_inteiro,78561,200622.34883078374,-16271.16433446994,71250.40790294344,191739.3596415963,67475.78503925544
climatologia,H3,2011-06-01,2011,6,lat_menor_que_menos35,26100,19022.779765478423,-3264.160418778658,16307.238669723272,13623.764367843816,17451.68248953376
climatologia,H3,2011-06-01,2011,6,lat_menos35_a_menos15,20880,19166.296426539535,-3872.0001115039922,12862.81547237141,16728.10074518099,18808.59412325443
climatologia,H3,2011-06-01,2011,6,lat_maior_igual_menos15,31581,162433.2726387658,-9135.00380418729,42080.35376084875,161387.49452857152,31215.50842646724
climatologia,H3,2011-07-01,2011,7,dominio_inteiro,78561,199326.7458200061,-20675.088531263173,69468.95370418951,190545.0219569155,67475.78503925544
climatologia,H3,2011-07-01,2011,7,lat_menor_que_menos35,26100,17978.250829934685,-2706.5521817207336,15035.926870942116,12447.93897997114,17451.68248953376
climatologia,H3,2011-07-01,2011,7,lat_menos35_a_menos15,20880,13760.479307420486,1403.0120845343918,11461.967345064506,12111.612061350424,18808.59412325443
climatologia,H3,2011-07-01,2011,7,lat_maior_igual_menos15,31581,167588.0156826509,-19371.54843407683,42971.05948818289,165985.47091559393,31215.50842646724
climatologia,H3,2011-08-01,2011,8,dominio_inteiro,78561,178477.79180277855,1657.3319592177868,72837.765507821,161778.59720923565,67475.78503925544
climatologia,H3,2011-08-01,2011,8,lat_menor_que_menos35,26100,42204.66530376464,-6224.948819041252,22606.517739355564,29587.39007850219,17451.68248953376
climatologia,H3,2011-08-01,2011,8,lat_menos35_a_menos15,20880,26884.58801676694,-2724.4094475302845,14689.653601741418,23818.236729769873,18808.59412325443
climatologia,H3,2011-08-01,2011,8,lat_maior_igual_menos15,31581,109388.53848224698,10606.690225789323,35541.59416672401,108372.97040096356,31215.50842646724
climatologia,H3,2011-09-01,2011,9,dominio_inteiro,78561,165711.86059178194,12052.193342075916,71872.25803062809,152947.9319855678,67475.78503925544
climatologia,H3,2011-09-01,2011,9,lat_menor_que_menos35,26100,24265.746288699127,-3659.0934894680977,17070.58704471588,16833.95943672807,17451.68248953376
climatologia,H3,2011-09-01,2011,9,lat_menos35_a_menos15,20880,39855.41469339428,18431.198641109513,21380.417262879433,35607.23748084014,18808.59412325443
climatologia,H3,2011-09-01,2011,9,lat_maior_igual_menos15,31581,101590.6996096885,-2719.9118095654994,33421.25372303277,100506.7350679996,31215.50842646724
climatologia,H3,2011-10-01,2011,10,dominio_inteiro,78561,226409.0931820666,-28822.774337420706,80639.9902837202,214066.8157356023,67475.78503925544
climatologia,H3,2011-10-01,2011,10,lat_menor_que_menos35,26100,28607.171640656754,1296.553024560213,16565.34194549918,21301.85611109503,17451.68248953376
climatologia,H3,2011-10-01,2011,10,lat_menos35_a_menos15,20880,30547.606289651198,-5465.200233288575,16629.820057099685,27394.599186651736,18808.59412325443
climatologia,H3,2011-10-01,2011,10,lat_maior_igual_menos15,31581,167254.31525175864,-24654.127128692344,47444.82828112133,165370.36043785553,31215.50842646724
climatologia,H3,2011-11-01,2011,11,dominio_inteiro,78561,397205.9894452775,-27144.64009547967,97677.7275558688,383539.1295484533,67475.78503925544
climatologia,H3,2011-11-01,2011,11,lat_menor_que_menos35,26100,18474.268389507666,-1685.85888504982,15760.65600591898,13116.063280235885,17451.68248953376
climatologia,H3,2011-11-01,2011,11,lat_menos35_a_menos15,20880,56628.88676564569,8677.22845485073,22951.371233870857,51198.121316210076,18808.59412325443
climatologia,H3,2011-11-01,2011,11,lat_maior_igual_menos15,31581,322102.8342901241,-34136.00966528058,58965.70031607896,319224.9449520074,31215.50842646724
climatologia,H3,2011-12-01,2011,12,dominio_inteiro,78561,352671.6864662065,1440.9689082084806,105281.67958805204,330314.3034494623,67475.78503925544
climatologia,H3,2011-12-01,2011,12,lat_menor_que_menos35,26100,38759.59740272058,14240.552057772875,21261.25231912732,27191.49265541169,17451.68248953376
climatologia,H3,2011-12-01,2011,12,lat_menos35_a_menos15,20880,80020.68441067864,2742.0772442250163,26700.683537358942,70997.40923682033,18808.59412325443
climatologia,H3,2011-12-01,2011,12,lat_maior_igual_menos15,31581,233891.40465280737,-15541.66039378941,57319.74373156577,232125.4015572303,31215.50842646724
climatologia,H3,2012-01-01,2012,1,dominio_inteiro,78561,254429.2104220562,-7128.948400713736,87963.30235336511,239815.579725017,67475.78503925544
climatologia,H3,2012-01-01,2012,1,lat_menor_que_menos35,26100,24406.970841714017,2150.7938890084624,16476.015652127564,17655.9517725528,17451.68248953376
climatologia,H3,2012-01-01,2012,1,lat_menos35_a_menos15,20880,63332.5803181931,9942.532739624148,24512.14640217065,56339.149708084056,18808.59412325443
climatologia,H3,2012-01-01,2012,1,lat_maior_igual_menos15,31581,166689.6592621491,-19222.275029346347,46975.1402990669,165820.47824438015,31215.50842646724
climatologia,H3,2012-02-01,2012,2,dominio_inteiro,78561,294144.1160854059,-21081.568146306614,95686.98850303056,275536.98760397173,67475.78503925544
climatologia,H3,2012-02-01,2012,2,lat_menor_que_menos35,26100,37165.03236694694,-9551.975140929222,20981.251413822174,27467.16443871723,17451.68248953376
climatologia,H3,2012-02-01,2012,2,lat_menos35_a_menos15,20880,75255.42480647724,12532.787472602387,28364.39057073655,67442.1828243748,18808.59412325443
climatologia,H3,2012-02-01,2012,2,lat_maior_igual_menos15,31581,181723.65891198174,-24062.38047797978,46341.34651847184,180627.64034087968,31215.50842646724
climatologia,H3,2012-03-01,2012,3,dominio_inteiro,78561,270866.98969221173,4895.960444882046,92150.49166718079,255929.76259788603,67475.78503925544
climatologia,H3,2012-03-01,2012,3,lat_menor_que_menos35,26100,39090.59544870103,-2205.4325875639915,20476.638801813126,29203.4591818873,17451.68248953376
climatologia,H3,2012-03-01,2012,3,lat_menos35_a_menos15,20880,46452.992881545084,16666.793526283,22230.43557634065,42295.846660261595,18808.59412325443
climatologia,H3,2012-03-01,2012,3,lat_maior_igual_menos15,31581,185323.40136196563,-9565.400493836962,49443.41728902701,184430.45675573713,31215.50842646724
climatologia,H3,2012-04-01,2012,4,dominio_inteiro,78561,356035.85247113253,-3666.96062893793,103596.37012705207,343070.30250179616,67475.78503925544
climatologia,H3,2012-04-01,2012,4,lat_menor_que_menos35,26100,24722.69078481513,3293.614542454481,19325.735079556704,17553.91726335741,17451.68248953376
climatologia,H3,2012-04-01,2012,4,lat_menos35_a_menos15,20880,44748.6800086641,-5423.165092425421,21208.88153386861,40095.533495852855,18808.59412325443
climatologia,H3,2012-04-01,2012,4,lat_maior_igual_menos15,31581,286564.48167765327,-1537.41007896699,63061.753513626754,285420.85174258595,31215.50842646724
climatologia,H3,2012-05-01,2012,5,dominio_inteiro,78561,308958.4473928603,12167.266321109142,93288.83332616417,294604.73751676694,67475.78503925544
climatologia,H3,2012-05-01,2012,5,lat_menor_que_menos35,26100,30687.627419085344,-1369.4331372380257,20082.024197876453,21723.540593984526,17451.68248953376
climatologia,H3,2012-05-01,2012,5,lat_menos35_a_menos15,20880,36132.18525283311,3471.5719107915647,18334.62364673661,31795.559728019092,18808.59412325443
climatologia,H3,2012-05-01,2012,5,lat_maior_igual_menos15,31581,242138.63472094186,10065.127547555603,54872.1854815511,241085.63719476335,31215.50842646724
climatologia,H3,2012-06-01,2012,6,dominio_inteiro,78561,220752.1010347273,12944.234453982208,83180.73257138999,203609.9077194005,67475.78503925544
climatologia,H3,2012-06-01,2012,6,lat_menor_que_menos35,26100,35382.51905574648,-1919.4586518108845,20352.639792650938,24582.347994986594,17451.68248953376
climatologia,H3,2012-06-01,2012,6,lat_menos35_a_menos15,20880,46724.95594135594,-8569.172276420984,19695.316040271427,41243.00642441377,18808.59412325443
climatologia,H3,2012-06-01,2012,6,lat_maior_igual_menos15,31581,138644.6260376249,23432.865382214077,43132.776738467626,137784.55330000012,31215.50842646724
climatologia,H3,2012-07-01,2012,7,dominio_inteiro,78561,215828.4933791092,3832.3787386342883,75433.34449999407,199132.87279166203,67475.78503925544
climatologia,H3,2012-07-01,2012,7,lat_menor_que_menos35,26100,40300.659201741684,-4932.4242215156555,23376.929408609867,27620.750453933404,17451.68248953376
climatologia,H3,2012-07-01,2012,7,lat_menos35_a_menos15,20880,18896.095388951027,3245.2095027472824,13192.629874603823,16352.166900593265,18808.59412325443
climatologia,H3,2012-07-01,2012,7,lat_maior_igual_menos15,31581,156631.7387884165,5519.593457402661,38863.78521678038,155159.95543713536,31215.50842646724
climatologia,H3,2012-08-01,2012,8,dominio_inteiro,78561,184065.45408369097,-2080.8863482773304,77046.18004160747,167920.92351698573,67475.78503925544
climatologia,H3,2012-08-01,2012,8,lat_menor_que_menos35,26100,40026.38976536766,-6877.109463572502,22687.134094536304,29543.665202420394,17451.68248953376
climatologia,H3,2012-08-01,2012,8,lat_menos35_a_menos15,20880,33033.38238184747,6351.054801126942,17496.774974135682,28632.780146526024,18808.59412325443
climatologia,H3,2012-08-01,2012,8,lat_maior_igual_menos15,31581,111005.68193647584,-1554.8316858317703,36862.27097293548,109744.47816803932,31215.50842646724
climatologia,H3,2012-09-01,2012,9,dominio_inteiro,78561,145708.514274861,39264.67197977123,69311.27141508949,135830.04986484133,67475.78503925544
climatologia,H3,2012-09-01,2012,9,lat_menor_que_menos35,26100,19111.232124023794,2629.970917880535,15931.486773252487,13479.674888094889,17451.68248953376
climatologia,H3,2012-09-01,2012,9,lat_menos35_a_menos15,20880,29909.075722862523,10938.078447628068,16997.603606543737,26664.754197083377,18808.59412325443
climatologia,H3,2012-09-01,2012,9,lat_maior_igual_menos15,31581,96688.20642797467,25696.622614262626,36382.181035293266,95685.62077966306,31215.50842646724
climatologia,H3,2012-10-01,2012,10,dominio_inteiro,78561,179718.50175138086,14902.418686260935,76695.94719310384,167172.90533007577,67475.78503925544
climatologia,H3,2012-10-01,2012,10,lat_menor_que_menos35,26100,22649.985653613672,-3103.8814694583416,16755.49507138133,16843.0883729558,17451.68248953376
climatologia,H3,2012-10-01,2012,10,lat_menos35_a_menos15,20880,54378.5438472335,9690.649223498534,23216.22079587821,48771.68555441228,18808.59412325443
climatologia,H3,2012-10-01,2012,10,lat_maior_igual_menos15,31581,102689.97225053371,8315.650932220742,36724.2313258443,101558.13140270769,31215.50842646724
climatologia,H3,2012-11-01,2012,11,dominio_inteiro,78561,315998.6144415178,3881.198756449041,95220.23440485925,301585.3166385627,67475.78503925544
climatologia,H3,2012-11-01,2012,11,lat_menor_que_menos35,26100,15376.050431732236,1082.4611985683441,13764.393158137798,11106.791057455643,17451.68248953376
climatologia,H3,2012-11-01,2012,11,lat_menos35_a_menos15,20880,85450.97791055446,1973.7963717208477,27761.89354722679,77804.64272593892,18808.59412325443
climatologia,H3,2012-11-01,2012,11,lat_maior_igual_menos15,31581,215171.5860992311,824.9411861598492,53693.94769949466,212673.8828551681,31215.50842646724
climatologia,H3,2012-12-01,2012,12,dominio_inteiro,78561,357498.54067982023,-3372.3903523506015,107824.59404591477,326574.6558903295,67475.78503925544
climatologia,H3,2012-12-01,2012,12,lat_menor_que_menos35,26100,73224.69559501467,-17524.440656155348,30194.545720010996,53458.50236733988,17451.68248953376
climatologia,H3,2012-12-01,2012,12,lat_menos35_a_menos15,20880,113418.32583480855,15069.3467983632,32618.37602536386,103942.86629711976,18808.59412325443
climatologia,H3,2012-12-01,2012,12,lat_maior_igual_menos15,31581,170855.51924999696,-917.2964945584536,45011.67230053991,169173.28722586983,31215.50842646724
controle_defasado,H4,2013-01-01,2013,1,dominio_inteiro,78561,333162.87457953545,17780.235138169126,104156.73505868828,313691.3449350728,67475.78503925544
controle_defasado,H4,2013-01-01,2013,1,lat_menor_que_menos35,26100,32122.785880783435,6948.82822372214,20572.269470366515,22530.025652426026,17451.68248953376
controle_defasado,H4,2013-01-01,2013,1,lat_menos35_a_menos15,20880,93402.6537722495,-111.68603315896871,30293.336575856127,85148.5386827647,18808.59412325443
controle_defasado,H4,2013-01-01,2013,1,lat_maior_igual_menos15,31581,207637.43492650252,10943.092947605955,53291.12901246565,206012.7805998821,31215.50842646724
controle_defasado,H4,2013-02-01,2013,2,dominio_inteiro,78561,345514.71361860813,-7767.133183284182,98531.70170011229,329661.97594467417,67475.78503925544
controle_defasado,H4,2013-02-01,2013,2,lat_menor_que_menos35,26100,32723.15595981688,2098.6877438850643,19794.6605402899,23917.57693900705,17451.68248953376
controle_defasado,H4,2013-02-01,2013,2,lat_menos35_a_menos15,20880,52471.28499864979,4115.188685321571,22190.349946520706,46672.839026807305,18808.59412325443
controle_defasado,H4,2013-02-01,2013,2,lat_maior_igual_menos15,31581,260320.27266014143,-13981.009612490818,56546.691213301696,259071.5599788598,31215.50842646724
controle_defasado,H4,2013-03-01,2013,3,dominio_inteiro,78561,264248.7700412648,617.3582005159064,84297.57648713415,251750.63563391424,67475.78503925544
controle_defasado,H4,2013-03-01,2013,3,lat_menor_que_menos35,26100,22439.943568237875,2030.4252462106951,17386.3659359182,15607.165601606626,17451.68248953376
controle_defasado,H4,2013-03-01,2013,3,lat_menos35_a_menos15,20880,49629.48118416323,1567.3660826278829,21590.70841219993,44622.23128727752,18808.59412325443
controle_defasado,H4,2013-03-01,2013,3,lat_maior_igual_menos15,31581,192179.3452888637,-2980.4331283226716,45320.50213901603,191521.23874503007,31215.50842646724
controle_defasado,H4,2013-04-01,2013,4,dominio_inteiro,78561,228083.08308427775,22854.25155594201,87329.70716410683,215444.31273596056,67475.78503925544
controle_defasado,H4,2013-04-01,2013,4,lat_menor_que_menos35,26100,30185.91130519279,5735.381162410549,22060.25993398327,21557.433394967564,17451.68248953376
controle_defasado,H4,2013-04-01,2013,4,lat_menos35_a_menos15,20880,30468.37044268141,4721.522883058238,18279.2068199707,27199.298065725223,18808.59412325443
controle_defasado,H4,2013-04-01,2013,4,lat_maior_igual_menos15,31581,167428.80133640356,12397.347510473224,46990.24041015287,166687.58127526776,31215.50842646724
controle_defasado,H4,2013-05-01,2013,5,dominio_inteiro,78561,185019.87964517256,-5466.85512498732,71065.88461561859,175362.88524717197,67475.78503925544
controle_defasado,H4,2013-05-01,2013,5,lat_menor_que_menos35,26100,19510.79452977306,-5592.17119233074,16740.759223373745,13422.69097750102,17451.68248953376
controle_defasado,H4,2013-05-01,2013,5,lat_menos35_a_menos15,20880,25485.01911601679,7544.313423646411,16504.196756633675,22586.175005782246,18808.59412325443
controle_defasado,H4,2013-05-01,2013,5,lat_maior_igual_menos15,31581,140024.06599938273,-7418.997356302991,37820.92863561118,139354.0192638887,31215.50842646724
controle_defasado,H4,2013-06-01,2013,6,dominio_inteiro,78561,270337.12906639295,-12877.879123356615,84253.39756341619,247139.29922934223,67475.78503925544
controle_defasado,H4,2013-06-01,2013,6,lat_menor_que_menos35,26100,51623.683962739306,-9463.468138410755,23996.24628940171,33969.38084432424,17451.68248953376
controle_defasado,H4,2013-06-01,2013,6,lat_menos35_a_menos15,20880,42254.30281487162,-5576.637758111592,17095.625062212683,37934.59365444942,18808.59412325443
controle_defasado,H4,2013-06-01,2013,6,lat_maior_igual_menos15,31581,176459.14228878205,2162.226773165731,43161.5262118018,175235.32473056857,31215.50842646724
controle_defasado,H4,2013-07-01,2013,7,dominio_inteiro,78561,163704.78624712635,11962.663709378521,71191.06726341491,151695.1595115366,67475.78503925544
controle_defasado,H4,2013-07-01,2013,7,lat_menor_que_menos35,26100,24737.358007466853,7103.275627552021,19975.77181005729,17097.682866664345,17451.68248953376
controle_defasado,H4,2013-07-01,2013,7,lat_menos35_a_menos15,20880,26268.628758607814,-655.5444132202456,15158.127994772236,22865.866315389376,18808.59412325443
controle_defasado,H4,2013-07-01,2013,7,lat_maior_igual_menos15,31581,112698.79948105165,5514.932495046743,36057.16745858538,111731.61032948286,31215.50842646724
controle_defasado,H4,2013-08-01,2013,8,dominio_inteiro,78561,148610.7500810013,357.5737207308075,66032.35249336985,135079.08117997722,67475.78503925544
controle_defasado,H4,2013-08-01,2013,8,lat_menor_que_menos35,26100,32449.256149136036,-7038.78081700014,19468.987553519102,23118.23581473013,17451.68248953376
controle_defasado,H4,2013-08-01,2013,8,lat_menos35_a_menos15,20880,25986.635637643398,5431.582305743142,15857.863981657616,22637.056717664258,18808.59412325443
controle_defasado,H4,2013-08-01,2013,8,lat_maior_igual_menos15,31581,90174.85829422185,1964.7722319878048,30705.500958193137,89323.78864758281,31215.50842646724
controle_defasado,H4,2013-09-01,2013,9,dominio_inteiro,78561,116085.24219680601,9592.885196968895,59012.690749024856,104548.4546820948,67475.78503925544
controle_defasado,H4,2013-09-01,2013,9,lat_menor_que_menos35,26100,26111.658411583958,2011.1472665014915,17426.022696482578,18249.701594952196,17451.68248953376
controle_defasado,H4,2013-09-01,2013,9,lat_menos35_a_menos15,20880,22364.647468485036,1210.132873308286,14039.51901177757,19568.966059132486,18808.59412325443
controle_defasado,H4,2013-09-01,2013,9,lat_maior_igual_menos15,31581,67608.936316737,6371.605057159118,27547.149040764707,66729.78702801012,31215.50842646724
controle_defasado,H4,2013-10-01,2013,10,dominio_inteiro,78561,133670.75296971764,6077.488153062702,64558.31814412274,124005.6410249483,67475.78503925544
controle_defasado,H4,2013-10-01,2013,10,lat_menor_que_menos35,26100,18781.66969583517,5189.806470349462,15903.82097058068,13636.565924827797,17451.68248953376
controle_defasado,H4,2013-10-01,2013,10,lat_menos35_a_menos15,20880,32281.4711196078,-31.223798393635036,16956.82829066021,28590.06803728469,18808.59412325443
controle_defasado,H4,2013-10-01,2013,10,lat_maior_igual_menos15,31581,82607.61215427467,918.9054811068745,31697.668882881848,81779.0070628358,31215.50842646724
controle_defasado,H4,2013-11-01,2013,11,dominio_inteiro,78561,213057.20630684297,-5680.9709759325815,82405.6079846049,198959.72687093186,67475.78503925544
controle_defasado,H4,2013-11-01,2013,11,lat_menor_que_menos35,26100,24840.966109052435,-8499.776175502788,17169.11242259279,18022.603246729053,17451.68248953376
controle_defasado,H4,2013-11-01,2013,11,lat_menos35_a_menos15,20880,51714.30754558352,6535.074469749816,21415.113444842853,45753.67966555913,18808.59412325443
controle_defasado,H4,2013-11-01,2013,11,lat_maior_igual_menos15,31581,136501.93265220703,-3716.2692701796095,43821.38211716924,135183.44395864365,31215.50842646724
controle_defasado,H4,2013-12-01,2013,12,dominio_inteiro,78561,354519.1633811805,2513.062488063768,94837.60831191331,332226.19895518594,67475.78503925544
controle_defasado,H4,2013-12-01,2013,12,lat_menor_que_menos35,26100,26563.34682270842,5227.907167539368,17541.544258090253,18765.282073138325,17451.68248953376
controle_defasado,H4,2013-12-01,2013,12,lat_menos35_a_menos15,20880,153721.8570000079,90.02843908037767,32843.58117534881,140631.6095288358,18808.59412325443
controle_defasado,H4,2013-12-01,2013,12,lat_maior_igual_menos15,31581,174233.9595584642,-2804.8731185559773,44452.482878474235,172829.30735321183,31215.50842646724
controle_defasado,H4,2014-01-01,2014,1,dominio_inteiro,78561,381497.2905536173,6317.788357747351,101281.76045021317,357563.9189678075,67475.78503925544
controle_defasado,H4,2014-01-01,2014,1,lat_menor_que_menos35,26100,32358.67971499721,-9690.510068672804,18626.093941386778,23578.64000324275,17451.68248953376
controle_defasado,H4,2014-01-01,2014,1,lat_menos35_a_menos15,20880,156747.6566882155,20720.0317259059,36573.93536832211,143265.2583289288,18808.59412325443
controle_defasado,H4,2014-01-01,2014,1,lat_maior_igual_menos15,31581,192390.95415040452,-4711.733299485746,46081.73114050428,190720.02063563594,31215.50842646724
controle_defasado,H4,2014-02-01,2014,2,dominio_inteiro,78561,320758.20331073983,-4038.5249917037872,90649.70495505615,304888.8853260093,67475.78503925544
controle_defasado,H4,2014-02-01,2014,2,lat_menor_que_menos35,26100,22799.612642800566,2634.524793092031,18298.937084129335,16447.78706641319,17451.68248953376
controle_defasado,H4,2014-02-01,2014,2,lat_menos35_a_menos15,20880,83224.74672624198,6488.792377748437,26774.413277512453,74527.93218992061,18808.59412325443
controle_defasado,H4,2014-02-01,2014,2,lat_maior_igual_menos15,31581,214733.84394169727,-13161.842162544253,45576.35459341438,213913.16606967547,31215.50842646724
controle_defasado,H4,2014-03-01,2014,3,dominio_inteiro,78561,185009.0552732232,-8206.403707627356,79920.85495744906,168410.16552201723,67475.78503925544
controle_defasado,H4,2014-03-01,2014,3,lat_menor_que_menos35,26100,34555.650844359545,-10824.468523104595,22105.043482552537,23606.109536826054,17451.68248953376
controle_defasado,H4,2014-03-01,2014,3,lat_menos35_a_menos15,20880,47236.14782334087,2031.9425389413873,21654.062251985866,42106.04073002278,18808.59412325443
controle_defasado,H4,2014-03-01,2014,3,lat_maior_igual_menos15,31581,103217.2566055228,586.122276535853,36161.749222910665,102698.01525516839,31215.50842646724
controle_defasado,H4,2014-04-01,2014,4,dominio_inteiro,78561,165604.45094599645,9068.174693675888,71471.08712949629,151549.3217905717,67475.78503925544
controle_defasado,H4,2014-04-01,2014,4,lat_menor_que_menos35,26100,38501.54340466688,-704.7000591617519,21012.887069317367,28049.998393822934,17451.68248953376
controle_defasado,H4,2014-04-01,2014,4,lat_menos35_a_menos15,20880,28176.054459319843,4687.792763778913,16865.08597048327,24882.39687691975,18808.59412325443
controle_defasado,H4,2014-04-01,2014,4,lat_maior_igual_menos15,31581,98926.85308200972,5085.081989058728,33593.11408969565,98616.92651982902,31215.50842646724
controle_defasado,H4,2014-05-01,2014,5,dominio_inteiro,78561,265821.41797133023,-1168.1855879954478,81069.09977374486,257053.86140438935,67475.78503925544
controle_defasado,H4,2014-05-01,2014,5,lat_menor_que_menos35,26100,18235.609039773077,-1722.569480045126,16641.725805927697,12463.770597117034,17451.68248953376
controle_defasado,H4,2014-05-01,2014,5,lat_menos35_a_menos15,20880,21472.713559012645,5255.954567967025,15048.392880998803,19326.47292620481,18808.59412325443
controle_defasado,H4,2014-05-01,2014,5,lat_maior_igual_menos15,31581,226113.0953725446,-4701.570675917349,49378.98108681836,225263.61788106748,31215.50842646724
controle_defasado,H4,2014-06-01,2014,6,dominio_inteiro,78561,230742.57084970194,-5932.20628996017,75728.2132661936,216975.8107469278,67475.78503925544
controle_defasado,H4,2014-06-01,2014,6,lat_menor_que_menos35,26100,20361.33499803394,-964.7214916563954,16394.629746948656,13989.055892868308,17451.68248953376
controle_defasado,H4,2014-06-01,2014,6,lat_menos35_a_menos15,20880,54534.60623756274,-5259.361486092849,17727.327537314228,48052.68695875113,18808.59412325443
controle_defasado,H4,2014-06-01,2014,6,lat_maior_igual_menos15,31581,155846.62961410524,291.8766877890748,41606.25598193073,154934.06789530837,31215.50842646724
controle_defasado,H4,2014-07-01,2014,7,dominio_inteiro,78561,208710.41245618655,-6946.046603995072,71514.9634095262,196978.6065613247,67475.78503925544
controle_defasado,H4,2014-07-01,2014,7,lat_menor_que_menos35,26100,29426.504312414603,-9901.723795471129,19389.672200028625,21606.877875120696,17451.68248953376
controle_defasado,H4,2014-07-01,2014,7,lat_menos35_a_menos15,20880,22909.127163864618,-1295.2921068421015,14510.43524492283,20386.506233589476,18808.59412325443
controle_defasado,H4,2014-07-01,2014,7,lat_maior_igual_menos15,31581,156374.78097990731,4250.969298318159,37614.855964574745,154985.22245261457,31215.50842646724
controle_defasado,H4,2014-08-01,2014,8,dominio_inteiro,78561,162806.15520381686,-1252.4885590695321,63685.947398558215,153238.45855543046,67475.78503925544
controle_defasado,H4,2014-08-01,2014,8,lat_menor_que_menos35,26100,21272.387009732858,-7596.651091249396,16684.128482025422,15075.0342397327,17451.68248953376
controle_defasado,H4,2014-08-01,2014,8,lat_menos35_a_menos15,20880,16955.02702322258,10935.130135341842,13399.169902535872,14976.647428484599,18808.59412325443
controle_defasado,H4,2014-08-01,2014,8,lat_maior_igual_menos15,31581,124578.74117086141,-4590.96760316198,33602.64901399692,123186.77688721316,31215.50842646724
controle_defasado,H4,2014-09-01,2014,9,dominio_inteiro,78561,130597.41512168724,-1192.0635783322218,62349.053435074435,120079.61083108449,67475.78503925544
controle_defasado,H4,2014-09-01,2014,9,lat_menor_que_menos35,26100,22754.36708168187,-7325.021610641817,17776.394249859713,16134.778199042892,17451.68248953376
controle_defasado,H4,2014-09-01,2014,9,lat_menos35_a_menos15,20880,28399.965968005603,-1912.5449238200447,14793.794409230715,25257.41080010365,18808.59412325443
controle_defasado,H4,2014-09-01,2014,9,lat_maior_igual_menos15,31581,79443.08207199976,8045.502956129638,29778.864775983995,78687.42183193793,31215.50842646724
controle_defasado,H4,2014-10-01,2014,10,dominio_inteiro,78561,183124.84218580672,5116.026069660853,75198.02706451603,171919.0949061027,67475.78503925544
controle_defasado,H4,2014-10-01,2014,10,lat_menor_que_menos35,26100,14396.841143426262,601.6548329667351,13905.213731150476,10066.672062199346,17451.68248953376
controle_defasado,H4,2014-10-01,2014,10,lat_menos35_a_menos15,20880,56393.67109246942,17759.66075132659,24086.333378536594,50796.55776273484,18808.59412325443
controle_defasado,H4,2014-10-01,2014,10,lat_maior_igual_menos15,31581,112334.32994991103,-13245.289514632472,37206.47995482897,111055.86508116852,31215.50842646724
controle_defasado,H4,2014-11-01,2014,11,dominio_inteiro,78561,275649.85770529916,-27979.783862176857,81627.80948469676,259973.04985245923,67475.78503925544
controle_defasado,H4,2014-11-01,2014,11,lat_menor_que_menos35,26100,31588.74705553095,-8250.832917158508,18019.2285652092,21246.506922020413,17451.68248953376
controle_defasado,H4,2014-11-01,2014,11,lat_menos35_a_menos15,20880,36096.08449494935,-1851.8074841281777,18144.049869237053,32419.27199632095,18808.59412325443
controle_defasado,H4,2014-11-01,2014,11,lat_maior_igual_menos15,31581,207965.02615481883,-17877.14346089017,45464.531050250516,206307.2709341179,31215.50842646724
controle_defasado,H4,2014-12-01,2014,12,dominio_inteiro,78561,206037.11998607716,13388.415358003984,79962.63606362925,190854.95702880583,67475.78503925544
controle_defasado,H4,2014-12-01,2014,12,lat_menor_que_menos35,26100,26540.670918495747,592.6265582563157,18195.989398214904,19066.79318069512,17451.68248953376
controle_defasado,H4,2014-12-01,2014,12,lat_menos35_a_menos15,20880,70011.93024076076,7220.824241643093,24934.000859608495,63161.69548354202,18808.59412325443
controle_defasado,H4,2014-12-01,2014,12,lat_maior_igual_menos15,31581,109484.51882682065,5574.964558104575,36832.64580580585,108626.46836456867,31215.50842646724
sst_defasada,H4,2013-01-01,2013,1,dominio_inteiro,78561,331192.18494399457,17451.742499627275,103660.28640822362,311889.96866768185,67475.78503925544
sst_defasada,H4,2013-01-01,2013,1,lat_menor_que_menos35,26100,31686.360432915484,7023.030857232484,20480.4984941827,22232.42740131866,17451.68248953376
sst_defasada,H4,2013-01-01,2013,1,lat_menos35_a_menos15,20880,93361.27504232406,-493.099937931574,30241.631657698148,85149.16666251064,18808.59412325443
sst_defasada,H4,2013-01-01,2013,1,lat_maior_igual_menos15,31581,206144.549468755,10921.811580326364,52938.15625634276,204508.37460385254,31215.50842646724
sst_defasada,H4,2013-02-01,2013,2,dominio_inteiro,78561,341108.9624771856,-6140.623194355503,98277.07989770173,325215.37155085977,67475.78503925544
sst_defasada,H4,2013-02-01,2013,2,lat_menor_que_menos35,26100,32906.394706186555,2027.848604281986,19849.671294021588,24055.949846916865,17451.68248953376
sst_defasada,H4,2013-02-01,2013,2,lat_menos35_a_menos15,20880,52227.075596497496,3634.205325998339,22104.259209365155,46419.610399780395,18808.59412325443
sst_defasada,H4,2013-02-01,2013,2,lat_maior_igual_menos15,31581,255975.49217450153,-11802.677124635828,56323.14939431497,254739.81130416246,31215.50842646724
sst_defasada,H4,2013-03-01,2013,3,dominio_inteiro,78561,263044.97294114216,-500.7211168605772,84095.85628068783,250626.25950519284,67475.78503925544
sst_defasada,H4,2013-03-01,2013,3,lat_menor_que_menos35,26100,22182.629499363884,1831.9426112192878,17321.124498283796,15446.247403348025,17451.68248953376
sst_defasada,H4,2013-03-01,2013,3,lat_menos35_a_menos15,20880,49680.13396667129,1174.9917885145155,21562.739743272792,44656.7304793056,18808.59412325443
sst_defasada,H4,2013-03-01,2013,3,lat_maior_igual_menos15,31581,191182.20947510703,-3507.6555165943796,45211.99203913125,190523.28162253922,31215.50842646724
sst_defasada,H4,2013-04-01,2013,4,dominio_inteiro,78561,226569.66187120235,21160.969335734855,86543.87157234045,214261.43627146023,67475.78503925544
sst_defasada,H4,2013-04-01,2013,4,lat_menor_que_menos35,26100,29623.675779995527,4491.14814204531,21821.755371980882,21172.151961886942,17451.68248953376
sst_defasada,H4,2013-04-01,2013,4,lat_menos35_a_menos15,20880,29414.660707220923,3924.930130884346,17862.654803884692,26283.238995735468,18808.59412325443
sst_defasada,H4,2013-04-01,2013,4,lat_maior_igual_menos15,31581,167531.32538398594,12744.8910628052,46859.46139647486,166806.04531383785,31215.50842646724
sst_defasada,H4,2013-05-01,2013,5,dominio_inteiro,78561,189011.76669903073,-8220.486309628708,71626.08352075821,178695.36316520456,67475.78503925544
sst_defasada,H4,2013-05-01,2013,5,lat_menor_que_menos35,26100,21847.464161236447,-6829.843093161903,17317.655806410494,15045.616765088464,17451.68248953376
sst_defasada,H4,2013-05-01,2013,5,lat_menos35_a_menos15,20880,25076.274197298917,7349.504441496947,16370.557183435176,22220.29616259668,18808.59412325443
sst_defasada,H4,2013-05-01,2013,5,lat_maior_igual_menos15,31581,142088.02834049534,-8740.14765796375,37937.87053091256,141429.4502375194,31215.50842646724
sst_defasada,H4,2013-06-01,2013,6,dominio_inteiro,78561,271658.6831112014,-13589.251650529639,84326.9311542943,248360.3563174997,67475.78503925544
sst_defasada,H4,2013-06-01,2013,6,lat_menor_que_menos35,26100,51773.256586904856,-9720.938794123986,23983.825646165253,34045.720250774066,17451.68248953376
sst_defasada,H4,2013-06-01,2013,6,lat_menos35_a_menos15,20880,42381.40532078441,-5628.009103899367,17099.49989866677,38042.21233584337,18808.59412325443
sst_defasada,H4,2013-06-01,2013,6,lat_maior_igual_menos15,31581,177504.02120351203,1759.6962474937136,43243.60560946229,176272.42373088232,31215.50842646724
sst_defasada,H4,2013-07-01,2013,7,dominio_inteiro,78561,163686.87735276946,12859.147078783088,71341.58616876267,151765.66173103818,67475.78503925544
sst_defasada,H4,2013-07-01,2013,7,lat_menor_que_menos35,26100,24357.326049267933,7077.680376353163,19904.87490811146,16822.883021294503,17451.68248953376
sst_defasada,H4,2013-07-01,2013,7,lat_menos35_a_menos15,20880,26387.978327554523,-548.4589583048282,15275.767290120513,22975.107833799164,18808.59412325443
sst_defasada,H4,2013-07-01,2013,7,lat_maior_igual_menos15,31581,112941.57297594701,6329.925660734751,36160.9439705307,111967.67087594455,31215.50842646724
sst_defasada,H4,2013-08-01,2013,8,dominio_inteiro,78561,149961.89443572186,1500.9448166674074,66585.03907069971,136267.13130629985,67475.78503925544
sst_defasada,H4,2013-08-01,2013,8,lat_menor_que_menos35,26100,32975.285521159596,-7408.387715717722,19630.79393768056,23516.547253425975,17451.68248953376
sst_defasada,H4,2013-08-01,2013,8,lat_menos35_a_menos15,20880,26034.936884564646,4946.2757353210045,15758.386252176379,22664.77600024626,18808.59412325443
sst_defasada,H4,2013-08-01,2013,8,lat_maior_igual_menos15,31581,90951.67202999764,3963.0567970641246,31195.85888084279,90085.80805262762,31215.50842646724
sst_defasada,H4,2013-09-01,2013,9,dominio_inteiro,78561,118634.50058816012,13551.454736460448,59957.64251606194,107158.85550867887,67475.78503925544
sst_defasada,H4,2013-09-01,2013,9,lat_menor_que_menos35,26100,25778.01553786592,2342.2998914326763,17482.655022884454,18009.753728286647,17451.68248953376
sst_defasada,H4,2013-09-01,2013,9,lat_menos35_a_menos15,20880,22422.191899889855,1181.7774699997624,14061.55830155251,19620.854784181516,18808.59412325443
sst_defasada,H4,2013-09-01,2013,9,lat_maior_igual_menos15,31581,70434.29315040435,10027.377375028009,28413.42919162498,69528.24699621073,31215.50842646724
sst_defasada,H4,2013-10-01,2013,10,dominio_inteiro,78561,141358.5770069669,10611.274375429231,66359.4743438932,131571.10403845122,67475.78503925544
sst_defasada,H4,2013-10-01,2013,10,lat_menor_que_menos35,26100,18802.464115888208,5046.801198899777,15895.910765213655,13660.042196333321,17451.68248953376
sst_defasada,H4,2013-10-01,2013,10,lat_menos35_a_menos15,20880,32379.535021074073,-985.8859393506858,16925.52769160731,28667.364443283288,18808.59412325443
sst_defasada,H4,2013-10-01,2013,10,lat_maior_igual_menos15,31581,90176.57787000459,6550.35911588014,33538.035887072234,89243.6973988346,31215.50842646724
sst_defasada,H4,2013-11-01,2013,11,dominio_inteiro,78561,218986.75552989924,-4530.9142513463485,83386.97650452265,204700.4765913777,67475.78503925544
sst_defasada,H4,2013-11-01,2013,11,lat_menor_que_menos35,26100,24992.833850431223,-8720.22396290685,17217.04258082076,18112.315160616283,17451.68248953376
sst_defasada,H4,2013-11-01,2013,11,lat_menos35_a_menos15,20880,51741.315018815425,6253.207279246242,21347.72800676025,45757.33158960296,18808.59412325443
sst_defasada,H4,2013-11-01,2013,11,lat_maior_igual_menos15,31581,142252.60666065261,-2063.8975676857426,44822.20591694163,140830.82984115847,31215.50842646724
sst_defasada,H4,2013-12-01,2013,12,dominio_inteiro,78561,354313.8193796041,2626.563239717163,94857.10214687277,331933.7660369196,67475.78503925544
sst_defasada,H4,2013-12-01,2013,12,lat_menor_que_menos35,26100,26968.79337583437,5336.685063759232,17660.818556079324,19048.671883768136,17451.68248953376
sst_defasada,H4,2013-12-01,2013,12,lat_menos35_a_menos15,20880,153187.89930077997,39.79929044421306,32800.8385114973,140140.26992613258,18808.59412325443
sst_defasada,H4,2013-12-01,2013,12,lat_maior_igual_menos15,31581,174157.12670298968,-2749.9211144862825,44395.44507929617,172744.82422701892,31215.50842646724
sst_defasada,H4,2014-01-01,2014,1,dominio_inteiro,78561,380170.64307714556,7942.1994398363,101441.30180612618,356136.18909897364,67475.78503925544
sst_defasada,H4,2014-01-01,2014,1,lat_menor_que_menos35,26100,32274.285711286906,-9444.677668833268,18587.746902212948,23519.79993672203,17451.68248953376
sst_defasada,H4,2014-01-01,2014,1,lat_menos35_a_menos15,20880,158500.245606363,20753.792150433474,36779.25558366005,144899.16531107773,18808.59412325443
sst_defasada,H4,2014-01-01,2014,1,lat_maior_igual_menos15,31581,189396.11175949572,-3366.9150417639057,46074.299320253194,187717.2238511739,31215.50842646724
sst_defasada,H4,2014-02-01,2014,2,dominio_inteiro,78561,318043.6650946722,-1938.2503130558027,91149.44466554277,302056.2421598668,67475.78503925544
sst_defasada,H4,2014-02-01,2014,2,lat_menor_que_menos35,26100,22810.319784339088,2820.5901444776546,18331.843099404137,16443.655260966218,17451.68248953376
sst_defasada,H4,2014-02-01,2014,2,lat_menos35_a_menos15,20880,83949.52548040883,6454.148027197135,26871.80967860949,75151.58685569129,18808.59412325443
sst_defasada,H4,2014-02-01,2014,2,lat_maior_igual_menos15,31581,211283.81982992426,-11212.988484730591,45945.79188752916,210461.0000432093,31215.50842646724
sst_defasada,H4,2014-03-01,2014,3,dominio_inteiro,78561,187275.67755897142,-7230.219904282367,80934.48590510452,170552.32673450297,67475.78503925544
sst_defasada,H4,2014-03-01,2014,3,lat_menor_que_menos35,26100,34783.76624518074,-10946.636814211415,22169.936373945624,23744.040526234745,17451.68248953376
sst_defasada,H4,2014-03-01,2014,3,lat_menos35_a_menos15,20880,47334.282919111036,1687.045407892459,21648.388813446636,42193.7415974703,18808.59412325443
sst_defasada,H4,2014-03-01,2014,3,lat_maior_igual_menos15,31581,105157.62839467968,2029.3715020365903,37116.160717712264,104614.54461079791,31215.50842646724
sst_defasada,H4,2014-04-01,2014,4,dominio_inteiro,78561,169210.69688714552,10203.071624767737,72325.4193128245,155397.19703930852,67475.78503925544
sst_defasada,H4,2014-04-01,2014,4,lat_menor_que_menos35,26100,37928.37712778828,-1166.4051408928326,20950.147878926626,27686.772282140308,17451.68248953376
sst_defasada,H4,2014-04-01,2014,4,lat_menos35_a_menos15,20880,27848.60844871484,3828.2330729287655,16647.060301098012,24598.35329182383,18808.59412325443
sst_defasada,H4,2014-04-01,2014,4,lat_maior_igual_menos15,31581,103433.71131064238,7541.243692731804,34728.211132799865,103112.07146534437,31215.50842646724
sst_defasada,H4,2014-05-01,2014,5,dominio_inteiro,78561,268669.5488253774,1012.3572870612043,82316.27663677886,259715.09837387307,67475.78503925544
sst_defasada,H4,2014-05-01,2014,5,lat_menor_que_menos35,26100,18759.49486206479,-1803.694646893428,16779.01039455947,12814.869698999395,17451.68248953376
sst_defasada,H4,2014-05-01,2014,5,lat_menos35_a_menos15,20880,21438.27958741264,5185.43750834804,15070.930493986782,19323.576975176584,18808.59412325443
sst_defasada,H4,2014-05-01,2014,5,lat_maior_igual_menos15,31581,228471.77437590002,-2369.38557439341,50466.3357482326,227576.65169969705,31215.50842646724
sst_defasada,H4,2014-06-01,2014,6,dominio_inteiro,78561,226297.64860084,-2405.779512136226,75997.65988572902,212564.3822216472,67475.78503925544
sst_defasada,H4,2014-06-01,2014,6,lat_menor_que_menos35,26100,20335.421630670047,-280.6320059328697,16454.06948426848,14017.66337224306,17451.68248953376
sst_defasada,H4,2014-06-01,2014,6,lat_menos35_a_menos15,20880,54880.08857147576,-5165.502572044671,17863.700532071605,48373.600899601006,18808.59412325443
sst_defasada,H4,2014-06-01,2014,6,lat_maior_igual_menos15,31581,151082.13839869422,3040.355065841317,41679.88986938894,150173.11794980313,31215.50842646724
sst_defasada,H4,2014-07-01,2014,7,dominio_inteiro,78561,203323.95058300754,-2817.5839621903606,71531.77649928618,191655.4920438436,67475.78503925544
sst_defasada,H4,2014-07-01,2014,7,lat_menor_que_menos35,26100,29216.550260522643,-8732.91211701685,19287.282858286737,21473.832193576683,17451.68248953376
sst_defasada,H4,2014-07-01,2014,7,lat_menos35_a_menos15,20880,23135.972688816353,-501.3268347329606,14675.952323511423,20551.71713202818,18808.59412325443
sst_defasada,H4,2014-07-01,2014,7,lat_maior_igual_menos15,31581,150971.4276336685,6416.654989559451,37568.54131748802,149629.94271823874,31215.50842646724
sst_defasada,H4,2014-08-01,2014,8,dominio_inteiro,78561,159307.90845828602,866.6219887333154,63598.701681439255,149845.49994518925,67475.78503925544
sst_defasada,H4,2014-08-01,2014,8,lat_menor_que_menos35,26100,20916.347428526984,-7245.635908191759,16607.89992549605,14808.028153824942,17451.68248953376
sst_defasada,H4,2014-08-01,2014,8,lat_menos35_a_menos15,20880,17174.861021130724,11152.032138370709,13436.067265459946,15172.792545911952,18808.59412325443
sst_defasada,H4,2014-08-01,2014,8,lat_maior_igual_menos15,31581,121216.70000862832,-3039.774241445635,33554.734490483264,119864.67924545235,31215.50842646724
sst_defasada,H4,2014-09-01,2014,9,dominio_inteiro,78561,127812.70690397323,1399.9799761956967,62322.53180827351,117463.95174980328,67475.78503925544
sst_defasada,H4,2014-09-01,2014,9,lat_menor_que_menos35,26100,22547.674756718225,-7197.716239416936,17711.96178025282,15980.128255494687,17451.68248953376
sst_defasada,H4,2014-09-01,2014,9,lat_menos35_a_menos15,20880,27624.378409213045,-1720.865004423809,14648.930899991647,24578.92964162629,18808.59412325443
sst_defasada,H4,2014-09-01,2014,9,lat_maior_igual_menos15,31581,77640.65373804196,10318.561220036441,29961.639128029037,76904.8938526823,31215.50842646724
sst_defasada,H4,2014-10-01,2014,10,dominio_inteiro,78561,173775.33431726575,10618.102633254623,74610.86157091643,162465.3570154452,67475.78503925544
sst_defasada,H4,2014-10-01,2014,10,lat_menor_que_menos35,26100,14587.804572421246,1131.9288461358449,13894.73990710874,10216.36076369586,17451.68248953376
sst_defasada,H4,2014-10-01,2014,10,lat_menos35_a_menos15,20880,57961.83877078479,18218.00706471615,24446.69334926229,52213.578634480946,18808.59412325443
sst_defasada,H4,2014-10-01,2014,10,lat_maior_igual_menos15,31581,101225.69097405969,-8731.833277597367,36269.42831454541,100035.4176172684,31215.50842646724
sst_defasada,H4,2014-11-01,2014,11,dominio_inteiro,78561,260788.0646761157,-23601.915744082606,80468.59171678811,245671.06867431232,67475.78503925544
sst_defasada,H4,2014-11-01,2014,11,lat_menor_que_menos35,26100,30431.09656082018,-7786.112150304967,17845.173805774208,20470.548079360196,17451.68248953376
sst_defasada,H4,2014-11-01,2014,11,lat_menos35_a_menos15,20880,35391.4508936376,-1467.4588016437335,17917.947781520947,31778.76620162199,18808.59412325443
sst_defasada,H4,2014-11-01,2014,11,lat_maior_igual_menos15,31581,194965.5172216579,-14348.344792133903,44705.470129492955,193421.75439333013,31215.50842646724
sst_defasada,H4,2014-12-01,2014,12,dominio_inteiro,78561,206998.62824329623,12845.55190760704,79420.93611441944,191852.52356539204,67475.78503925544
sst_defasada,H4,2014-12-01,2014,12,lat_menor_que_menos35,26100,26262.964209792724,92.51408216448374,18000.765866179387,18869.694729281473,17451.68248953376
sst_defasada,H4,2014-12-01,2014,12,lat_menos35_a_menos15,20880,71024.01793279448,7576.95682866324,25023.70627852527,64112.97644095259,18808.59412325443
sst_defasada,H4,2014-12-01,2014,12,lat_maior_igual_menos15,31581,109711.64610070905,5176.080996779316,36396.46396971478,108869.85239515798,31215.50842646724
climatologia,H4,2013-01-01,2013,1,dominio_inteiro,78561,304141.45466963237,17506.646335562516,99357.57460702228,284837.5830283441,67475.78503925544
climatologia,H4,2013-01-01,2013,1,lat_menor_que_menos35,26100,33472.79833149901,7067.121479995549,20944.152294702828,23446.59095246029,17451.68248953376
climatologia,H4,2013-01-01,2013,1,lat_menos35_a_menos15,20880,86942.84265805282,3718.5954878645134,29258.02157942223,78977.56693297529,18808.59412325443
climatologia,H4,2013-01-01,2013,1,lat_maior_igual_menos15,31581,183725.81368008052,6720.929367702454,49155.40073289722,182413.4251429085,31215.50842646724
climatologia,H4,2013-02-01,2013,2,dominio_inteiro,78561,363240.8827020171,-10462.95591140457,100956.74505577551,347477.16188578366,67475.78503925544
climatologia,H4,2013-02-01,2013,2,lat_menor_que_menos35,26100,31719.863643645982,2038.4366336762905,19719.88609328866,23292.83547959914,17451.68248953376
climatologia,H4,2013-02-01,2013,2,lat_menos35_a_menos15,20880,55787.61303110859,5886.785147285904,23287.095524900942,49720.17940237186,18808.59412325443
climatologia,H4,2013-02-01,2013,2,lat_maior_igual_menos15,31581,275733.40602726256,-18388.177692366764,57949.763437585905,274464.14700381266,31215.50842646724
climatologia,H4,2013-03-01,2013,3,dominio_inteiro,78561,288171.8182819378,3297.2373160030693,87563.15897816792,275166.270085811,67475.78503925544
climatologia,H4,2013-03-01,2013,3,lat_menor_que_menos35,26100,22980.192406110757,3420.08923342824,17759.947432905436,16006.366735815653,17451.68248953376
climatologia,H4,2013-03-01,2013,3,lat_menos35_a_menos15,20880,51669.97954317616,2565.7053221426904,22428.051966646686,46342.07075319973,18808.59412325443
climatologia,H4,2013-03-01,2013,3,lat_maior_igual_menos15,31581,213521.64633265088,-2688.557239567861,47375.1595786158,212817.8325967956,31215.50842646724
climatologia,H4,2013-04-01,2013,4,dominio_inteiro,78561,226603.4029143954,22550.85652502766,88400.27785360208,213780.36490712705,67475.78503925544
climatologia,H4,2013-04-01,2013,4,lat_menor_que_menos35,26100,30837.207231136694,6680.938105434179,22376.7017570436,21955.04076907664,17451.68248953376
climatologia,H4,2013-04-01,2013,4,lat_menos35_a_menos15,20880,29970.066236827355,4709.074975795578,18130.961478031706,26802.348197490992,18808.59412325443
climatologia,H4,2013-04-01,2013,4,lat_maior_igual_menos15,31581,165796.12944643135,11160.843443797901,47892.61461852677,165022.97594055944,31215.50842646724
climatologia,H4,2013-05-01,2013,5,dominio_inteiro,78561,198016.33609057902,-10753.070905953413,73083.13062870665,187120.61828011143,67475.78503925544
climatologia,H4,2013-05-01,2013,5,lat_menor_que_menos35,26100,24173.681312183562,-6110.074359118938,17841.790646374226,16523.589877390776,17451.68248953376
climatologia,H4,2013-05-01,2013,5,lat_menos35_a_menos15,20880,22979.71172340816,7313.083525515394,15658.98069563019,20366.282870669602,18808.59412325443
climatologia,H4,2013-05-01,2013,5,lat_maior_igual_menos15,31581,150862.9430549873,-11956.080072349869,39582.35928670224,150230.74553205105,31215.50842646724
climatologia,H4,2013-06-01,2013,6,dominio_inteiro,78561,288135.6064243315,-12642.567350076046,87871.02066756552,261572.09922559513,67475.78503925544
climatologia,H4,2013-06-01,2013,6,lat_menor_que_menos35,26100,60749.76445890012,-8331.884546101093,25767.69334369898,40425.9485294021,17451.68248953376
climatologia,H4,2013-06-01,2013,6,lat_menos35_a_menos15,20880,48363.71517350165,-5018.2451295531355,18856.654936560895,43274.88341882694,18808.59412325443
climatologia,H4,2013-06-01,2013,6,lat_maior_igual_menos15,31581,179022.1267919297,707.5623255781829,43246.67238730565,177871.2672773661,31215.50842646724
climatologia,H4,2013-07-01,2013,7,dominio_inteiro,78561,170143.1671837245,11867.34025798738,73136.52741583809,157126.33945078024,67475.78503925544
climatologia,H4,2013-07-01,2013,7,lat_menor_que_menos35,26100,26987.68168696812,6740.587789148092,20577.27830722928,18581.332856181863,17451.68248953376
climatologia,H4,2013-07-01,2013,7,lat_menos35_a_menos15,20880,27873.136861328057,277.69323494751006,15283.716389757581,24234.629584573842,18808.59412325443
climatologia,H4,2013-07-01,2013,7,lat_maior_igual_menos15,31581,115282.34863542832,4849.059233891778,37275.53271885123,114310.37701002455,31215.50842646724
climatologia,H4,2013-08-01,2013,8,dominio_inteiro,78561,159855.78333139938,-6981.757800351363,68156.03405794548,144794.72385752067,67475.78503925544
climatologia,H4,2013-08-01,2013,8,lat_menor_que_menos35,26100,37351.17911658365,-8020.7585009634495,20546.25518706441,26485.744154550874,17451.68248953376
climatologia,H4,2013-08-01,2013,8,lat_menos35_a_menos15,20880,25956.77129240693,5967.9341525961645,16113.963068142068,22640.478269286086,18808.59412325443
climatologia,H4,2013-08-01,2013,8,lat_maior_igual_menos15,31581,96547.8329224088,-4928.933451984078,31495.815802739,95668.50143368372,31215.50842646724
climatologia,H4,2013-09-01,2013,9,dominio_inteiro,78561,114762.97701018918,9199.281829436542,58464.07365422952,103569.9210656395,67475.78503925544
climatologia,H4,2013-09-01,2013,9,lat_menor_que_menos35,26100,26090.45574541743,342.11183539032936,17267.11248704791,18426.464409455228,17451.68248953376
climatologia,H4,2013-09-01,2013,9,lat_menos35_a_menos15,20880,21691.26224706193,2612.712794650113,14088.363857799442,19010.063478267748,18808.59412325443
climatologia,H4,2013-09-01,2013,9,lat_maior_igual_menos15,31581,66981.25901770982,6244.4571993961,27108.597309382167,66133.39317791653,31215.50842646724
climatologia,H4,2013-10-01,2013,10,dominio_inteiro,78561,132999.96145883173,4094.259833627322,65457.930777580186,123240.63323319273,67475.78503925544
climatologia,H4,2013-10-01,2013,10,lat_menor_que_menos35,26100,19018.764619273512,3877.0685925483704,16131.404757618904,13795.842384081416,17451.68248953376
climatologia,H4,2013-10-01,2013,10,lat_menos35_a_menos15,20880,32561.71635529598,153.69059894880047,17107.641341249167,28840.563304977524,18808.59412325443
climatologia,H4,2013-10-01,2013,10,lat_maior_igual_menos15,31581,81419.48048426225,63.50064213015139,32218.884678712115,80604.2275441338,31215.50842646724
climatologia,H4,2013-11-01,2013,11,dominio_inteiro,78561,199302.113457707,-11481.33281257705,79379.82244408198,185205.74310078306,67475.78503925544
climatologia,H4,2013-11-01,2013,11,lat_menor_que_menos35,26100,25343.142846143463,-9931.95775860548,17169.863916873932,18377.061563039773,17451.68248953376
climatologia,H4,2013-11-01,2013,11,lat_menos35_a_menos15,20880,52328.45594430716,5930.187958084483,21371.77025131203,46336.56269482753,18808.59412325443
climatologia,H4,2013-11-01,2013,11,lat_maior_igual_menos15,31581,121630.51466725633,-7479.563012056053,40838.18827589601,120492.11884291578,31215.50842646724
climatologia,H4,2013-12-01,2013,12,dominio_inteiro,78561,346571.9282864966,3066.1784090044093,93638.89723303594,325944.46114616434,67475.78503925544
climatologia,H4,2013-12-01,2013,12,lat_menor_que_menos35,26100,26062.691565706282,4982.246356368065,17368.401477634907,18314.06165868628,17451.68248953376
climatologia,H4,2013-12-01,2013,12,lat_menos35_a_menos15,20880,136414.67517491707,852.9219128208351,30740.097740542667,124854.70765502643,18808.59412325443
climatologia,H4,2013-12-01,2013,12,lat_maior_igual_menos15,31581,184094.56154587324,-2768.9898601844907,45530.398014858365,182775.69183245162,31215.50842646724
climatologia,H4,2014-01-01,2014,1,dominio_inteiro,78561,342571.0164310141,9276.503742178727,97247.89137917518,322470.80279355554,67475.78503925544
climatologia,H4,2014-01-01,2014,1,lat_menor_que_menos35,26100,28699.79691324605,-7379.657771103084,17631.137937150896,21104.42657268739,17451.68248953376
climatologia,H4,2014-01-01,2014,1,lat_menos35_a_menos15,20880,126503.88875483326,19223.57748249342,32889.13350730523,115572.96394298965,18808.59412325443
climatologia,H4,2014-01-01,2014,1,lat_maior_igual_menos15,31581,187367.33076293484,-2567.415969211608,46727.619934719056,185793.41227787847,31215.50842646724
climatologia,H4,2014-02-01,2014,2,dominio_inteiro,78561,326318.98140476376,-1692.3241212434368,93779.22102703375,309417.90714332816,67475.78503925544
climatologia,H4,2014-02-01,2014,2,lat_menor_que_menos35,26100,23875.617226621405,2117.8738895356655,18519.65286991,17361.671038707096,17451.68248953376
climatologia,H4,2014-02-01,2014,2,lat_menos35_a_menos15,20880,91315.69690696069,8571.565268135513,28747.903094247333,81817.03397488839,18808.59412325443
climatologia,H4,2014-02-01,2014,2,lat_maior_igual_menos15,31581,211127.66727118165,-12381.763278914616,46511.66506287642,210239.2021297327,31215.50842646724
climatologia,H4,2014-03-01,2014,3,dominio_inteiro,78561,185783.38175093255,-405.5062142703682,81331.54611158185,168943.42618156562,67475.78503925544
climatologia,H4,2014-03-01,2014,3,lat_menor_que_menos35,26100,35398.31413058688,-9919.7335357368,22473.143300265074,24037.31903659657,17451.68248953376
climatologia,H4,2014-03-01,2014,3,lat_menos35_a_menos15,20880,45046.17786278741,1073.7219084464014,21114.096246898174,40105.65657407154,18808.59412325443
climatologia,H4,2014-03-01,2014,3,lat_maior_igual_menos15,31581,105338.88975755827,8440.50541302003,37744.3065644186,104800.45057089753,31215.50842646724
climatologia,H4,2014-04-01,2014,4,dominio_inteiro,78561,195318.36044645976,20583.386355960276,78409.44752051448,180439.63323996175,67475.78503925544
climatologia,H4,2014-04-01,2014,4,lat_menor_que_menos35,26100,40708.02147722754,1698.3331249654293,21903.225090414286,29593.678244568768,17451.68248953376
climatologia,H4,2014-04-01,2014,4,lat_menos35_a_menos15,20880,28541.268775408018,2902.8978365133516,16714.713664765935,25197.760422378535,18808.59412325443
climatologia,H4,2014-04-01,2014,4,lat_maior_igual_menos15,31581,126069.0701938242,15982.155394481495,39791.50876533426,125648.19457301447,31215.50842646724
climatologia,H4,2014-05-01,2014,5,dominio_inteiro,78561,317055.52773401263,-793.4723646936473,86933.19875975535,308349.71670937043,67475.78503925544
climatologia,H4,2014-05-01,2014,5,lat_menor_que_menos35,26100,17650.39614491681,-1139.8709594607353,16327.576309859753,12015.865087855733,17451.68248953376
climatologia,H4,2014-05-01,2014,5,lat_menos35_a_menos15,20880,20235.589970962857,2666.030760622816,14453.435515870573,18337.03557023711,18808.59412325443
climatologia,H4,2014-05-01,2014,5,lat_maior_igual_menos15,31581,279169.54161813296,-2319.632165855728,56152.18693402503,277996.8160512776,31215.50842646724
climatologia,H4,2014-06-01,2014,6,dominio_inteiro,78561,246089.88152102963,-4302.862836526241,78113.0509362123,231571.96852133883,67475.78503925544
climatologia,H4,2014-06-01,2014,6,lat_menor_que_menos35,26100,21652.66184480765,102.82691019773483,16813.406352877617,14921.549088302865,17451.68248953376
climatologia,H4,2014-06-01,2014,6,lat_menos35_a_menos15,20880,56507.26258739234,-6862.471966711339,17637.94817797141,49800.61014342719,18808.59412325443
climatologia,H4,2014-06-01,2014,6,lat_maior_igual_menos15,31581,167929.95708882966,2456.7822199873626,43661.69640536327,166849.8092896088,31215.50842646724
climatologia,H4,2014-07-01,2014,7,dominio_inteiro,78561,225886.7632616058,-139.5471779257059,76234.25938838907,213877.0567282548,67475.78503925544
climatologia,H4,2014-07-01,2014,7,lat_menor_que_menos35,26100,29170.49386641622,-8123.0005439817905,19378.579033643007,21461.14968531795,17451.68248953376
climatologia,H4,2014-07-01,2014,7,lat_menos35_a_menos15,20880,24604.803321409338,-2690.101183387451,15119.937323206104,21924.538801611052,18808.59412325443
climatologia,H4,2014-07-01,2014,7,lat_maior_igual_menos15,31581,172111.46607378026,10673.554549443536,41735.743031539954,170491.3682413258,31215.50842646724
climatologia,H4,2014-08-01,2014,8,dominio_inteiro,78561,156823.05221257347,891.4302184474654,60559.04155688314,148135.77194237753,67475.78503925544
climatologia,H4,2014-08-01,2014,8,lat_menor_que_menos35,26100,20003.999854796763,-7294.6537646353245,16265.380910426378,14218.894083255169,17451.68248953376
climatologia,H4,2014-08-01,2014,8,lat_menos35_a_menos15,20880,14240.92681733019,9963.772317879368,12242.243696013931,12550.674877354568,18808.59412325443
climatologia,H4,2014-08-01,2014,8,lat_maior_igual_menos15,31581,122578.12554044652,-1777.6883347965777,32051.41695044283,121366.2029817678,31215.50842646724
climatologia,H4,2014-09-01,2014,9,dominio_inteiro,78561,137437.3549838978,4928.566115935566,64185.950258932775,127097.81452889171,67475.78503925544
climatologia,H4,2014-09-01,2014,9,lat_menor_que_menos35,26100,20939.258461948368,-8063.058605283499,16813.740304082632,14956.511235652923,17451.68248953376
climatologia,H4,2014-09-01,2014,9,lat_menos35_a_menos15,20880,32179.15293613613,-2260.912006985629,15622.884925551945,28563.29650547405,18808.59412325443
climatologia,H4,2014-09-01,2014,9,lat_maior_igual_menos15,31581,84318.94358581332,15252.536728204694,31749.325029298197,83578.00678776472,31215.50842646724
climatologia,H4,2014-10-01,2014,10,dominio_inteiro,78561,178614.40296342608,9126.440619760135,74583.6372271668,167641.12546864984,67475.78503925544
climatologia,H4,2014-10-01,2014,10,lat_menor_que_menos35,26100,13717.237600782155,231.43489503860474,13642.667382717133,9658.400520857558,17451.68248953376
climatologia,H4,2014-10-01,2014,10,lat_menos35_a_menos15,20880,58254.64299109097,17884.46452473005,24124.26629203034,52567.37133961417,18808.59412325443
climatologia,H4,2014-10-01,2014,10,lat_maior_igual_menos15,31581,106642.52237155296,-8989.45880000852,36816.70355241932,105415.3536081781,31215.50842646724
climatologia,H4,2014-11-01,2014,11,dominio_inteiro,78561,273148.7984930296,-25624.575648575585,81952.48759651298,257583.1464364914,67475.78503925544
climatologia,H4,2014-11-01,2014,11,lat_menor_que_menos35,26100,31504.222699342918,-8624.955691039562,18108.135396778584,21262.070436493646,17451.68248953376
climatologia,H4,2014-11-01,2014,11,lat_menos35_a_menos15,20880,35685.440229061496,-3317.8474728237197,17924.186791137996,32037.68946095019,18808.59412325443
climatologia,H4,2014-11-01,2014,11,lat_maior_igual_menos15,31581,205959.1355646252,-13681.772484712303,45920.1654085964,204283.38653904753,31215.50842646724
climatologia,H4,2014-12-01,2014,12,dominio_inteiro,78561,225151.2389383847,15111.905185127456,84262.32065035665,209145.98294504994,67475.78503925544
climatologia,H4,2014-12-01,2014,12,lat_menor_que_menos35,26100,27244.927381611695,-1223.0720945596695,18103.221080094576,19514.053595574787,17451.68248953376
climatologia,H4,2014-12-01,2014,12,lat_menos35_a_menos15,20880,75827.56262422854,7151.784370096226,25963.350793863472,68377.81128662916,18808.59412325443
climatologia,H4,2014-12-01,2014,12,lat_maior_igual_menos15,31581,122078.74893254446,9183.1929095909,40195.7487763986,121254.11806284601,31215.50842646724
controle_defasado,A,2015-01-01,2015,1,dominio_inteiro,78561,309159.82628768886,16868.150301014437,98616.89339834316,289242.78390116134,67475.78503925544
controle_defasado,A,2015-01-01,2015,1,lat_menor_que_menos35,26100,28010.491572363204,42.25867288392243,18571.946973340426,18981.456566900284,17451.68248953376
controle_defasado,A,2015-01-01,2015,1,lat_menos35_a_menos15,20880,120393.62519171633,21031.820372569287,32415.358778215086,110878.02555825045,18808.59412325443
controle_defasado,A,2015-01-01,2015,1,lat_maior_igual_menos15,31581,160755.7095236093,-4205.928744438774,47629.587646787644,159383.30177601063,31215.50842646724
controle_defasado,A,2015-02-01,2015,2,dominio_inteiro,78561,193284.67740125337,-13180.08281381888,76316.42551937522,174850.90038453756,67475.78503925544
controle_defasado,A,2015-02-01,2015,2,lat_menor_que_menos35,26100,39477.34591532923,1851.6719711032806,23110.226692277654,29108.80749022255,17451.68248953376
controle_defasado,A,2015-02-01,2015,2,lat_menos35_a_menos15,20880,66262.74843682555,-7940.432857599054,21755.267891041374,58600.03866266295,18808.59412325443
controle_defasado,A,2015-02-01,2015,2,lat_maior_igual_menos15,31581,87544.5830490986,-7091.32192732311,31450.930936056197,87142.05423165203,31215.50842646724
controle_defasado,A,2015-03-01,2015,3,dominio_inteiro,78561,237269.49039420977,-19126.70849678214,85843.42520812823,221832.35445834344,67475.78503925544
controle_defasado,A,2015-03-01,2015,3,lat_menor_que_menos35,26100,34202.128047781014,4487.321127287162,20871.712418945215,23804.03764232526,17451.68248953376
controle_defasado,A,2015-03-01,2015,3,lat_menos35_a_menos15,20880,39848.36844563254,-325.37706626452433,19692.463705910155,35408.53291524434,18808.59412325443
controle_defasado,A,2015-03-01,2015,3,lat_maior_igual_menos15,31581,163218.99390079628,-23288.65255780478,45279.24908327285,162619.78390077382,31215.50842646724
controle_defasado,A,2015-04-01,2015,4,dominio_inteiro,78561,195727.88643015551,5623.975769205887,81132.07504379866,181955.66152329778,67475.78503925544
controle_defasado,A,2015-04-01,2015,4,lat_menor_que_menos35,26100,22978.04729260719,3153.981349287423,18318.455596539872,16654.25597642293,17451.68248953376
controle_defasado,A,2015-04-01,2015,4,lat_menos35_a_menos15,20880,64376.27311275031,2849.347661787924,24032.95374994118,57613.00245919031,18808.59412325443
controle_defasado,A,2015-04-01,2015,4,lat_maior_igual_menos15,31581,108373.56602479806,-379.35324186945945,38780.665697317614,107688.40308768452,31215.50842646724
controle_defasado,A,2015-05-01,2015,5,dominio_inteiro,78561,266629.63863571564,-5891.360632881565,87646.44677907134,250738.48154764622,67475.78503925544
controle_defasado,A,2015-05-01,2015,5,lat_menor_que_menos35,26100,41014.83978461791,-5260.661431431029,20368.77093729645,28952.38334446377,17451.68248953376
controle_defasado,A,2015-05-01,2015,5,lat_menos35_a_menos15,20880,26087.55109867783,-405.50385037410615,16105.994395207588,23422.31123667417,18808.59412325443
controle_defasado,A,2015-05-01,2015,5,lat_maior_igual_menos15,31581,199527.2477524199,-225.19535107642878,51171.681446567294,198363.78696650828,31215.50842646724
controle_defasado,A,2015-06-01,2015,6,dominio_inteiro,78561,219442.62561789475,928.6799085736936,74305.07156407602,202142.5250346067,67475.78503925544
controle_defasado,A,2015-06-01,2015,6,lat_menor_que_menos35,26100,43249.0904885946,-280.76738914506404,22748.110709714412,30474.91743131869,17451.68248953376
controle_defasado,A,2015-06-01,2015,6,lat_menos35_a_menos15,20880,26497.957862959865,8803.966688827906,15126.83671100319,22845.683238781363,18808.59412325443
controle_defasado,A,2015-06-01,2015,6,lat_maior_igual_menos15,31581,149695.57726634026,-7594.5193911091455,36430.124143358415,148821.92436450665,31215.50842646724
controle_defasado,A,2015-07-01,2015,7,dominio_inteiro,78561,269570.3888915997,-32382.754456330134,78092.28690262348,248933.6986620463,67475.78503925544
controle_defasado,A,2015-07-01,2015,7,lat_menor_que_menos35,26100,42795.70513795142,-10875.793198629162,22433.514049462705,31078.50463131333,17451.68248953376
controle_defasado,A,2015-07-01,2015,7,lat_menos35_a_menos15,20880,62312.433840027865,-7062.644483536833,19628.488091009775,54494.88107256178,18808.59412325443
controle_defasado,A,2015-07-01,2015,7,lat_maior_igual_menos15,31581,164462.2499136204,-14444.316774164143,36030.284762151015,163360.31295817118,31215.50842646724
controle_defasado,A,2015-08-01,2015,8,dominio_inteiro,78561,199796.47197919124,-18979.978432213185,74778.07446245839,180616.44839370702,67475.78503925544
controle_defasado,A,2015-08-01,2015,8,lat_menor_que_menos35,26100,45144.96030618925,-19448.316317913188,23318.33199377694,33038.60444981203,17451.68248953376
controle_defasado,A,2015-08-01,2015,8,lat_menos35_a_menos15,20880,44854.117096048736,1123.208270589577,19923.715280111886,38695.58206173099,18808.59412325443
controle_defasado,A,2015-08-01,2015,8,lat_maior_igual_menos15,31581,109797.39457695326,-654.8703848895725,31536.02718856955,108882.26188216404,31215.50842646724
controle_defasado,A,2015-09-01,2015,9,dominio_inteiro,78561,188274.92971736434,9414.050415057016,78348.59441395363,174950.13013610768,67475.78503925544
controle_defasado,A,2015-09-01,2015,9,lat_menor_que_menos35,26100,26160.963755741086,1647.7357287227064,18865.5831174482,18865.89215730488,17451.68248953376
controle_defasado,A,2015-09-01,2015,9,lat_menos35_a_menos15,20880,40933.08528151391,-5870.781395540536,19800.802127994262,36089.95369661777,18808.59412325443
controle_defasado,A,2015-09-01,2015,9,lat_maior_igual_menos15,31581,121180.88068010935,13637.096081874844,39682.20916851118,119994.28428218504,31215.50842646724
controle_defasado,A,2015-10-01,2015,10,dominio_inteiro,78561,162361.16545108147,10253.978616586486,71735.31437441736,150245.48363571885,67475.78503925544
controle_defasado,A,2015-10-01,2015,10,lat_menor_que_menos35,26100,22480.79498886319,-481.0323729769948,17761.597619583183,15996.1413228143,17451.68248953376
controle_defasado,A,2015-10-01,2015,10,lat_menos35_a_menos15,20880,39139.15681587736,4973.106364975886,19326.08805737728,34444.238567331646,18808.59412325443
controle_defasado,A,2015-10-01,2015,10,lat_maior_igual_menos15,31581,100741.21364634091,5761.904624587593,34647.62869745691,99805.10374557287,31215.50842646724
controle_defasado,A,2015-11-01,2015,11,dominio_inteiro,78561,170616.71301593984,5475.880608013025,70554.40936315442,160249.25253170053,67475.78503925544
controle_defasado,A,2015-11-01,2015,11,lat_menor_que_menos35,26100,12394.217708395336,4344.626411681377,13467.301952890228,8944.534517912973,17451.68248953376
controle_defasado,A,2015-11-01,2015,11,lat_menos35_a_menos15,20880,65502.266531767666,-4070.50472219829,23558.631216038673,59381.53885078632,18808.59412325443
controle_defasado,A,2015-11-01,2015,11,lat_maior_igual_menos15,31581,92720.22877577685,5201.758918529937,33528.47619422553,91923.17916300126,31215.50842646724
controle_defasado,A,2015-12-01,2015,12,dominio_inteiro,78561,307410.1447660888,26103.39216668271,90636.3639425029,290441.67515202996,67475.78503925544
controle_defasado,A,2015-12-01,2015,12,lat_menor_que_menos35,26100,21762.089821775655,-2336.303851667325,15520.120632706377,15833.350599975834,17451.68248953376
controle_defasado,A,2015-12-01,2015,12,lat_menos35_a_menos15,20880,104617.45442370136,12821.216262489528,31113.570888635502,94973.26361022111,18808.59412325443
controle_defasado,A,2015-12-01,2015,12,lat_maior_igual_menos15,31581,181030.6005206118,15618.479755860502,44002.672421161005,179635.06094183298,31215.50842646724
controle_defasado,A,2016-01-01,2016,1,dominio_inteiro,78561,506354.38642885623,-6922.651462731766,118891.51665335768,475032.7725174133,67475.78503925544
controle_defasado,A,2016-01-01,2016,1,lat_menor_que_menos35,26100,36626.40591955088,1673.4618704312425,19765.906738769983,25221.643967841104,17451.68248953376
controle_defasado,A,2016-01-01,2016,1,lat_menos35_a_menos15,20880,172588.63404968393,-9153.205956817446,38709.99802011789,156251.758774259,18808.59412325443
controle_defasado,A,2016-01-01,2016,1,lat_maior_igual_menos15,31581,297139.3464596215,557.0926236544371,60415.61189446982,293559.36977531324,31215.50842646724
controle_defasado,A,2016-02-01,2016,2,dominio_inteiro,78561,192191.39350493977,-180.278573948475,78506.79870906712,177632.73181094558,67475.78503925544
controle_defasado,A,2016-02-01,2016,2,lat_menor_que_menos35,26100,28537.006137652705,-8153.471171829679,19222.656081050154,19475.915491868993,17451.68248953376
controle_defasado,A,2016-02-01,2016,2,lat_menos35_a_menos15,20880,48006.84584613615,5033.4818528548185,20768.453998711717,43340.15781738171,18808.59412325443
controle_defasado,A,2016-02-01,2016,2,lat_maior_igual_menos15,31581,115647.54152115091,2939.7107450263843,38515.68862930526,114816.65850169488,31215.50842646724
controle_defasado,A,2016-03-01,2016,3,dominio_inteiro,78561,370302.672762742,-8497.68924093571,103829.78773749681,347071.480603305,67475.78503925544
controle_defasado,A,2016-03-01,2016,3,lat_menor_que_menos35,26100,46065.46332877333,4204.848398937497,26650.19318277503,32909.21889051563,17451.68248953376
controle_defasado,A,2016-03-01,2016,3,lat_menos35_a_menos15,20880,74435.287828396,5801.861437349427,26516.90788772231,65369.9140329977,18808.59412325443
controle_defasado,A,2016-03-01,2016,3,lat_maior_igual_menos15,31581,249801.92160557263,-18504.399077222635,50662.68666699947,248792.3476797916,31215.50842646724
controle_defasado,A,2016-04-01,2016,4,dominio_inteiro,78561,297934.5271496615,-12320.852647578817,93677.72039932857,275951.472133559,67475.78503925544
controle_defasado,A,2016-04-01,2016,4,lat_menor_que_menos35,26100,38285.203650223964,-7670.7996932468195,20899.519591391556,27656.588391737103,17451.68248953376
controle_defasado,A,2016-04-01,2016,4,lat_menos35_a_menos15,20880,84299.2930219866,2173.9883207389307,26797.80537782493,73667.82208496472,18808.59412325443
controle_defasado,A,2016-04-01,2016,4,lat_maior_igual_menos15,31581,175350.03047745096,-6824.041275070927,45980.39543011208,174627.0616568572,31215.50842646724
controle_defasado,A,2016-05-01,2016,5,dominio_inteiro,78561,277557.7095503318,21025.50870254243,91711.18917435949,241761.53493671608,67475.78503925544
controle_defasado,A,2016-05-01,2016,5,lat_menor_que_menos35,26100,95741.55255974468,23981.888200315378,32572.91959177353,64574.25116221368,17451.68248953376
controle_defasado,A,2016-05-01,2016,5,lat_menos35_a_menos15,20880,31827.296378199295,-890.0993078355232,17229.57983852608,28031.0941968212,18808.59412325443
controle_defasado,A,2016-05-01,2016,5,lat_maior_igual_menos15,31581,149988.86061238777,-2066.2801899374203,41908.68974405988,149156.1895776812,31215.50842646724
controle_defasado,A,2016-06-01,2016,6,dominio_inteiro,78561,221916.95281921295,27812.097269908372,81642.18880382512,194731.04039052676,67475.78503925544
controle_defasado,A,2016-06-01,2016,6,lat_menor_que_menos35,26100,75110.60750408037,21112.596230558785,29003.87386662387,54947.40442935779,17451.68248953376
controle_defasado,A,2016-06-01,2016,6,lat_menos35_a_menos15,20880,55174.56724682175,388.9949019000365,22433.513108104617,48723.39837890887,18808.59412325443
controle_defasado,A,2016-06-01,2016,6,lat_maior_igual_menos15,31581,91631.77806831081,6310.506137449551,30204.801829096636,91060.23758226007,31215.50842646724
controle_defasado,A,2016-07-01,2016,7,dominio_inteiro,78561,160239.30895054547,2930.3950553266454,67634.87571210676,146939.9056893179,67475.78503925544
controle_defasado,A,2016-07-01,2016,7,lat_menor_que_menos35,26100,37898.93517908853,1558.730926130167,22788.3614984113,27577.468067773727,17451.68248953376
controle_defasado,A,2016-07-01,2016,7,lat_menos35_a_menos15,20880,15288.288648864469,476.69548370044924,11619.02432265328,13169.82184144026,18808.59412325443
controle_defasado,A,2016-07-01,2016,7,lat_maior_igual_menos15,31581,107052.08512259249,894.968645496029,33227.489891042176,106192.6157801039,31215.50842646724
controle_defasado,A,2016-08-01,2016,8,dominio_inteiro,78561,162931.9887021141,11012.442980788503,66295.52502514434,150693.12099956334,67475.78503925544
controle_defasado,A,2016-08-01,2016,8,lat_menor_que_menos35,26100,30992.898102710915,2373.9755226386965,18945.75335748362,22657.608459969557,17451.68248953376
controle_defasado,A,2016-08-01,2016,8,lat_menos35_a_menos15,20880,24691.418345681916,-5538.7561174274215,14847.157787107059,21869.10312642344,18808.59412325443
controle_defasado,A,2016-08-01,2016,8,lat_maior_igual_menos15,31581,107247.67225372123,14177.223575577227,32502.61388055366,106166.40941317033,31215.50842646724
controle_defasado,A,2016-09-01,2016,9,dominio_inteiro,78561,172946.76532320946,12922.431056285734,75253.1699761308,156690.9662955851,67475.78503925544
controle_defasado,A,2016-09-01,2016,9,lat_menor_que_menos35,26100,34968.770261812984,9047.748419041602,22672.185651593656,23777.888057500913,17451.68248953376
controle_defasado,A,2016-09-01,2016,9,lat_menos35_a_menos15,20880,34897.603211455644,9194.141323989641,17354.089235155123,30904.929472207787,18808.59412325443
controle_defasado,A,2016-09-01,2016,9,lat_maior_igual_menos15,31581,103080.39184994085,-5319.45868674551,35226.895089382015,102008.14876587642,31215.50842646724
controle_defasado,A,2016-10-01,2016,10,dominio_inteiro,78561,167845.76186907847,439.6262262192647,65520.59756821633,156677.95544669952,67475.78503925544
controle_defasado,A,2016-10-01,2016,10,lat_menor_que_menos35,26100,24580.561751385332,1709.727716691284,17504.8910954511,17869.582305702803,17451.68248953376
controle_defasado,A,2016-10-01,2016,10,lat_menos35_a_menos15,20880,28055.155769717538,838.2374417035261,15193.013689565163,25049.2249228639,18808.59412325443
controle_defasado,A,2016-10-01,2016,10,lat_maior_igual_menos15,31581,115210.0443479756,-2108.3389321755444,32822.69278320007,113759.14821813279,31215.50842646724
controle_defasado,A,2016-11-01,2016,11,dominio_inteiro,78561,261035.47770885075,2434.510984859029,82649.70187656253,249652.9548943964,67475.78503925544
controle_defasado,A,2016-11-01,2016,11,lat_menor_que_menos35,26100,19472.1119186688,-5644.673502237397,17098.29268363177,13546.467143256068,17451.68248953376
controle_defasado,A,2016-11-01,2016,11,lat_menos35_a_menos15,20880,28319.02510072738,4499.598383654288,16111.822508851445,25704.60512498586,18808.59412325443
controle_defasado,A,2016-11-01,2016,11,lat_maior_igual_menos15,31581,213244.34068945455,3579.5861034421396,49439.58668407932,210401.88262615446,31215.50842646724
controle_defasado,A,2016-12-01,2016,12,dominio_inteiro,78561,207622.6316233841,-12555.452142850005,82809.20991186511,195998.31936435122,67475.78503925544
controle_defasado,A,2016-12-01,2016,12,lat_menor_que_menos35,26100,21038.9202097412,-3257.7943017304083,15691.32374809693,14849.1355071277,17451.68248953376
controle_defasado,A,2016-12-01,2016,12,lat_menos35_a_menos15,20880,44985.704230318515,9937.85921553329,21122.810348329567,40585.27981631437,18808.59412325443
controle_defasado,A,2016-12-01,2016,12,lat_maior_igual_menos15,31581,141598.0071833244,-19235.517056652883,45995.0758154386,140563.90404090914,31215.50842646724
sst_defasada,A,2015-01-01,2015,1,dominio_inteiro,78561,304342.9784370662,18169.19809741406,98064.46913501903,284163.98515474994,67475.78503925544
sst_defasada,A,2015-01-01,2015,1,lat_menor_que_menos35,26100,29149.633681856318,373.13919823263046,18646.0091682699,19700.74313970853,17451.68248953376
sst_defasada,A,2015-01-01,2015,1,lat_menos35_a_menos15,20880,117186.1516028695,21241.671349468612,32245.56007904098,107803.18929902706,18808.59412325443
sst_defasada,A,2015-01-01,2015,1,lat_maior_igual_menos15,31581,158007.19315234042,-3445.6124502871826,47172.89988770813,156660.05271601435,31215.50842646724
sst_defasada,A,2015-02-01,2015,2,dominio_inteiro,78561,190753.39969178397,-11503.402368296873,76133.0421980717,172308.20008644921,67475.78503925544
sst_defasada,A,2015-02-01,2015,2,lat_menor_que_menos35,26100,39704.83131023889,2152.6985450574307,23215.304543225833,29254.48529420181,17451.68248953376
sst_defasada,A,2015-02-01,2015,2,lat_menos35_a_menos15,20880,65612.62858698049,-7006.2842420211555,21812.350538095234,58012.94695777375,18808.59412325443
sst_defasada,A,2015-02-01,2015,2,lat_maior_igual_menos15,31581,85435.93979456456,-6649.8166713331475,31105.387116750608,85040.76783447368,31215.50842646724
sst_defasada,A,2015-03-01,2015,3,dominio_inteiro,78561,237704.7548691284,-21203.714409581935,85498.5798876779,222585.27669172207,67475.78503925544
sst_defasada,A,2015-03-01,2015,3,lat_menor_que_menos35,26100,33364.19426765254,3775.081376708162,20471.1945204171,23204.039231810184,17451.68248953376
sst_defasada,A,2015-03-01,2015,3,lat_menos35_a_menos15,20880,39180.33244440865,-406.11659167539506,19499.35674891466,34826.890173614964,18808.59412325443
sst_defasada,A,2015-03-01,2015,3,lat_maior_igual_menos15,31581,165160.22815706718,-24572.679194614706,45528.028618346136,164554.34728629695,31215.50842646724
sst_defasada,A,2015-04-01,2015,4,dominio_inteiro,78561,194874.77848058136,3435.2857227348095,80515.12601657574,181012.0082152581,67475.78503925544
sst_defasada,A,2015-04-01,2015,4,lat_menor_que_menos35,26100,23133.510175237287,2982.4348648468585,18334.50975098078,16775.254661580642,17451.68248953376
sst_defasada,A,2015-04-01,2015,4,lat_menos35_a_menos15,20880,65015.63311936919,2983.0896322382505,24156.29362348231,58181.53359379542,18808.59412325443
sst_defasada,A,2015-04-01,2015,4,lat_maior_igual_menos15,31581,106725.6351859749,-2530.2387743502977,38024.322642112646,106055.21995988209,31215.50842646724
sst_defasada,A,2015-05-01,2015,5,dominio_inteiro,78561,262698.11363559496,-8541.306354710643,86178.47257964009,246481.2984342163,67475.78503925544
sst_defasada,A,2015-05-01,2015,5,lat_menor_que_menos35,26100,42191.19888202237,-5805.46669589654,20331.54222737381,29764.5915912643,17451.68248953376
sst_defasada,A,2015-05-01,2015,5,lat_menos35_a_menos15,20880,26071.23529289641,-415.01805900744284,16066.797292385076,23411.48694233955,18808.59412325443
sst_defasada,A,2015-05-01,2015,5,lat_maior_igual_menos15,31581,194435.67946067618,-2320.821599806659,49780.13305988121,193305.21990061246,31215.50842646724
sst_defasada,A,2015-06-01,2015,6,dominio_inteiro,78561,212388.50803991902,56.538763738130626,72562.41505157691,196006.52946577405,67475.78503925544
sst_defasada,A,2015-06-01,2015,6,lat_menor_que_menos35,26100,40966.75338962945,-364.47295684771507,22371.547965147474,28818.431632555716,17451.68248953376
sst_defasada,A,2015-06-01,2015,6,lat_menos35_a_menos15,20880,24411.942090728615,7823.072158158526,14532.459130430187,21027.97034422645,18808.59412325443
sst_defasada,A,2015-06-01,2015,6,lat_maior_igual_menos15,31581,147009.81255956093,-7402.06043757268,35658.40795599925,146160.12748899186,31215.50842646724
sst_defasada,A,2015-07-01,2015,7,dominio_inteiro,78561,266315.43495890946,-30675.660362888986,77694.81630839378,245659.51074742858,67475.78503925544
sst_defasada,A,2015-07-01,2015,7,lat_menor_que_menos35,26100,42522.22451076522,-10851.743820736996,22344.417520975363,30931.71912192751,17451.68248953376
sst_defasada,A,2015-07-01,2015,7,lat_menos35_a_menos15,20880,64169.27523842355,-7509.114049141646,19849.62394103036,56184.8191767203,18808.59412325443
sst_defasada,A,2015-07-01,2015,7,lat_maior_igual_menos15,31581,159623.9352097207,-12314.802493010347,35500.774846388056,158542.97244878078,31215.50842646724
sst_defasada,A,2015-08-01,2015,8,dominio_inteiro,78561,197483.23701145692,-16683.388911938233,74700.38294591293,178654.09788669628,67475.78503925544
sst_defasada,A,2015-08-01,2015,8,lat_menor_que_menos35,26100,44135.57444518562,-18865.325791479154,22994.98829371588,32339.738584597522,17451.68248953376
sst_defasada,A,2015-08-01,2015,8,lat_menos35_a_menos15,20880,44615.073264088605,1371.151504724741,20003.150839819755,38509.54477054454,18808.59412325443
sst_defasada,A,2015-08-01,2015,8,lat_maior_igual_menos15,31581,108732.58930218269,810.7853748161817,31702.243812377295,107804.81453155418,31215.50842646724
sst_defasada,A,2015-09-01,2015,9,dominio_inteiro,78561,183156.6246391396,12654.870450629065,77684.621529326,169970.41314192183,67475.78503925544
sst_defasada,A,2015-09-01,2015,9,lat_menor_que_menos35,26100,26500.739010287485,2732.2702301672557,18794.836351262864,19118.252186624,17451.68248953376
sst_defasada,A,2015-09-01,2015,9,lat_menos35_a_menos15,20880,40005.9136416894,-5614.200271841102,19584.30834689224,35310.29241163185,18808.59412325443
sst_defasada,A,2015-09-01,2015,9,lat_maior_igual_menos15,31581,116649.97198716272,15536.80049230291,39305.476831170905,115541.86854366599,31215.50842646724
sst_defasada,A,2015-10-01,2015,10,dominio_inteiro,78561,161873.41077909232,14268.219592768211,72209.35441598689,149518.97012709116,67475.78503925544
sst_defasada,A,2015-10-01,2015,10,lat_menor_que_menos35,26100,23007.34672100029,474.5618723711309,17815.338521936854,16269.43997252483,17451.68248953376
sst_defasada,A,2015-10-01,2015,10,lat_menos35_a_menos15,20880,39269.713763554355,5560.397708315751,19591.417307557516,34572.48680467605,18808.59412325443
sst_defasada,A,2015-10-01,2015,10,lat_maior_igual_menos15,31581,99596.35029453767,8233.260012081328,34802.59858649253,98677.04334989026,31215.50842646724
sst_defasada,A,2015-11-01,2015,11,dominio_inteiro,78561,177896.8986927488,15033.287895894442,72759.0361912823,167612.1689784019,67475.78503925544
sst_defasada,A,2015-11-01,2015,11,lat_menor_que_menos35,26100,12401.801147305252,5000.230737944447,13494.340332408774,8893.927245247789,17451.68248953376
sst_defasada,A,2015-11-01,2015,11,lat_menos35_a_menos15,20880,64249.133073586156,-2026.78684800036,23436.899692175193,58317.39338147756,18808.59412325443
sst_defasada,A,2015-11-01,2015,11,lat_maior_igual_menos15,31581,101245.96447185738,12059.844005950355,35827.79616669834,100400.84835167656,31215.50842646724
sst_defasada,A,2015-12-01,2015,12,dominio_inteiro,78561,318033.02049343725,31505.89556816473,92743.65776555485,300843.5813762155,67475.78503925544
sst_defasada,A,2015-12-01,2015,12,lat_menor_que_menos35,26100,21455.130008775603,-1901.3042884035963,15443.016487102346,15618.038521496106,17451.68248953376
sst_defasada,A,2015-12-01,2015,12,lat_menos35_a_menos15,20880,108411.89994607476,12922.390339191523,31674.70864388205,98587.99731128218,18808.59412325443
sst_defasada,A,2015-12-01,2015,12,lat_maior_igual_menos15,31581,188165.9905385869,20484.809517376805,45625.93263457045,186637.54554343724,31215.50842646724
sst_defasada,A,2016-01-01,2016,1,dominio_inteiro,78561,508935.36753345974,-2310.845250086277,119985.50222205478,477200.29419560626,67475.78503925544
sst_defasada,A,2016-01-01,2016,1,lat_menor_que_menos35,26100,38901.333083831494,2165.716871421592,20042.368121027535,26714.431549104647,17451.68248953376
sst_defasada,A,2016-01-01,2016,1,lat_menos35_a_menos15,20880,170721.63846169607,-10179.45102369909,38416.22609475354,154581.07307482066,18808.59412325443
sst_defasada,A,2016-01-01,2016,1,lat_maior_igual_menos15,31581,299312.3959879322,5702.888902191223,61526.90800627372,295904.789571681,31215.50842646724
sst_defasada,A,2016-02-01,2016,2,dominio_inteiro,78561,194475.33111130254,-446.1889300070692,79176.79001362193,180053.98457850798,67475.78503925544
sst_defasada,A,2016-02-01,2016,2,lat_menor_que_menos35,26100,28009.756440456633,-8900.689567119643,19265.231222896844,19110.884471197172,17451.68248953376
sst_defasada,A,2016-02-01,2016,2,lat_menos35_a_menos15,20880,48327.48607467041,4229.059754068395,20777.125359986287,43697.58227642538,18808.59412325443
sst_defasada,A,2016-02-01,2016,2,lat_maior_igual_menos15,31581,118138.0885961755,4225.440883044182,39134.43343073879,117245.51783088547,31215.50842646724
sst_defasada,A,2016-03-01,2016,3,dominio_inteiro,78561,358626.29269153654,-13500.942446454008,101450.42841304782,336316.68729027326,67475.78503925544
sst_defasada,A,2016-03-01,2016,3,lat_menor_que_menos35,26100,43198.08597595416,3344.0666663894685,25673.76469818817,30859.564142456464,17451.68248953376
sst_defasada,A,2016-03-01,2016,3,lat_menos35_a_menos15,20880,72707.84930596467,3427.146036040176,25744.68964559279,63717.38461162387,18808.59412325443
sst_defasada,A,2016-03-01,2016,3,lat_maior_igual_menos15,31581,242720.35740961778,-20272.155148883652,50031.97406926685,241739.73853619298,31215.50842646724
sst_defasada,A,2016-04-01,2016,4,dominio_inteiro,78561,296272.4345763536,-14586.98641107826,93020.13029057863,272920.1927965161,67475.78503925544
sst_defasada,A,2016-04-01,2016,4,lat_menor_que_menos35,26100,41752.1854817682,-7192.644907304533,21349.75199200769,30153.14330747816,17451.68248953376
sst_defasada,A,2016-04-01,2016,4,lat_menos35_a_menos15,20880,85641.7423697191,432.05493029129275,26680.484440999368,74593.51800886643,18808.59412325443
sst_defasada,A,2016-04-01,2016,4,lat_maior_igual_menos15,31581,168878.50672486628,-7826.39643406502,44989.89385757159,168173.5314801715,31215.50842646724
sst_defasada,A,2016-05-01,2016,5,dominio_inteiro,78561,284730.7766655149,26115.994725578086,93036.93556874903,247285.2583298229,67475.78503925544
sst_defasada,A,2016-05-01,2016,5,lat_menor_que_menos35,26100,100562.46163865527,24588.910234647534,33232.59624644368,67783.5226080655,17451.68248953376
sst_defasada,A,2016-05-01,2016,5,lat_menos35_a_menos15,20880,32178.435349846193,-1600.8860289785216,17465.110124476527,28347.356841906112,18808.59412325443
sst_defasada,A,2016-05-01,2016,5,lat_maior_igual_menos15,31581,151989.87967701344,3127.970519909077,42339.22919782882,151154.37887985125,31215.50842646724
sst_defasada,A,2016-06-01,2016,6,dominio_inteiro,78561,225461.78033945,29000.51672217217,82642.7538266047,198897.3912615729,67475.78503925544
sst_defasada,A,2016-06-01,2016,6,lat_menor_que_menos35,26100,72737.04523759277,20293.52306711647,28740.536642415445,53085.36925950468,17451.68248953376
sst_defasada,A,2016-06-01,2016,6,lat_menos35_a_menos15,20880,54329.5345913259,-760.758647717736,22413.83030897432,48036.31781396629,18808.59412325443
sst_defasada,A,2016-06-01,2016,6,lat_maior_igual_menos15,31581,98395.20051053131,9467.752302773435,31488.386875214946,97775.70418810188,31215.50842646724
sst_defasada,A,2016-07-01,2016,7,dominio_inteiro,78561,158655.1245876473,4179.509598469374,67770.19641179394,145410.00511730966,67475.78503925544
sst_defasada,A,2016-07-01,2016,7,lat_menor_que_menos35,26100,37918.74713359359,1676.0912548044835,22635.001756859354,27628.0497053379,17451.68248953376
sst_defasada,A,2016-07-01,2016,7,lat_menos35_a_menos15,20880,15511.24844905922,1344.7580584487482,11919.633751637615,13398.535279624375,18808.59412325443
sst_defasada,A,2016-07-01,2016,7,lat_maior_igual_menos15,31581,105225.1290049945,1158.6602852161423,33215.56090329696,104383.42013234738,31215.50842646724
sst_defasada,A,2016-08-01,2016,8,dominio_inteiro,78561,163729.9520491527,13043.57745668682,66266.39439129396,151939.83127122224,67475.78503925544
sst_defasada,A,2016-08-01,2016,8,lat_menor_que_menos35,26100,29463.236357225414,2786.1414173743005,18727.4327958566,21511.677165129036,17451.68248953376
sst_defasada,A,2016-08-01,2016,8,lat_menos35_a_menos15,20880,23511.640374216007,-4848.9645837240005,14562.067554270889,20822.81501004967,18808.59412325443
sst_defasada,A,2016-08-01,2016,8,lat_maior_igual_menos15,31581,110755.07531771128,15106.40062303652,32976.894041166466,109605.33909604349,31215.50842646724
sst_defasada,A,2016-09-01,2016,9,dominio_inteiro,78561,178989.48191952342,15569.14725639775,76288.87607186796,161745.1240214592,67475.78503925544
sst_defasada,A,2016-09-01,2016,9,lat_menor_que_menos35,26100,37424.33600873066,11323.187204851629,23363.795631580102,25285.096736435455,17451.68248953376
sst_defasada,A,2016-09-01,2016,9,lat_menos35_a_menos15,20880,35173.617738867375,9582.480549761243,17422.805547858545,31166.11051759144,18808.59412325443
sst_defasada,A,2016-09-01,2016,9,lat_maior_igual_menos15,31581,106391.5281719254,-5336.520498215123,35502.27489242932,105293.91676743228,31215.50842646724
sst_defasada,A,2016-10-01,2016,10,dominio_inteiro,78561,167862.3456037525,4234.469900089117,66235.69145831164,156012.48954783415,67475.78503925544
sst_defasada,A,2016-10-01,2016,10,lat_menor_que_menos35,26100,26293.02231128304,3442.893766924232,18235.97334692393,18918.82572982358,17451.68248953376
sst_defasada,A,2016-10-01,2016,10,lat_menos35_a_menos15,20880,28534.332657853636,1023.9577137708783,15265.036205392335,25478.29420880533,18808.59412325443
sst_defasada,A,2016-10-01,2016,10,lat_maior_igual_menos15,31581,113034.99063461585,-232.38158060599233,32734.681905995392,111615.36960920526,31215.50842646724
sst_defasada,A,2016-11-01,2016,11,dominio_inteiro,78561,266502.98951226537,5693.782585699697,82449.24078191895,255487.32338039757,67475.78503925544
sst_defasada,A,2016-11-01,2016,11,lat_menor_que_menos35,26100,18640.331865697128,-4172.583787248331,16642.214738654566,13100.124270101029,17451.68248953376
sst_defasada,A,2016-11-01,2016,11,lat_menos35_a_menos15,20880,28678.316806009607,5108.0075550942865,16280.516526501011,26006.728130467287,18808.59412325443
sst_defasada,A,2016-11-01,2016,11,lat_maior_igual_menos15,31581,219184.3408405586,4758.358817853747,49526.50951676338,216380.47097982926,31215.50842646724
sst_defasada,A,2016-12-01,2016,12,dominio_inteiro,78561,203714.80893418688,-8421.67804221717,82337.32497817502,192352.27603436075,67475.78503925544
sst_defasada,A,2016-12-01,2016,12,lat_menor_que_menos35,26100,20230.029691375046,-2695.656267116605,15642.733057117397,14330.646731978524,17451.68248953376
sst_defasada,A,2016-12-01,2016,12,lat_menos35_a_menos15,20880,45786.986398928464,10413.774593423708,21294.030889892085,41325.05816582179,18808.59412325443
sst_defasada,A,2016-12-01,2016,12,lat_maior_igual_menos15,31581,137697.79284388336,-16139.796368524274,45400.56103116553,136696.57113656044,31215.50842646724
climatologia,A,2015-01-01,2015,1,dominio_inteiro,78561,312149.4281093196,28208.903654305264,99707.32546293968,292204.3065607041,67475.78503925544
climatologia,A,2015-01-01,2015,1,lat_menor_que_menos35,26100,30530.17082324761,1067.3163519725204,18755.42299681157,20678.699242484166,17451.68248953376
climatologia,A,2015-01-01,2015,1,lat_menos35_a_menos15,20880,108546.55968136714,19439.344901744276,31281.37656782614,99768.65170883675,18808.59412325443
climatologia,A,2015-01-01,2015,1,lat_maior_igual_menos15,31581,173072.69760470485,7702.242400588468,49670.525898301974,171756.95560938315,31215.50842646724
climatologia,A,2015-02-01,2015,2,dominio_inteiro,78561,194744.10696707646,-138.33887726801913,78821.23629791255,175534.5321355579,67475.78503925544
climatologia,A,2015-02-01,2015,2,lat_menor_que_menos35,26100,42061.80659655563,2676.0101874172688,23938.49206480384,30850.40059255021,17451.68248953376
climatologia,A,2015-02-01,2015,2,lat_menos35_a_menos15,20880,65696.67302764393,-8182.424511341262,21824.153298234218,58070.33259849638,18808.59412325443
climatologia,A,2015-02-01,2015,2,lat_maior_igual_menos15,31581,86985.6273428769,5368.075446655974,33058.59093487449,86613.79894451132,31215.50842646724
climatologia,A,2015-03-01,2015,3,dominio_inteiro,78561,213267.69211054698,-8999.520260943333,81857.57925353595,197969.34219763806,67475.78503925544
climatologia,A,2015-03-01,2015,3,lat_menor_que_menos35,26100,34760.51789106137,3646.9766337275505,20910.523748278618,24111.978174622625,17451.68248953376
climatologia,A,2015-03-01,2015,3,lat_menos35_a_menos15,20880,37911.76905929552,-221.03775847540237,19254.205295181135,33791.98226242978,18808.59412325443
climatologia,A,2015-03-01,2015,3,lat_maior_igual_menos15,31581,140595.40516019013,-12425.45913619548,41692.8502100762,140065.38176058567,31215.50842646724
climatologia,A,2015-04-01,2015,4,dominio_inteiro,78561,216251.20772494155,12830.605457594618,86314.20750094578,202992.77858347556,67475.78503925544
climatologia,A,2015-04-01,2015,4,lat_menor_que_menos35,26100,22275.312826726928,2588.0573678314686,17929.87242653966,16187.583884362288,17451.68248953376
climatologia,A,2015-04-01,2015,4,lat_menos35_a_menos15,20880,62028.632950069696,644.298425488174,23441.70678307861,55699.072641990555,18808.59412325443
climatologia,A,2015-04-01,2015,4,lat_maior_igual_menos15,31581,131947.26194814488,9598.249664274976,44942.628291327506,131106.12205712273,31215.50842646724
climatologia,A,2015-05-01,2015,5,dominio_inteiro,78561,334749.0189158285,-6203.289924692363,98484.1557868747,318962.7483269717,67475.78503925544
climatologia,A,2015-05-01,2015,5,lat_menor_que_menos35,26100,38784.74790449707,-5078.5259937644005,19877.353371679783,27477.698625858113,17451.68248953376
climatologia,A,2015-05-01,2015,5,lat_menos35_a_menos15,20880,29454.020494319702,-4859.345497308299,16882.449850973673,26544.523225506007,18808.59412325443
climatologia,A,2015-05-01,2015,5,lat_maior_igual_menos15,31581,266510.25051701174,3734.581566380337,61724.35256422125,264940.52647560765,31215.50842646724
climatologia,A,2015-06-01,2015,6,dominio_inteiro,78561,238464.28620658783,9248.98515542224,76011.6435988918,225779.9040330444,67475.78503925544
climatologia,A,2015-06-01,2015,6,lat_menor_que_menos35,26100,30401.595471536486,-1062.627030313015,19802.57276713848,21288.039431392142,17451.68248953376
climatologia,A,2015-06-01,2015,6,lat_menos35_a_menos15,20880,17314.782434260193,4421.009831496514,12462.229528048076,14897.350670020714,18808.59412325443
climatologia,A,2015-06-01,2015,6,lat_maior_igual_menos15,31581,190747.90830079117,5890.602354238741,43746.84130370524,189594.51393163158,31215.50842646724
climatologia,A,2015-07-01,2015,7,dominio_inteiro,78561,308947.0633916516,-24145.166838202626,83361.35061912797,286505.3122640068,67475.78503925544
climatologia,A,2015-07-01,2015,7,lat_menor_que_menos35,26100,45471.93899937726,-12322.36436522007,23022.13496118784,33068.99034427144,17451.68248953376
climatologia,A,2015-07-01,2015,7,lat_menos35_a_menos15,20880,71244.71803015134,-10628.315095733851,20060.377490632236,62547.65887897642,18808.59412325443
climatologia,A,2015-07-01,2015,7,lat_maior_igual_menos15,31581,192230.40636212294,-1194.4873772487044,40278.8381673079,190888.66304075895,31215.50842646724
climatologia,A,2015-08-01,2015,8,dominio_inteiro,78561,219914.65884839825,-10203.421165345935,78954.28989452939,199374.03616793343,67475.78503925544
climatologia,A,2015-08-01,2015,8,lat_menor_que_menos35,26100,49557.34155443202,-20364.900391459465,23761.58234834671,36746.551239784436,17451.68248953376
climatologia,A,2015-08-01,2015,8,lat_menos35_a_menos15,20880,45619.07691984135,-1846.298598308349,19686.55038906657,39136.370251073706,18808.59412325443
climatologia,A,2015-08-01,2015,8,lat_maior_igual_menos15,31581,124738.24037412487,12007.777824421879,35506.157157116104,123491.11467707533,31215.50842646724
climatologia,A,2015-09-01,2015,9,dominio_inteiro,78561,239864.71040445278,23697.18699628464,89827.4978222379,225494.0638529153,67475.78503925544
climatologia,A,2015-09-01,2015,9,lat_menor_que_menos35,26100,27653.8233076941,1829.3095400631428,19003.6602576077,19907.9154178874,17451.68248953376
climatologia,A,2015-09-01,2015,9,lat_menos35_a_menos15,20880,42928.99476407518,-9142.709236247232,19905.899813655997,37815.02843901849,18808.59412325443
climatologia,A,2015-09-01,2015,9,lat_maior_igual_menos15,31581,169281.8923326835,31010.58669246873,50917.937750974204,167771.11999600945,31215.50842646724
climatologia,A,2015-10-01,2015,10,dominio_inteiro,78561,242175.8444665499,27711.321957787266,89180.96017596754,226509.514129906,67475.78503925544
climatologia,A,2015-10-01,2015,10,lat_menor_que_menos35,26100,30260.179262893704,221.60397627949715,19759.188917189837,21288.733577183728,17451.68248953376
climatologia,A,2015-10-01,2015,10,lat_menos35_a_menos15,20880,42287.7064213879,2675.507231589174,20179.763529778225,37190.052769028196,18808.59412325443
climatologia,A,2015-10-01,2015,10,lat_maior_igual_menos15,31581,169627.95878226828,24814.210749918595,49242.00772899948,168030.7277836941,31215.50842646724
climatologia,A,2015-11-01,2015,11,dominio_inteiro,78561,247801.66021212,21709.17250457959,84427.62147858588,236220.67616077766,67475.78503925544
climatologia,A,2015-11-01,2015,11,lat_menor_que_menos35,26100,11381.20606382334,3616.950760245323,12442.052436292171,8003.996111096029,17451.68248953376
climatologia,A,2015-11-01,2015,11,lat_menos35_a_menos15,20880,78504.44262111465,-5360.422122815682,25124.625736205257,71573.21651293294,18808.59412325443
climatologia,A,2015-11-01,2015,11,lat_maior_igual_menos15,31581,157916.01152718204,23452.64386714995,46860.94330608845,156643.4635367487,31215.50842646724
climatologia,A,2015-12-01,2015,12,dominio_inteiro,78561,445777.99325118895,48679.66334673,110733.66653722088,425367.2693864044,67475.78503925544
climatologia,A,2015-12-01,2015,12,lat_menor_que_menos35,26100,23406.851075458853,-143.4295174330473,16029.18509413302,16904.382420929956,17451.68248953376
climatologia,A,2015-12-01,2015,12,lat_menos35_a_menos15,20880,128813.17714701414,8639.836129691277,33779.41328750487,117095.38781728447,18808.59412325443
climatologia,A,2015-12-01,2015,12,lat_maior_igual_menos15,31581,293557.9650287159,40183.25673447177,60925.068155582994,291367.49914819014,31215.50842646724
climatologia,A,2016-01-01,2016,1,dominio_inteiro,78561,609105.1441551499,18528.184278694913,134992.09299099818,576560.9621173741,67475.78503925544
climatologia,A,2016-01-01,2016,1,lat_menor_que_menos35,26100,49373.24692462531,3325.378714643419,21633.887139596045,33637.85711389993,17451.68248953376
climatologia,A,2016-01-01,2016,1,lat_menos35_a_menos15,20880,156618.5260066338,-14566.340904530138,36508.863419497386,143232.35365454396,18808.59412325443
climatologia,A,2016-01-01,2016,1,lat_maior_igual_menos15,31581,403113.3712238908,29769.14646858163,76849.34243190475,399690.7513489301,31215.50842646724
climatologia,A,2016-02-01,2016,2,dominio_inteiro,78561,250932.66952528516,23286.379979543504,88800.27923372958,237773.09157472846,67475.78503925544
climatologia,A,2016-02-01,2016,2,lat_menor_que_menos35,26100,22422.80141562545,-6813.650075644255,17453.118269711733,15570.211800223253,17451.68248953376
climatologia,A,2016-02-01,2016,2,lat_menos35_a_menos15,20880,50593.437118754126,1815.6080585439922,20950.773567967233,45739.46234375007,18808.59412325443
climatologia,A,2016-02-01,2016,2,lat_maior_igual_menos15,31581,177916.4309909056,28284.421996643767,50396.38739605062,176463.41743075513,31215.50842646724
climatologia,A,2016-03-01,2016,3,dominio_inteiro,78561,292165.31593030854,6503.647845135769,94739.59368187073,272901.6864685957,67475.78503925544
climatologia,A,2016-03-01,2016,3,lat_menor_que_menos35,26100,35558.518484194705,7472.402735412121,22530.902639985085,26027.936331437806,17451.68248953376
climatologia,A,2016-03-01,2016,3,lat_menos35_a_menos15,20880,74340.71573642967,1433.2629312218633,25523.678363709478,65562.74974120625,18808.59412325443
climatologia,A,2016-03-01,2016,3,lat_maior_igual_menos15,31581,182266.08170968413,-2402.017821498215,46685.012678176165,181311.00039595165,31215.50842646724
climatologia,A,2016-04-01,2016,4,dominio_inteiro,78561,328052.507256704,1530.7435496356338,100158.45633947663,300087.59105933784,67475.78503925544
climatologia,A,2016-04-01,2016,4,lat_menor_que_menos35,26100,53188.133514543224,-4156.247289150953,23092.354052454233,38204.56233801167,17451.68248953376
climatologia,A,2016-04-01,2016,4,lat_menos35_a_menos15,20880,88716.76915163264,-3252.031454272568,26029.489264300093,76685.2960292963,18808.59412325443
climatologia,A,2016-04-01,2016,4,lat_maior_igual_menos15,31581,186147.60459052812,8939.022293059155,51036.613022722304,185197.7326920299,31215.50842646724
climatologia,A,2016-05-01,2016,5,dominio_inteiro,78561,349656.33163273276,36439.57239525393,103085.41849388927,306476.3868540545,67475.78503925544
climatologia,A,2016-05-01,2016,5,lat_menor_que_menos35,26100,119328.14515362665,28445.600059092045,37354.09995537996,80553.78023549232,17451.68248953376
climatologia,A,2016-05-01,2016,5,lat_menos35_a_menos15,20880,30933.694715573714,-5033.576072869822,17288.972727978602,27275.81870306463,18808.59412325443
climatologia,A,2016-05-01,2016,5,lat_maior_igual_menos15,31581,199394.49176353237,13027.548409031704,48442.34581053071,198646.78791549758,31215.50842646724
climatologia,A,2016-06-01,2016,6,dominio_inteiro,78561,254032.5506173816,37756.14534218982,90707.79810203519,221673.1653621745,67475.78503925544
climatologia,A,2016-06-01,2016,6,lat_menor_que_menos35,26100,97290.81994210654,24471.133040487766,32523.693340718746,71516.78136485371,17451.68248953376
climatologia,A,2016-06-01,2016,6,lat_menos35_a_menos15,20880,50826.78827259774,114.28337580803782,21795.3106117025,44850.85041812736,18808.59412325443
climatologia,A,2016-06-01,2016,6,lat_maior_igual_menos15,31581,105914.94240267733,13170.728925894015,36388.79414961394,105305.53357919345,31215.50842646724
climatologia,A,2016-07-01,2016,7,dominio_inteiro,78561,169672.265647549,7424.695527520031,70250.08332901075,156747.60125545211,67475.78503925544
climatologia,A,2016-07-01,2016,7,lat_menor_que_menos35,26100,36283.073699759276,1924.2462762594223,22513.454357862473,26380.410464973836,17451.68248953376
climatologia,A,2016-07-01,2016,7,lat_menos35_a_menos15,20880,15623.635012903642,1691.690321136266,12091.039264895022,13550.713071178756,18808.59412325443
climatologia,A,2016-07-01,2016,7,lat_maior_igual_menos15,31581,117765.55693488606,3808.7589301243424,35645.58970625326,116816.47771929952,31215.50842646724
climatologia,A,2016-08-01,2016,8,dominio_inteiro,78561,153907.67658746112,11701.487968565198,64658.76098685269,142488.13672462665,67475.78503925544
climatologia,A,2016-08-01,2016,8,lat_menor_que_menos35,26100,30114.366687801303,1883.3715506792068,18664.08187508583,21994.98450407015,17451.68248953376
climatologia,A,2016-08-01,2016,8,lat_menos35_a_menos15,20880,20235.838200406968,-3104.8263540456537,13698.177338977112,17866.82826317405,18808.59412325443
climatologia,A,2016-08-01,2016,8,lat_maior_igual_menos15,31581,103557.47169925284,12922.942771931645,32296.50177278975,102626.32395738245,31215.50842646724
climatologia,A,2016-09-01,2016,9,dominio_inteiro,78561,168193.07616373646,10919.065048042452,75471.6186001075,152018.00272031047,67475.78503925544
climatologia,A,2016-09-01,2016,9,lat_menor_que_menos35,26100,35370.30323910802,10384.779053002596,23464.666693776846,24026.94313929342,17451.68248953376
climatologia,A,2016-09-01,2016,9,lat_menos35_a_menos15,20880,33577.73031667686,9270.882148640463,17277.203990100184,29789.914818009347,18808.59412325443
climatologia,A,2016-09-01,2016,9,lat_maior_igual_menos15,31581,99245.04260795155,-8736.596153600607,34729.747916230466,98201.14476300769,31215.50842646724
climatologia,A,2016-10-01,2016,10,dominio_inteiro,78561,168632.82490783214,-3219.0502803719137,65476.40010439954,157900.99805171473,67475.78503925544
climatologia,A,2016-10-01,2016,10,lat_menor_que_menos35,26100,22043.952227639296,1365.7156095802784,17155.281127244234,16090.268150310341,17451.68248953376
climatologia,A,2016-10-01,2016,10,lat_menos35_a_menos15,20880,30884.608179870855,-101.14415085711516,15785.837941625854,27550.549767097014,18808.59412325443
climatologia,A,2016-10-01,2016,10,lat_maior_igual_menos15,31581,115704.26450032197,-4483.621739095077,32535.28103552945,114260.18013430737,31215.50842646724
climatologia,A,2016-11-01,2016,11,dominio_inteiro,78561,273594.3833968317,-3505.24399932666,84760.04446559417,261985.27087248198,67475.78503925544
climatologia,A,2016-11-01,2016,11,lat_menor_que_menos35,26100,18836.652421003902,-4995.691527962685,16553.751399934292,13304.140421912944,17451.68248953376
climatologia,A,2016-11-01,2016,11,lat_menos35_a_menos15,20880,30750.07933561065,4684.909832140373,16891.469115205284,27863.995361480513,18808.59412325443
climatologia,A,2016-11-01,2016,11,lat_maior_igual_menos15,31581,224007.6516402171,-3194.462303504348,51314.82395045459,220817.13508908852,31215.50842646724
climatologia,A,2016-12-01,2016,12,dominio_inteiro,78561,251740.61596121258,-21822.137190379377,91473.57720230584,239410.12827801862,67475.78503925544
climatologia,A,2016-12-01,2016,12,lat_menor_que_menos35,26100,22157.85465077391,-3716.236829444766,15972.235428020358,15554.352691394048,17451.68248953376
climatologia,A,2016-12-01,2016,12,lat_menos35_a_menos15,20880,44956.770782124295,11229.689416434441,21279.198397171393,40614.8492050237,18808.59412325443
climatologia,A,2016-12-01,2016,12,lat_maior_igual_menos15,31581,184625.99052831437,-29335.589777369052,54222.14337711409,183240.92638160085,31215.50842646724
controle_defasado,B,2017-01-01,2017,1,dominio_inteiro,78561,241947.17176402023,-1578.1049487042678,89024.15611360785,226971.60068450906,67475.78503925544
controle_defasado,B,2017-01-01,2017,1,lat_menor_que_menos35,26100,26757.998007200775,-9640.994332255283,17362.734700732122,18558.404601948114,17451.68248953376
controle_defasado,B,2017-01-01,2017,1,lat_menos35_a_menos15,20880,65099.0057578484,13485.899972946987,25526.43425635509,59272.3597598607,18808.59412325443
controle_defasado,B,2017-01-01,2017,1,lat_maior_igual_menos15,31581,150090.16799897104,-5423.010589395973,46134.98715652063,149140.83632270026,31215.50842646724
controle_defasado,B,2017-02-01,2017,2,dominio_inteiro,78561,285810.9716761311,-16548.780484121122,91336.44573545971,265608.10589805833,67475.78503925544
controle_defasado,B,2017-02-01,2017,2,lat_menor_que_menos35,26100,51905.00256117272,-9761.759518329758,24376.91756653008,37787.47098700631,17451.68248953376
controle_defasado,B,2017-02-01,2017,2,lat_menos35_a_menos15,20880,46910.55032961114,7192.496794129737,20341.723883428116,41894.70047454598,18808.59412325443
controle_defasado,B,2017-02-01,2017,2,lat_maior_igual_menos15,31581,186995.4187853473,-13979.517759921098,46617.804285501516,185925.93443650607,31215.50842646724
controle_defasado,B,2017-03-01,2017,3,dominio_inteiro,78561,230190.68764606124,-18735.406529544878,82162.04554652564,214252.0450767228,67475.78503925544
controle_defasado,B,2017-03-01,2017,3,lat_menor_que_menos35,26100,34690.15137512831,64.49537116012061,22209.622154243232,23227.703751320092,17451.68248953376
controle_defasado,B,2017-03-01,2017,3,lat_menos35_a_menos15,20880,36400.07965151395,-811.117178965691,18229.85662204926,32648.180607876053,18808.59412325443
controle_defasado,B,2017-03-01,2017,3,lat_maior_igual_menos15,31581,159100.45661941898,-17988.78472173931,41722.56677023313,158376.16071752668,31215.50842646724
controle_defasado,B,2017-04-01,2017,4,dominio_inteiro,78561,178148.3645344378,-93.33363117656268,79450.81459938326,160205.75810832233,67475.78503925544
controle_defasado,B,2017-04-01,2017,4,lat_menor_que_menos35,26100,44424.701176708375,-5536.281751955382,26464.43138452549,30443.92271526367,17451.68248953376
controle_defasado,B,2017-04-01,2017,4,lat_menos35_a_menos15,20880,31879.359858690455,-4012.1944292302305,16486.065803134803,28491.699735647115,18808.59412325443
controle_defasado,B,2017-04-01,2017,4,lat_maior_igual_menos15,31581,101844.30349903899,9455.14255000905,36500.31741172296,101270.13565741156,31215.50842646724
controle_defasado,B,2017-05-01,2017,5,dominio_inteiro,78561,265359.3166485098,-17257.596837274927,89651.68461872148,247226.03423341404,67475.78503925544
controle_defasado,B,2017-05-01,2017,5,lat_menor_que_menos35,26100,33989.56756278055,1231.1083215393564,21271.133774676295,24560.802596136597,17451.68248953376
controle_defasado,B,2017-05-01,2017,5,lat_menos35_a_menos15,20880,65808.84792682085,-12157.814921103036,22263.125487061257,58119.450167297604,18808.59412325443
controle_defasado,B,2017-05-01,2017,5,lat_maior_igual_menos15,31581,165560.90115890844,-6330.890237711249,46117.42535698394,164545.78146997982,31215.50842646724
controle_defasado,B,2017-06-01,2017,6,dominio_inteiro,78561,218316.4294739323,-16397.80313447181,75799.55661576526,207514.42181546715,67475.78503925544
controle_defasado,B,2017-06-01,2017,6,lat_menor_que_menos35,26100,26042.80283055164,-5884.054772145763,19002.4509465871,19191.03829981351,17451.68248953376
controle_defasado,B,2017-06-01,2017,6,lat_menos35_a_menos15,20880,20788.29105444336,4374.242847641321,13968.606331459538,17892.45313976603,18808.59412325443
controle_defasado,B,2017-06-01,2017,6,lat_maior_igual_menos15,31581,171485.3355889373,-14887.991209967367,42828.49933771862,170430.9303758876,31215.50842646724
controle_defasado,B,2017-07-01,2017,7,dominio_inteiro,78561,294951.5492607523,-1434.8904519676753,92579.47571328643,272642.07255513617,67475.78503925544
controle_defasado,B,2017-07-01,2017,7,lat_menor_que_menos35,26100,53491.97118469264,-3488.926019372685,26008.59050247366,37786.395102033945,17451.68248953376
controle_defasado,B,2017-07-01,2017,7,lat_menos35_a_menos15,20880,39744.9100438133,15854.697909245673,19290.463639952788,34534.951370181865,18808.59412325443
controle_defasado,B,2017-07-01,2017,7,lat_maior_igual_menos15,31581,201714.66803224632,-13800.662341840663,47280.421570859995,200320.7260829204,31215.50842646724
controle_defasado,B,2017-08-01,2017,8,dominio_inteiro,78561,147856.40672087765,117.65616693703214,66233.0553617031,131826.67357024123,67475.78503925544
controle_defasado,B,2017-08-01,2017,8,lat_menor_que_menos35,26100,45906.781294237895,-12288.174950626688,24020.208546542268,32810.27917359314,17451.68248953376
controle_defasado,B,2017-08-01,2017,8,lat_menos35_a_menos15,20880,16503.824230212012,-1566.1774758136748,11177.61243086518,14299.67829517814,18808.59412325443
controle_defasado,B,2017-08-01,2017,8,lat_maior_igual_menos15,31581,85445.80119642774,13972.008593377397,31035.23438429564,84716.71610146994,31215.50842646724
controle_defasado,B,2017-09-01,2017,9,dominio_inteiro,78561,228042.38070698915,1169.0773629221285,82128.18711687284,209919.52344115474,67475.78503925544
controle_defasado,B,2017-09-01,2017,9,lat_menor_que_menos35,26100,34401.11388177776,-6410.265272450457,20567.07934566046,23407.640378083637,17451.68248953376
controle_defasado,B,2017-09-01,2017,9,lat_menos35_a_menos15,20880,49381.273347499264,14270.818991877899,22026.82929478176,43644.898340121414,18808.59412325443
controle_defasado,B,2017-09-01,2017,9,lat_maior_igual_menos15,31581,144259.99347771212,-6691.476356505314,39534.27847643063,142866.98472294968,31215.50842646724
controle_defasado,B,2017-10-01,2017,10,dominio_inteiro,78561,253681.43636331128,-12150.505717245878,87846.6451202133,233974.7824581592,67475.78503925544
controle_defasado,B,2017-10-01,2017,10,lat_menor_que_menos35,26100,45740.171026886586,-15019.78851615654,22697.24167131628,32953.787856473005,17451.68248953376
controle_defasado,B,2017-10-01,2017,10,lat_menos35_a_menos15,20880,43900.91826951671,3350.3492666018515,20577.46880098623,39032.73624118726,18808.59412325443
controle_defasado,B,2017-10-01,2017,10,lat_maior_igual_menos15,31581,164040.34706690803,-481.0664676911879,44571.934647910806,161988.25836049893,31215.50842646724
controle_defasado,B,2017-11-01,2017,11,dominio_inteiro,78561,190242.1725013196,14703.864118656058,73756.59934814028,178183.22732663844,67475.78503925544
controle_defasado,B,2017-11-01,2017,11,lat_menor_que_menos35,26100,23659.89953438442,-5323.673110947878,16407.525788743733,17234.593507391375,17451.68248953376
controle_defasado,B,2017-11-01,2017,11,lat_menos35_a_menos15,20880,38873.402796221286,3037.5936465638715,19412.258129518534,34331.49172123169,18808.59412325443
controle_defasado,B,2017-11-01,2017,11,lat_maior_igual_menos15,31581,127708.8701707139,16989.94358304006,37936.81542987803,126617.14209801538,31215.50842646724
controle_defasado,B,2017-12-01,2017,12,dominio_inteiro,78561,246292.7032087809,-8049.969810504087,78956.43825528557,232142.04983890048,67475.78503925544
controle_defasado,B,2017-12-01,2017,12,lat_menor_que_menos35,26100,14843.592276422653,1549.6894905384288,13518.713260158165,10295.777624526167,17451.68248953376
controle_defasado,B,2017-12-01,2017,12,lat_menos35_a_menos15,20880,106184.93779794019,-3102.062667756046,27221.90631287174,97525.49714287106,18808.59412325443
controle_defasado,B,2017-12-01,2017,12,lat_maior_igual_menos15,31581,125264.17313441807,-6497.596633286471,38215.81868225565,124320.77507150325,31215.50842646724
controle_defasado,B,2018-01-01,2018,1,dominio_inteiro,78561,191979.01590516462,6710.674503678698,74650.62957649658,179947.352007918,67475.78503925544
controle_defasado,B,2018-01-01,2018,1,lat_menor_que_menos35,26100,21386.403205718158,-1711.6299337594003,16953.353886684003,14633.934933834931,17451.68248953376
controle_defasado,B,2018-01-01,2018,1,lat_menos35_a_menos15,20880,42372.42978898625,1260.0024257651817,18805.97321264264,38049.41810951564,18808.59412325443
controle_defasado,B,2018-01-01,2018,1,lat_maior_igual_menos15,31581,128220.18291046025,7162.302011672917,38891.302477169935,127263.99896456745,31215.50842646724
controle_defasado,B,2018-02-01,2018,2,dominio_inteiro,78561,448153.5811371636,-5488.698344605353,115769.99919009095,429737.28762652766,67475.78503925544
controle_defasado,B,2018-02-01,2018,2,lat_menor_que_menos35,26100,26984.88000318349,5497.065906681161,20789.307226951525,19181.628296263407,17451.68248953376
controle_defasado,B,2018-02-01,2018,2,lat_menos35_a_menos15,20880,101387.6027703475,-1221.8149247827505,30490.403942677796,92129.5298904955,18808.59412325443
controle_defasado,B,2018-02-01,2018,2,lat_maior_igual_menos15,31581,319781.09836363257,-9763.949326503764,64490.288020461616,318426.1294397688,31215.50842646724
controle_defasado,B,2018-03-01,2018,3,dominio_inteiro,78561,239096.50694181345,17895.364078479437,87779.92538309429,219106.90960278467,67475.78503925544
controle_defasado,B,2018-03-01,2018,3,lat_menor_que_menos35,26100,42287.05845934145,-11977.545211596605,22867.947746797756,29441.24331808038,17451.68248953376
controle_defasado,B,2018-03-01,2018,3,lat_menos35_a_menos15,20880,62073.260429470516,5299.585666111785,23525.19797885746,55416.93346097821,18808.59412325443
controle_defasado,B,2018-03-01,2018,3,lat_maior_igual_menos15,31581,134736.18805300145,24573.323623964254,41386.77965743907,134248.73282372614,31215.50842646724
controle_defasado,B,2018-04-01,2018,4,dominio_inteiro,78561,260502.1855080932,-10499.695416413986,85861.97330829367,245074.69468663554,67475.78503925544
controle_defasado,B,2018-04-01,2018,4,lat_menor_que_menos35,26100,36617.271345935726,-8837.268380258954,20792.2353765561,25703.664775089772,17451.68248953376
controle_defasado,B,2018-04-01,2018,4,lat_menos35_a_menos15,20880,37851.54935883051,13527.630505031162,19478.215494794873,33858.55726321449,18808.59412325443
controle_defasado,B,2018-04-01,2018,4,lat_maior_igual_menos15,31581,186033.36480332696,-15190.057541186192,45591.5224369427,185512.47264833128,31215.50842646724
controle_defasado,B,2018-05-01,2018,5,dominio_inteiro,78561,533779.687478226,-25568.82487781967,101805.9072494227,520618.9366549028,67475.78503925544
controle_defasado,B,2018-05-01,2018,5,lat_menor_que_menos35,26100,27939.66185194936,-5247.582500137475,18876.744431126415,20532.23651496093,17451.68248953376
controle_defasado,B,2018-05-01,2018,5,lat_menos35_a_menos15,20880,38662.492238857296,4338.723215043184,19023.220450594177,33814.02322210852,18808.59412325443
controle_defasado,B,2018-05-01,2018,5,lat_maior_igual_menos15,31581,467177.5333874194,-24659.965592725384,63905.94236770212,466272.67691783333,31215.50842646724
controle_defasado,B,2018-06-01,2018,6,dominio_inteiro,78561,221456.09798710622,8178.963961399824,73684.23203754857,213463.8888093064,67475.78503925544
controle_defasado,B,2018-06-01,2018,6,lat_menor_que_menos35,26100,19791.34717894511,-805.2930704701163,16328.157999631836,14176.768006018612,17451.68248953376
controle_defasado,B,2018-06-01,2018,6,lat_menos35_a_menos15,20880,11492.048286080671,7265.599368385536,11346.67736806486,10071.86447392906,18808.59412325443
controle_defasado,B,2018-06-01,2018,6,lat_maior_igual_menos15,31581,190172.70252208045,1718.657663484406,46009.39666985188,189215.25632935876,31215.50842646724
controle_defasado,B,2018-07-01,2018,7,dominio_inteiro,78561,151828.26060430214,8082.464526920389,65593.7231071679,140140.81542836974,67475.78503925544
controle_defasado,B,2018-07-01,2018,7,lat_menor_que_menos35,26100,28150.3425430039,6873.043816460292,18949.656276611375,20282.79965104413,17451.68248953376
controle_defasado,B,2018-07-01,2018,7,lat_menos35_a_menos15,20880,24733.29722386016,-2666.3090250606238,14235.180829002573,21517.899919014308,18808.59412325443
controle_defasado,B,2018-07-01,2018,7,lat_maior_igual_menos15,31581,98944.62083743808,3875.7297355207224,32408.88600155394,98340.11585831131,31215.50842646724
controle_defasado,B,2018-08-01,2018,8,dominio_inteiro,78561,163564.89277026252,5148.378549886133,65880.31253298878,151673.14052159563,67475.78503925544
controle_defasado,B,2018-08-01,2018,8,lat_menor_que_menos35,26100,26115.94227901654,2707.5161217466234,19875.903161359984,17928.552786648197,17451.68248953376
controle_defasado,B,2018-08-01,2018,8,lat_menos35_a_menos15,20880,27299.883069430492,-4610.42964229522,15340.078036313987,24482.48908267414,18808.59412325443
controle_defasado,B,2018-08-01,2018,8,lat_maior_igual_menos15,31581,110149.06742181549,7051.292070434729,30664.331335314822,109262.09865227331,31215.50842646724
controle_defasado,B,2018-09-01,2018,9,dominio_inteiro,78561,165443.8474768502,-6180.057739674893,70280.49161072209,150790.2938303422,67475.78503925544
controle_defasado,B,2018-09-01,2018,9,lat_menor_que_menos35,26100,37064.64458367063,-7428.3399360967405,21990.83669097082,26588.59844454874,17451.68248953376
controle_defasado,B,2018-09-01,2018,9,lat_menos35_a_menos15,20880,30783.337381707744,-3286.6589585998427,15214.932233493404,27398.209330571695,18808.59412325443
controle_defasado,B,2018-09-01,2018,9,lat_maior_igual_menos15,31581,97595.86551147181,4534.94115502169,33074.72268625787,96803.48605522177,31215.50842646724
controle_defasado,B,2018-10-01,2018,10,dominio_inteiro,78561,229816.77798289567,-3232.8889223136252,74453.71437656366,218507.4352328673,67475.78503925544
controle_defasado,B,2018-10-01,2018,10,lat_menor_que_menos35,26100,21631.593181114575,227.6852076626712,16567.142501434104,15259.533185955803,17451.68248953376
controle_defasado,B,2018-10-01,2018,10,lat_menos35_a_menos15,20880,32958.07631829598,-8577.521213662436,17160.624049743106,29518.60522301857,18808.59412325443
controle_defasado,B,2018-10-01,2018,10,lat_maior_igual_menos15,31581,175227.10848348512,5116.947083686137,40725.94782538645,173729.29682389292,31215.50842646724
controle_defasado,B,2018-11-01,2018,11,dominio_inteiro,78561,305594.9429194481,-30520.608885636822,91365.19484911443,293236.0045411632,67475.78503925544
controle_defasado,B,2018-11-01,2018,11,lat_menor_que_menos35,26100,24672.87161735849,-9050.909340318507,18164.966877055558,17770.52677785344,17451.68248953376
controle_defasado,B,2018-11-01,2018,11,lat_menos35_a_menos15,20880,46226.383919537606,129.7786608123797,19481.29848671591,42552.28671505209,18808.59412325443
controle_defasado,B,2018-11-01,2018,11,lat_maior_igual_menos15,31581,234695.68738255196,-21599.478206130694,53718.92948534296,232913.19104825766,31215.50842646724
controle_defasado,B,2018-12-01,2018,12,dominio_inteiro,78561,432616.5678504091,21890.18713888577,113250.50490874697,418983.8223378304,67475.78503925544
controle_defasado,B,2018-12-01,2018,12,lat_menor_que_menos35,26100,18845.837208540477,5850.365560615149,16980.55589341364,13276.534339922333,17451.68248953376
controle_defasado,B,2018-12-01,2018,12,lat_menos35_a_menos15,20880,69592.16295086316,14000.281723321394,26473.180200455998,63080.46615524484,18808.59412325443
controle_defasado,B,2018-12-01,2018,12,lat_maior_igual_menos15,31581,344178.5676910054,2039.5398549492256,69796.76881487733,342626.8218426632,31215.50842646724
sst_defasada,B,2017-01-01,2017,1,dominio_inteiro,78561,240398.84896596824,-4961.178414687418,87870.34276969485,225222.33755823557,67475.78503925544
sst_defasada,B,2017-01-01,2017,1,lat_menor_que_menos35,26100,27300.81535076529,-10036.916718535078,17565.321719691496,18896.773323805635,17451.68248953376
sst_defasada,B,2017-01-01,2017,1,lat_menos35_a_menos15,20880,65302.5339423417,13373.581830779229,25520.944250745728,59440.658712497854,18808.59412325443
sst_defasada,B,2017-01-01,2017,1,lat_maior_igual_menos15,31581,147795.49967286125,-8297.843526931569,44784.07679925763,146884.90552193206,31215.50842646724
sst_defasada,B,2017-02-01,2017,2,dominio_inteiro,78561,295322.20321695483,-22657.538377082037,91590.06501922365,274875.2786201502,67475.78503925544
sst_defasada,B,2017-02-01,2017,2,lat_menor_que_menos35,26100,53113.69896288522,-11367.010489157174,24549.969264288557,38683.16725696625,17451.68248953376
sst_defasada,B,2017-02-01,2017,2,lat_menos35_a_menos15,20880,46316.63545908989,6482.73966715696,20097.780908467605,41365.98465492009,18808.59412325443
sst_defasada,B,2017-02-01,2017,2,lat_maior_igual_menos15,31581,195891.86879497976,-17773.26755508182,46942.314846467474,194826.12670826382,31215.50842646724
sst_defasada,B,2017-03-01,2017,3,dominio_inteiro,78561,231199.21207598323,-18079.805957597706,82578.27041961096,215230.56305288218,67475.78503925544
sst_defasada,B,2017-03-01,2017,3,lat_menor_que_menos35,26100,35079.85744846509,258.4263701746472,22207.19550613227,23467.776437236094,17451.68248953376
sst_defasada,B,2017-03-01,2017,3,lat_menos35_a_menos15,20880,35562.94260979815,-230.14737695581744,17931.197280694574,31945.116902575377,18808.59412325443
sst_defasada,B,2017-03-01,2017,3,lat_maior_igual_menos15,31581,160556.41201772,-18108.084950816537,42439.87763278411,159817.6697130707,31215.50842646724
sst_defasada,B,2017-04-01,2017,4,dominio_inteiro,78561,181989.36478310215,726.5577257741813,80045.5660008848,163755.2937642078,67475.78503925544
sst_defasada,B,2017-04-01,2017,4,lat_menor_que_menos35,26100,45263.568441675976,-4968.713905686966,26787.93770876795,30979.508330214027,17451.68248953376
sst_defasada,B,2017-04-01,2017,4,lat_menos35_a_menos15,20880,31839.271821208902,-3885.1621799096993,16512.0117742806,28461.680380908256,18808.59412325443
sst_defasada,B,2017-04-01,2017,4,lat_maior_igual_menos15,31581,104886.52452021728,9580.433811370847,36745.61651783625,104314.1050530855,31215.50842646724
sst_defasada,B,2017-05-01,2017,5,dominio_inteiro,78561,264010.01354699384,-13369.165691795199,89846.23733675263,246119.74434641167,67475.78503925544
sst_defasada,B,2017-05-01,2017,5,lat_menor_que_menos35,26100,33200.10211033135,1197.4159868650577,21187.83568263954,24019.197903671455,17451.68248953376
sst_defasada,B,2017-05-01,2017,5,lat_menos35_a_menos15,20880,66261.66160063495,-11504.90546028173,22496.50330827479,58521.56521515093,18808.59412325443
sst_defasada,B,2017-05-01,2017,5,lat_maior_igual_menos15,31581,164548.2498360276,-3061.6762183785286,46161.89834583829,163578.98122758928,31215.50842646724
sst_defasada,B,2017-06-01,2017,6,dominio_inteiro,78561,220139.00266615403,-19218.269731674798,75975.39616898954,209212.027601947,67475.78503925544
sst_defasada,B,2017-06-01,2017,6,lat_menor_que_menos35,26100,26513.715336460642,-7193.78405139567,19252.333626673604,19498.546441575203,17451.68248953376
sst_defasada,B,2017-06-01,2017,6,lat_menos35_a_menos15,20880,20399.2020951009,3451.1445742976234,13872.173502865015,17562.97594329781,18808.59412325443
sst_defasada,B,2017-06-01,2017,6,lat_maior_igual_menos15,31581,173226.08523459246,-15475.630254576754,42850.88903945091,172150.50521707398,31215.50842646724
sst_defasada,B,2017-07-01,2017,7,dominio_inteiro,78561,299871.99202808895,-2794.912774791842,93233.63085684736,276897.1324007613,67475.78503925544
sst_defasada,B,2017-07-01,2017,7,lat_menor_que_menos35,26100,55326.5741822508,-3846.5810661113683,26357.276439884034,38978.664526839806,17451.68248953376
sst_defasada,B,2017-07-01,2017,7,lat_menos35_a_menos15,20880,39725.027243618046,15584.16249657556,19223.243195264848,34507.859846202984,18808.59412325443
sst_defasada,B,2017-07-01,2017,7,lat_maior_igual_menos15,31581,204820.39060222008,-14532.494205256033,47653.11122169848,203410.60802771852,31215.50842646724
sst_defasada,B,2017-08-01,2017,8,dominio_inteiro,78561,149232.48043088353,-1983.9835298597422,66336.29886824838,132217.03683822267,67475.78503925544
sst_defasada,B,2017-08-01,2017,8,lat_menor_que_menos35,26100,48890.09618877077,-12830.535351702021,24407.722452534268,34852.59922946059,17451.68248953376
sst_defasada,B,2017-08-01,2017,8,lat_menos35_a_menos15,20880,16975.680399916288,-2008.579629545464,11298.140952677506,14719.238694940628,18808.59412325443
sst_defasada,B,2017-08-01,2017,8,lat_maior_igual_menos15,31581,83366.70384219647,12855.131451387744,30630.435463036618,82645.19891382146,31215.50842646724
sst_defasada,B,2017-09-01,2017,9,dominio_inteiro,78561,234826.8291234489,-3908.793614500209,82939.4617717052,216447.79159466753,67475.78503925544
sst_defasada,B,2017-09-01,2017,9,lat_menor_que_menos35,26100,34923.11748214791,-7385.37717634515,20635.98142748668,23736.9001058743,17451.68248953376
sst_defasada,B,2017-09-01,2017,9,lat_menos35_a_menos15,20880,49457.09641968043,14032.43379739748,22081.481962045655,43727.11344576929,18808.59412325443
sst_defasada,B,2017-09-01,2017,9,lat_maior_igual_menos15,31581,150446.61522162057,-10555.850235552538,40221.99838217287,148983.77804302395,31215.50842646724
sst_defasada,B,2017-10-01,2017,10,dominio_inteiro,78561,252355.26085912858,-13875.506051229031,87714.93229630614,232454.66041101055,67475.78503925544
sst_defasada,B,2017-10-01,2017,10,lat_menor_que_menos35,26100,46380.07626951281,-15312.416723076418,22812.16521326052,33395.59324181464,17451.68248953376
sst_defasada,B,2017-10-01,2017,10,lat_menos35_a_menos15,20880,43630.96207949011,3060.8507406713484,20450.084222935275,38763.00459808389,18808.59412325443
sst_defasada,B,2017-10-01,2017,10,lat_maior_igual_menos15,31581,162344.2225101257,-1623.9400688239582,44452.68286011037,160296.062571112,31215.50842646724
sst_defasada,B,2017-11-01,2017,11,dominio_inteiro,78561,188285.39406605833,9442.356968207949,72989.20761520187,176090.98129924538,67475.78503925544
sst_defasada,B,2017-11-01,2017,11,lat_menor_que_menos35,26100,23935.001710857934,-5504.969235676274,16506.281172475396,17463.70836288126,17451.68248953376
sst_defasada,B,2017-11-01,2017,11,lat_menos35_a_menos15,20880,39113.49336991359,1137.38539808789,19408.19480599165,34452.47263022227,18808.59412325443
sst_defasada,B,2017-11-01,2017,11,lat_maior_igual_menos15,31581,125236.89898528683,13809.940805796332,37074.731636734825,124174.80030614189,31215.50842646724
sst_defasada,B,2017-12-01,2017,12,dominio_inteiro,78561,245750.290681809,-10656.670510091324,78686.70352656001,231857.38555177953,67475.78503925544
sst_defasada,B,2017-12-01,2017,12,lat_menor_que_menos35,26100,14243.065086271552,1222.4232733420681,13375.027491913495,9876.626718666685,17451.68248953376
sst_defasada,B,2017-12-01,2017,12,lat_menos35_a_menos15,20880,106171.87904215837,-4233.22696907847,27167.464413287933,97596.4432933263,18808.59412325443
sst_defasada,B,2017-12-01,2017,12,lat_maior_igual_menos15,31581,125335.3465533791,-7645.866814354924,38144.21162135858,124384.31553978655,31215.50842646724
sst_defasada,B,2018-01-01,2018,1,dominio_inteiro,78561,189662.40231650954,4401.7992410618845,74129.75791412542,177693.53148058403,67475.78503925544
sst_defasada,B,2018-01-01,2018,1,lat_menor_que_menos35,26100,21598.575534945525,-1822.4175243022084,17069.47174198693,14801.282584267647,17451.68248953376
sst_defasada,B,2018-01-01,2018,1,lat_menos35_a_menos15,20880,41539.54957338446,857.8406452439954,18736.554668621677,37304.92870507814,18808.59412325443
sst_defasada,B,2018-01-01,2018,1,lat_maior_igual_menos15,31581,126524.27720817957,5366.376120120098,38323.73150351683,125587.32019123824,31215.50842646724
sst_defasada,B,2018-02-01,2018,2,dominio_inteiro,78561,451116.3409098256,-5990.78564908145,116111.0931130668,432701.5282632778,67475.78503925544
sst_defasada,B,2018-02-01,2018,2,lat_menor_que_menos35,26100,26984.071851672084,5668.6644440591745,20805.780199357556,19191.75865070554,17451.68248953376
sst_defasada,B,2018-02-01,2018,2,lat_menos35_a_menos15,20880,101644.24505349118,-1207.6123287317432,30514.95588534056,92409.1686668203,18808.59412325443
sst_defasada,B,2018-02-01,2018,2,lat_maior_igual_menos15,31581,322488.02400466223,-10451.83776440888,64790.35702836867,321100.6009457519,31215.50842646724
sst_defasada,B,2018-03-01,2018,3,dominio_inteiro,78561,238602.82591008098,17512.117801782642,87526.10827401304,218710.11466253962,67475.78503925544
sst_defasada,B,2018-03-01,2018,3,lat_menor_que_menos35,26100,42013.58143533917,-12269.202111797598,22782.367130181734,29241.346444226972,17451.68248953376
sst_defasada,B,2018-03-01,2018,3,lat_menos35_a_menos15,20880,62091.8809867603,4824.554481051277,23461.506567472403,55455.311074937585,18808.59412325443
sst_defasada,B,2018-03-01,2018,3,lat_maior_igual_menos15,31581,134497.3634879815,24956.76543252896,41282.234576358904,134013.45714337507,31215.50842646724
sst_defasada,B,2018-04-01,2018,4,dominio_inteiro,78561,256287.7447578454,-6192.783740392576,85767.98126537561,241257.37870778743,67475.78503925544
sst_defasada,B,2018-04-01,2018,4,lat_menor_que_menos35,26100,34970.67604376584,-7758.193215661472,20655.71914439541,24607.54545953387,17451.68248953376
sst_defasada,B,2018-04-01,2018,4,lat_menos35_a_menos15,20880,39260.90258648616,14014.037328232733,19828.440046570195,35104.301608064045,18808.59412325443
sst_defasada,B,2018-04-01,2018,4,lat_maior_igual_menos15,31581,182056.16612759337,-12448.627852963835,45283.822074409996,181545.5316401895,31215.50842646724
sst_defasada,B,2018-05-01,2018,5,dominio_inteiro,78561,506585.1219438339,-19569.138098784937,100649.3706668275,493424.1223888814,67475.78503925544
sst_defasada,B,2018-05-01,2018,5,lat_menor_que_menos35,26100,27744.703970197344,-4723.448874458757,18858.089087324857,20355.24669056187,17451.68248953376
sst_defasada,B,2018-05-01,2018,5,lat_menos35_a_menos15,20880,38773.50324714525,4346.040543314699,19005.705041063848,33913.316012405965,18808.59412325443
sst_defasada,B,2018-05-01,2018,5,lat_maior_igual_menos15,31581,440066.9147264913,-19191.729767640878,62785.57653843881,439155.5596859137,31215.50842646724
sst_defasada,B,2018-06-01,2018,6,dominio_inteiro,78561,204946.73842412783,12574.935894053657,72370.16733209713,196959.5996431846,67475.78503925544
sst_defasada,B,2018-06-01,2018,6,lat_menor_que_menos35,26100,20076.632927605988,-28.71864581214561,16595.278743420287,14357.209509560002,17451.68248953376
sst_defasada,B,2018-06-01,2018,6,lat_menos35_a_menos15,20880,11324.20795152901,7115.733654096899,11199.05439377383,9919.448950831562,18808.59412325443
sst_defasada,B,2018-06-01,2018,6,lat_maior_igual_menos15,31581,173545.89754499283,5487.920885768905,44575.83419490301,172682.94118279306,31215.50842646724
sst_defasada,B,2018-07-01,2018,7,dominio_inteiro,78561,150230.5039526028,8540.930045753528,65412.485691947,138617.95525735192,67475.78503925544
sst_defasada,B,2018-07-01,2018,7,lat_menor_que_menos35,26100,28002.65209735606,6452.407831398766,18866.97044053042,20202.00531207124,17451.68248953376
sst_defasada,B,2018-07-01,2018,7,lat_menos35_a_menos15,20880,24662.066378068754,-2658.34843494115,14192.743311320704,21455.000088151777,18808.59412325443
sst_defasada,B,2018-07-01,2018,7,lat_maior_igual_menos15,31581,97565.78547717794,4746.870649295913,32352.771940095867,96960.94985712892,31215.50842646724
sst_defasada,B,2018-08-01,2018,8,dominio_inteiro,78561,168634.2961774314,6979.7898476325445,66723.03816888746,156500.42747511386,67475.78503925544
sst_defasada,B,2018-08-01,2018,8,lat_menor_que_menos35,26100,26623.00400146014,2985.4762447454273,20248.507799420444,18271.226372878464,17451.68248953376
sst_defasada,B,2018-08-01,2018,8,lat_menos35_a_menos15,20880,27889.967901509113,-5145.293375956581,15466.264912554474,25011.719852778886,18808.59412325443
sst_defasada,B,2018-08-01,2018,8,lat_maior_igual_menos15,31581,114121.32427446214,9139.606978843696,31008.26545691254,113217.48124945653,31215.50842646724
sst_defasada,B,2018-09-01,2018,9,dominio_inteiro,78561,169876.46656881226,-3653.246654247713,71115.25392042521,155048.38336518966,67475.78503925544
sst_defasada,B,2018-09-01,2018,9,lat_menor_que_menos35,26100,37676.76411613303,-7592.915993404163,22186.25258467859,27053.34655816788,17451.68248953376
sst_defasada,B,2018-09-01,2018,9,lat_menos35_a_menos15,20880,30674.845784083765,-2908.3785831829855,15185.689428032709,27296.240460670415,18808.59412325443
sst_defasada,B,2018-09-01,2018,9,lat_maior_igual_menos15,31581,101524.85666859543,6848.047922339435,33743.31190771391,100698.79634635139,31215.50842646724
sst_defasada,B,2018-10-01,2018,10,dominio_inteiro,78561,233249.7511237846,-1156.2784736571175,74874.24203962754,221855.63499413224,67475.78503925544
sst_defasada,B,2018-10-01,2018,10,lat_menor_que_menos35,26100,22030.78914632045,109.17437268936575,16621.171140127,15504.445097149659,17451.68248953376
sst_defasada,B,2018-10-01,2018,10,lat_menos35_a_menos15,20880,32325.563215364324,-8304.703712491972,16944.002915873953,28959.16653857303,18808.59412325443
sst_defasada,B,2018-10-01,2018,10,lat_maior_igual_menos15,31581,178893.3987620998,7039.250866145486,41309.06798362658,177392.02335840953,31215.50842646724
sst_defasada,B,2018-11-01,2018,11,dominio_inteiro,78561,312810.1415614928,-28994.201077920945,92893.64541312265,300240.71863865026,67475.78503925544
sst_defasada,B,2018-11-01,2018,11,lat_menor_que_menos35,26100,24847.66468945061,-9299.620299104816,18211.96411646615,17901.612279028468,17451.68248953376
sst_defasada,B,2018-11-01,2018,11,lat_menos35_a_menos15,20880,47627.46480595287,340.35702636176666,19841.00048914942,43852.97653242712,18808.59412325443
sst_defasada,B,2018-11-01,2018,11,lat_maior_igual_menos15,31581,240335.01206608934,-20034.937805177895,54840.68080750707,238486.12982719467,31215.50842646724
sst_defasada,B,2018-12-01,2018,12,dominio_inteiro,78561,438049.20575725345,21695.296029175486,113817.12372663539,424239.78098922025,67475.78503925544
sst_defasada,B,2018-12-01,2018,12,lat_menor_que_menos35,26100,19486.492725892313,5644.051873819617,17154.160180442053,13758.93352809768,17451.68248953376
sst_defasada,B,2018-12-01,2018,12,lat_menos35_a_menos15,20880,69335.99495414566,13440.447768535254,26321.513657178977,62838.59359878794,18808.59412325443
sst_defasada,B,2018-12-01,2018,12,lat_maior_igual_menos15,31581,349226.7180772155,2610.796386820615,70341.44988901433,347642.25386233465,31215.50842646724
climatologia,B,2017-01-01,2017,1,dominio_inteiro,78561,265153.86003862426,-11815.83213771705,92527.29926201876,248961.199792326,67475.78503925544
climatologia,B,2017-01-01,2017,1,lat_menor_que_menos35,26100,28874.531920237725,-9488.122841708362,17428.369055338204,19932.711210133664,17451.68248953376
climatologia,B,2017-01-01,2017,1,lat_menos35_a_menos15,20880,69766.07171788395,14042.209896327811,26341.994990358013,63492.15115488792,18808.59412325443
climatologia,B,2017-01-01,2017,1,lat_maior_igual_menos15,31581,166513.25640050258,-16369.9191923365,48756.93521632254,165536.33742730442,31215.50842646724
climatologia,B,2017-02-01,2017,2,dominio_inteiro,78561,352381.35063382523,-27246.10316254024,99125.5923201096,332142.90027211234,67475.78503925544
climatologia,B,2017-02-01,2017,2,lat_menor_que_menos35,26100,52455.413288914686,-9765.776393309236,24744.541235163808,38094.63752391028,17451.68248953376
climatologia,B,2017-02-01,2017,2,lat_menos35_a_menos15,20880,44739.93538900235,7808.395015144604,20195.92323655903,39983.018574456,18808.59412325443
climatologia,B,2017-02-01,2017,2,lat_maior_igual_menos15,31581,255186.00195590823,-25288.721784375608,54185.127848386765,254065.244173746,31215.50842646724
climatologia,B,2017-03-01,2017,3,dominio_inteiro,78561,295488.1692790766,-25739.46726258844,90566.17850663513,278755.86150793557,67475.78503925544
climatologia,B,2017-03-01,2017,3,lat_menor_que_menos35,26100,36456.44340417866,533.5766760408878,22617.617451161146,24340.980425729318,17451.68248953376
climatologia,B,2017-03-01,2017,3,lat_menos35_a_menos15,20880,37504.61197976896,-221.27673146501184,18330.727984216064,33893.083634744755,18808.59412325443
climatologia,B,2017-03-01,2017,3,lat_maior_igual_menos15,31581,221527.11389512903,-26051.767207164317,49617.83307125792,220521.79744746146,31215.50842646724
climatologia,B,2017-04-01,2017,4,dominio_inteiro,78561,171289.97997201423,-2017.9720057258382,77723.51284177229,153108.2376115548,67475.78503925544
climatologia,B,2017-04-01,2017,4,lat_menor_que_menos35,26100,45145.637586652425,-4480.020628601313,26570.534740000963,30914.67220634873,17451.68248953376
climatologia,B,2017-04-01,2017,4,lat_menos35_a_menos15,20880,32259.77823081058,-4016.509031219408,16619.217527656816,28878.075301882203,18808.59412325443
climatologia,B,2017-04-01,2017,4,lat_maior_igual_menos15,31581,93884.56415455126,6478.557654094882,34533.76057411451,93315.49010332387,31215.50842646724
climatologia,B,2017-05-01,2017,5,dominio_inteiro,78561,246902.3459844724,-14694.863255612552,86897.58603209257,229318.80285406092,67475.78503925544
climatologia,B,2017-05-01,2017,5,lat_menor_que_menos35,26100,34522.678794003616,486.4438464641571,21290.25344133377,24936.29388534369,17451.68248953376
climatologia,B,2017-05-01,2017,5,lat_menos35_a_menos15,20880,60799.69863078571,-10892.941920403391,21937.208039961755,53693.742822486485,18808.59412325443
climatologia,B,2017-05-01,2017,5,lat_maior_igual_menos15,31581,151579.9685596831,-4288.365181673318,43670.124550797045,150688.76614623074,31215.50842646724
climatologia,B,2017-06-01,2017,6,dominio_inteiro,78561,218008.96772811172,-19143.41622293042,75416.0427167411,206987.07183898354,67475.78503925544
climatologia,B,2017-06-01,2017,6,lat_menor_que_menos35,26100,26420.532014547,-8288.25672006607,19206.098320961,19369.651169443892,17451.68248953376
climatologia,B,2017-06-01,2017,6,lat_menos35_a_menos15,20880,20382.823999967928,2826.3931277561933,13950.03456860967,17550.590838003794,18808.59412325443
climatologia,B,2017-06-01,2017,6,lat_maior_igual_menos15,31581,171205.61171359677,-13681.552630620543,42259.90982717043,170066.82983153584,31215.50842646724
climatologia,B,2017-07-01,2017,7,dominio_inteiro,78561,341200.96849592746,-4610.852165881544,99673.39693460241,315846.117061214,67475.78503925544
climatologia,B,2017-07-01,2017,7,lat_menor_que_menos35,26100,59149.60264439894,-4594.132374346256,27454.390453398228,41412.41568946236,17451.68248953376
climatologia,B,2017-07-01,2017,7,lat_menos35_a_menos15,20880,46755.86875348284,17489.196147273295,21063.865538763814,40716.86167693624,18808.59412325443
climatologia,B,2017-07-01,2017,7,lat_maior_igual_menos15,31581,235295.49709804563,-17505.915938808583,51155.14094244037,233716.83969481543,31215.50842646724
climatologia,B,2017-08-01,2017,8,dominio_inteiro,78561,152969.04679236567,-4626.983887849608,67185.81749581802,134065.66227697962,67475.78503925544
climatologia,B,2017-08-01,2017,8,lat_menor_que_menos35,26100,54757.91137818964,-15034.492233514786,24971.14463043213,38963.73747987684,17451.68248953376
climatologia,B,2017-08-01,2017,8,lat_menos35_a_menos15,20880,17978.872961728513,-1882.032593972981,11640.909896172583,15566.578397500602,18808.59412325443
climatologia,B,2017-08-01,2017,8,lat_maior_igual_menos15,31581,80232.26245244751,12289.540939638158,30573.762969213305,79535.34639960219,31215.50842646724
climatologia,B,2017-09-01,2017,9,dominio_inteiro,78561,252545.21277728747,-5324.051452637184,85957.01602147426,232550.38762781568,67475.78503925544
climatologia,B,2017-09-01,2017,9,lat_menor_que_menos35,26100,37744.43133929741,-8551.46613496542,21157.194396436214,25604.006490760225,17451.68248953376
climatologia,B,2017-09-01,2017,9,lat_menos35_a_menos15,20880,54327.51965205774,15584.723145144992,23265.843319722917,48039.565994726465,18808.59412325443
climatologia,B,2017-09-01,2017,9,lat_maior_igual_menos15,31581,160473.26178593232,-12357.308462816756,41533.97830531513,158906.815142329,31215.50842646724
climatologia,B,2017-10-01,2017,10,dominio_inteiro,78561,265866.13231473503,-15579.200049057108,90514.82907317209,245018.29786389304,67475.78503925544
climatologia,B,2017-10-01,2017,10,lat_menor_que_menos35,26100,48882.77920475682,-16646.813583433628,23536.555596232414,35104.10000092781,17451.68248953376
climatologia,B,2017-10-01,2017,10,lat_menos35_a_menos15,20880,44464.99337654595,4032.5508708735288,20932.475830528914,39567.3509125968,18808.59412325443
climatologia,B,2017-10-01,2017,10,lat_maior_igual_menos15,31581,172518.35973343224,-2964.937336497009,46045.79764641076,170346.84695036843,31215.50842646724
climatologia,B,2017-11-01,2017,11,dominio_inteiro,78561,200380.43315702977,8243.649848244473,75552.93644370415,187045.79649113133,67475.78503925544
climatologia,B,2017-11-01,2017,11,lat_menor_que_menos35,26100,27053.84492284164,-5104.824485480785,17397.603453457355,19690.13407908449,17451.68248953376
climatologia,B,2017-11-01,2017,11,lat_menos35_a_menos15,20880,40040.2518488457,403.45471298819757,19445.76802837939,35151.00538625153,18808.59412325443
climatologia,B,2017-11-01,2017,11,lat_maior_igual_menos15,31581,133286.33638534247,12945.01962073706,38709.56496186741,132204.65702579528,31215.50842646724
climatologia,B,2017-12-01,2017,12,dominio_inteiro,78561,252532.70872569922,-9728.722707695793,79698.78685329948,238495.11094597346,67475.78503925544
climatologia,B,2017-12-01,2017,12,lat_menor_que_menos35,26100,13972.46637708923,796.7333087474108,13423.49569453299,9670.089338687663,17451.68248953376
climatologia,B,2017-12-01,2017,12,lat_menos35_a_menos15,20880,107896.99549628732,-3349.3873431230895,27508.992858455516,99127.28426647227,18808.59412325443
climatologia,B,2017-12-01,2017,12,lat_maior_igual_menos15,31581,130663.24685232269,-7176.068673320115,38766.29830031097,129697.7373408135,31215.50842646724
climatologia,B,2018-01-01,2018,1,dominio_inteiro,78561,207901.64231984114,-2381.915092123789,78143.9618286899,195195.31750364092,67475.78503925544
climatologia,B,2018-01-01,2018,1,lat_menor_que_menos35,26100,22998.811355023856,-2990.9199684783816,17396.052200950682,15774.310213974046,17451.68248953376
climatologia,B,2018-01-01,2018,1,lat_menos35_a_menos15,20880,44596.61280258888,556.0353128927527,19706.959826517734,40234.785833308764,18808.59412325443
climatologia,B,2018-01-01,2018,1,lat_maior_igual_menos15,31581,140306.2181622284,52.96956346184015,41040.94980122149,139186.2214563581,31215.50842646724
climatologia,B,2018-02-01,2018,2,dominio_inteiro,78561,409152.5196886454,-10002.737874759478,110011.22340769891,391865.75151912693,67475.78503925544
climatologia,B,2018-02-01,2018,2,lat_menor_que_menos35,26100,26286.875455185826,4522.032978639007,20467.22005482018,18626.863006719046,17451.68248953376
climatologia,B,2018-02-01,2018,2,lat_menos35_a_menos15,20880,91106.92172040703,52.10076465632301,29461.260044975323,82610.56931220816,18808.59412325443
climatologia,B,2018-02-01,2018,2,lat_maior_igual_menos15,31581,291758.72251305246,-14576.871618054807,60082.74330790341,290628.31920019974,31215.50842646724
climatologia,B,2018-03-01,2018,3,dominio_inteiro,78561,224225.54644120566,16564.384818710387,86631.42034820467,202871.49184462632,67475.78503925544
climatologia,B,2018-03-01,2018,3,lat_menor_que_menos35,26100,45528.576224869685,-13007.246306747198,23778.297769099474,31490.989215694965,17451.68248953376
climatologia,B,2018-03-01,2018,3,lat_menos35_a_menos15,20880,63162.72896151083,5466.683893229812,23835.664335723966,56314.483563867085,18808.59412325443
climatologia,B,2018-03-01,2018,3,lat_maior_igual_menos15,31581,115534.24125482512,24104.947232227772,39017.45824338123,115066.01906506429,31215.50842646724
climatologia,B,2018-04-01,2018,4,dominio_inteiro,78561,292187.6166449332,-5372.469915271737,91821.85548223276,275149.68697543617,67475.78503925544
climatologia,B,2018-04-01,2018,4,lat_menor_que_menos35,26100,37623.94087284049,-8080.473051697016,21447.839502424,26323.96419570089,17451.68248953376
climatologia,B,2018-04-01,2018,4,lat_menos35_a_menos15,20880,47984.34300619953,15541.070009307936,21303.889044232666,42766.92070990237,18808.59412325443
climatologia,B,2018-04-01,2018,4,lat_maior_igual_menos15,31581,206579.33276589317,-12833.066872882657,49070.12693557609,206058.8020698329,31215.50842646724
climatologia,B,2018-05-01,2018,5,dominio_inteiro,78561,549095.7939787448,-20850.323613278568,105341.94690451212,535803.9513680092,67475.78503925544
climatologia,B,2018-05-01,2018,5,lat_menor_que_menos35,26100,27956.088112991816,-5540.432603120804,18931.63858151436,20509.018305681933,17451.68248953376
climatologia,B,2018-05-01,2018,5,lat_menos35_a_menos15,20880,38551.59516535451,4577.620060797781,19029.703769709915,33692.73526072831,18808.59412325443
climatologia,B,2018-05-01,2018,5,lat_maior_igual_menos15,31581,482588.1107003984,-19887.511070955545,67380.60455328785,481602.19780159905,31215.50842646724
climatologia,B,2018-06-01,2018,6,dominio_inteiro,78561,211435.19103281788,13623.21204245044,73244.69010648923,202937.45748809178,67475.78503925544
climatologia,B,2018-06-01,2018,6,lat_menor_que_menos35,26100,21339.63373299547,-254.67594003677368,16857.436897039413,15315.247487994584,17451.68248953376
climatologia,B,2018-06-01,2018,6,lat_menos35_a_menos15,20880,11685.685247578964,7532.646179514006,11344.216291246936,10240.47585443877,18808.59412325443
climatologia,B,2018-06-01,2018,6,lat_maior_igual_menos15,31581,178409.87205224342,6345.241802973207,45043.03691820288,177381.7341456584,31215.50842646724
climatologia,B,2018-07-01,2018,7,dominio_inteiro,78561,173863.7755279609,14978.575782116503,71470.13307909109,160556.78408496766,67475.78503925544
climatologia,B,2018-07-01,2018,7,lat_menor_que_menos35,26100,32998.022048839215,6724.070598065853,19975.29981559515,23965.06198201216,17451.68248953376
climatologia,B,2018-07-01,2018,7,lat_menos35_a_menos15,20880,25815.052701854496,-1592.7301985519007,14674.612816835754,22516.243021368893,18808.59412325443
climatologia,B,2018-07-01,2018,7,lat_maior_igual_menos15,31581,115050.70077726721,9847.23538260255,36820.22044666018,114075.47908158659,31215.50842646724
climatologia,B,2018-08-01,2018,8,dominio_inteiro,78561,191073.83063440997,7720.256560148438,72034.56551479199,177954.14440592934,67475.78503925544
climatologia,B,2018-08-01,2018,8,lat_menor_que_menos35,26100,27993.095065988313,543.3867185115814,20163.129323005676,19074.403912930225,17451.68248953376
climatologia,B,2018-08-01,2018,8,lat_menos35_a_menos15,20880,28424.74023186667,-5315.3154461458325,15624.85904490389,25488.22220843537,18808.59412325443
climatologia,B,2018-08-01,2018,8,lat_maior_igual_menos15,31581,134655.99533655497,12492.18528778269,36246.577146882424,133391.51828456373,31215.50842646724
climatologia,B,2018-09-01,2018,9,dominio_inteiro,78561,172694.52392458197,-9109.146667480934,71048.90913102916,157115.23209824745,67475.78503925544
climatologia,B,2018-09-01,2018,9,lat_menor_que_menos35,26100,39717.6882461183,-9691.652444779873,22839.68607646227,28333.459092542158,17451.68248953376
climatologia,B,2018-09-01,2018,9,lat_menos35_a_menos15,20880,29848.30904793858,-3273.589461666532,14993.980787877925,26564.180362081264,18808.59412325443
climatologia,B,2018-09-01,2018,9,lat_maior_igual_menos15,31581,103128.52663052511,3856.0952389654703,33215.24226668896,102217.59264362403,31215.50842646724
climatologia,B,2018-10-01,2018,10,dominio_inteiro,78561,213796.95990595227,-7756.746550216776,72761.17109129947,203071.7324665811,67475.78503925544
climatologia,B,2018-10-01,2018,10,lat_menor_que_menos35,26100,20457.522777849066,-1424.07722479105,16071.670528948307,14550.047832236885,17451.68248953376
climatologia,B,2018-10-01,2018,10,lat_menos35_a_menos15,20880,34463.36792023055,-8666.476190588874,17536.215965915442,30979.296598524463,18808.59412325443
climatologia,B,2018-10-01,2018,10,lat_maior_igual_menos15,31581,158876.06920787267,2333.8068651631474,39153.284596435726,157542.38803581978,31215.50842646724
climatologia,B,2018-11-01,2018,11,dominio_inteiro,78561,346397.4397987085,-31739.475838401035,97858.07483000154,333059.88233969884,67475.78503925544
climatologia,B,2018-11-01,2018,11,lat_menor_que_menos35,26100,26110.61577953532,-10252.127113044262,18551.67908102274,18811.456732303755,17451.68248953376
climatologia,B,2018-11-01,2018,11,lat_menos35_a_menos15,20880,50305.68859209127,512.3414317381976,20510.037677653454,46308.732853040274,18808.59412325443
climatologia,B,2018-11-01,2018,11,lat_maior_igual_menos15,31581,269981.13542708184,-21999.69015709497,58796.35807132535,267939.6927543548,31215.50842646724
climatologia,B,2018-12-01,2018,12,dominio_inteiro,78561,479099.7412714694,16489.449365668464,118593.53882366722,464919.82290487667,67475.78503925544
climatologia,B,2018-12-01,2018,12,lat_menor_que_menos35,26100,18816.770598785406,4397.475648835301,16866.606430068612,13213.34536623293,17451.68248953376
climatologia,B,2018-12-01,2018,12,lat_menos35_a_menos15,20880,72383.67653040896,13507.056062028278,26890.70870902692,65560.18674735,18808.59412325443
climatologia,B,2018-12-01,2018,12,lat_maior_igual_menos15,31581,387899.29414227494,-1415.0823451951146,74836.22368457168,386146.2907912937,31215.50842646724
controle_defasado,C,2019-01-01,2019,1,dominio_inteiro,78561,305527.424472293,20637.29276329605,91849.6664797912,285628.03164088656,67475.78503925544
controle_defasado,C,2019-01-01,2019,1,lat_menor_que_menos35,26100,14491.45141902028,-2785.197181173273,13957.2942695575,10299.615880669564,17451.68248953376
controle_defasado,C,2019-01-01,2019,1,lat_menos35_a_menos15,20880,152815.46696964375,15305.79550192257,36169.12292823992,138237.82316296856,18808.59412325443
controle_defasado,C,2019-01-01,2019,1,lat_maior_igual_menos15,31581,138220.506083629,8116.694442546748,41723.249281993776,137090.59259724844,31215.50842646724
controle_defasado,C,2019-02-01,2019,2,dominio_inteiro,78561,196049.29102673833,11586.95865008859,76431.57896763817,183892.42787763604,67475.78503925544
controle_defasado,C,2019-02-01,2019,2,lat_menor_que_menos35,26100,22285.5252910379,3265.3422831089815,18072.7825650587,15702.2178258068,17451.68248953376
controle_defasado,C,2019-02-01,2019,2,lat_menos35_a_menos15,20880,48193.55931423087,3350.1822609831943,20889.73996186828,43195.02464599945,18808.59412325443
controle_defasado,C,2019-02-01,2019,2,lat_maior_igual_menos15,31581,125570.20642146953,4971.434105996413,37469.05644071119,124995.18540582982,31215.50842646724
controle_defasado,C,2019-03-01,2019,3,dominio_inteiro,78561,242935.0277748423,13105.44338357593,83958.70259482725,232852.48182619704,67475.78503925544
controle_defasado,C,2019-03-01,2019,3,lat_menor_que_menos35,26100,16582.686771522756,5000.425071933133,15752.427137942464,12080.88380986413,17451.68248953376
controle_defasado,C,2019-03-01,2019,3,lat_menos35_a_menos15,20880,58974.713405715636,-333.7442281741162,22885.31809973428,54021.11100912736,18808.59412325443
controle_defasado,C,2019-03-01,2019,3,lat_maior_igual_menos15,31581,167377.62759760392,8438.762539816915,45320.95735715051,166750.48700720555,31215.50842646724
controle_defasado,C,2019-04-01,2019,4,dominio_inteiro,78561,243351.7548442327,-4250.70707369427,79529.95221066364,230632.3582836526,67475.78503925544
controle_defasado,C,2019-04-01,2019,4,lat_menor_que_menos35,26100,24332.405104451347,4789.496192541841,19086.992254159995,17675.023785256722,17451.68248953376
controle_defasado,C,2019-04-01,2019,4,lat_menos35_a_menos15,20880,47540.30381682524,-3180.2413607387793,19934.131167930875,41931.69337436039,18808.59412325443
controle_defasado,C,2019-04-01,2019,4,lat_maior_igual_menos15,31581,171479.04592295605,-5859.961905497332,40508.82878857276,171025.64112403552,31215.50842646724
controle_defasado,C,2019-05-01,2019,5,dominio_inteiro,78561,271564.7990988635,-994.546184271012,84755.33728044937,261139.3615648005,67475.78503925544
controle_defasado,C,2019-05-01,2019,5,lat_menor_que_menos35,26100,15691.68583628834,117.5609733308236,14786.895819346695,10895.895662545341,17451.68248953376
controle_defasado,C,2019-05-01,2019,5,lat_menos35_a_menos15,20880,39661.040639879495,-5190.472694273971,17455.831506074705,35553.37335063245,18808.59412325443
controle_defasado,C,2019-05-01,2019,5,lat_maior_igual_menos15,31581,216212.0726226957,4078.365536672133,52512.609955027976,214690.09255162266,31215.50842646724
controle_defasado,C,2019-06-01,2019,6,dominio_inteiro,78561,248401.60953884848,4800.824122758822,75333.33070105372,236722.90881930484,67475.78503925544
controle_defasado,C,2019-06-01,2019,6,lat_menor_que_menos35,26100,21148.72107561997,-6404.4431835615405,16037.913419846724,15585.702650027226,17451.68248953376
controle_defasado,C,2019-06-01,2019,6,lat_menos35_a_menos15,20880,38730.35934001242,10377.50388843124,17819.78542447277,33541.33447187407,18808.59412325443
controle_defasado,C,2019-06-01,2019,6,lat_maior_igual_menos15,31581,188522.5291232161,827.7634178891226,41475.63185673421,187595.87169740355,31215.50842646724
controle_defasado,C,2019-07-01,2019,7,dominio_inteiro,78561,178932.79951629016,9677.827313657974,65785.85962739558,169603.54948668752,67475.78503925544
controle_defasado,C,2019-07-01,2019,7,lat_menor_que_menos35,26100,19828.022457593797,-569.0100420884175,16073.224668038823,14320.772528445785,17451.68248953376
controle_defasado,C,2019-07-01,2019,7,lat_menos35_a_menos15,20880,22426.07339787508,5056.829761822079,13897.444531416575,19597.75532172893,18808.59412325443
controle_defasado,C,2019-07-01,2019,7,lat_maior_igual_menos15,31581,136678.70366082125,5190.007593924312,35815.19042794018,135685.02163651277,31215.50842646724
controle_defasado,C,2019-08-01,2019,8,dominio_inteiro,78561,171308.01070478276,28167.196604578,66233.37559141824,162002.5399634442,67475.78503925544
controle_defasado,C,2019-08-01,2019,8,lat_menor_que_menos35,26100,21629.575460494176,5132.813006180798,17084.491977598118,15754.335617217803,17451.68248953376
controle_defasado,C,2019-08-01,2019,8,lat_menos35_a_menos15,20880,19209.559476120245,10023.196969892642,13990.881035022634,16852.57320236224,18808.59412325443
controle_defasado,C,2019-08-01,2019,8,lat_maior_igual_menos15,31581,130468.87576816833,13011.186628504558,35158.00257879749,129395.63114386413,31215.50842646724
controle_defasado,C,2019-09-01,2019,9,dominio_inteiro,78561,158945.1515172635,4481.348692194959,66792.65241091602,148755.5584961497,67475.78503925544
controle_defasado,C,2019-09-01,2019,9,lat_menor_que_menos35,26100,22211.737528601596,-1034.0094288270543,17057.326084570963,16374.757851348553,17451.68248953376
controle_defasado,C,2019-09-01,2019,9,lat_menos35_a_menos15,20880,24999.546184687257,4289.496764063412,14919.720309254912,21950.535003855133,18808.59412325443
controle_defasado,C,2019-09-01,2019,9,lat_maior_igual_menos15,31581,111733.86780397466,1225.8613569586005,34815.60601709016,110430.265640946,31215.50842646724
controle_defasado,C,2019-10-01,2019,10,dominio_inteiro,78561,180010.30436482935,21655.09996088866,71912.95485931632,169849.43855233787,67475.78503925544
controle_defasado,C,2019-10-01,2019,10,lat_menor_que_menos35,26100,13467.046189688854,5529.8138372551875,12661.53022818226,9435.501967064436,17451.68248953376
controle_defasado,C,2019-10-01,2019,10,lat_menos35_a_menos15,20880,46889.706678054004,12126.532557193916,20751.180152738845,41837.82430458284,18808.59412325443
controle_defasado,C,2019-10-01,2019,10,lat_maior_igual_menos15,31581,119653.5514970865,3998.7535664395564,38500.24447839522,118576.11228069055,31215.50842646724
controle_defasado,C,2019-11-01,2019,11,dominio_inteiro,78561,238059.51778050806,10028.097856087246,81734.2063460761,226298.486673225,67475.78503925544
controle_defasado,C,2019-11-01,2019,11,lat_menor_que_menos35,26100,23773.42434401215,1334.0539993656782,17435.273875084327,16446.634541555402,17451.68248953376
controle_defasado,C,2019-11-01,2019,11,lat_menos35_a_menos15,20880,25348.32397290054,7129.596996730279,15330.663226605375,23122.746322465522,18808.59412325443
controle_defasado,C,2019-11-01,2019,11,lat_maior_igual_menos15,31581,188937.76946359535,1564.4468599912898,48968.2692443864,186729.10580920405,31215.50842646724
controle_defasado,C,2019-12-01,2019,12,dominio_inteiro,78561,261457.21862657112,8318.965465619087,87777.2808192023,247258.84547342168,67475.78503925544
controle_defasado,C,2019-12-01,2019,12,lat_menor_que_menos35,26100,30895.273105246815,-5248.717753167193,17232.721748089687,23194.610880720353,17451.68248953376
controle_defasado,C,2019-12-01,2019,12,lat_menos35_a_menos15,20880,52457.345286091804,13257.660725958105,21728.681513160554,47579.29239296046,18808.59412325443
controle_defasado,C,2019-12-01,2019,12,lat_maior_igual_menos15,31581,178104.6002352325,310.02249282817684,48815.87755795205,176484.94219974085,31215.50842646724
controle_defasado,C,2020-01-01,2020,1,dominio_inteiro,78561,258454.62113865514,11791.286481516345,82340.75037982195,244245.5035609148,67475.78503925544
controle_defasado,C,2020-01-01,2020,1,lat_menor_que_menos35,26100,11215.122923019675,-840.2303273249265,12750.678608893108,7765.891494681743,17451.68248953376
controle_defasado,C,2020-01-01,2020,1,lat_menos35_a_menos15,20880,109264.5668392448,-4749.841720067204,28139.814579564496,99306.24280204161,18808.59412325443
controle_defasado,C,2020-01-01,2020,1,lat_maior_igual_menos15,31581,137974.93137639068,17381.35852890847,41450.25719136434,137173.36926419142,31215.50842646724
controle_defasado,C,2020-02-01,2020,2,dominio_inteiro,78561,202495.2261128883,17075.461311018727,77531.9010795569,189522.60116036807,67475.78503925544
controle_defasado,C,2020-02-01,2020,2,lat_menor_que_menos35,26100,17805.13932364529,1475.8198889229668,15133.042977980987,12731.742624722148,17451.68248953376
controle_defasado,C,2020-02-01,2020,2,lat_menos35_a_menos15,20880,75240.47104981416,-1503.5076874814094,24417.738496215658,67941.12848872374,18808.59412325443
controle_defasado,C,2020-02-01,2020,2,lat_maior_igual_menos15,31581,109449.61573942883,17103.149109577167,37981.119605360254,108849.73004692221,31215.50842646724
controle_defasado,C,2020-03-01,2020,3,dominio_inteiro,78561,245890.5569677961,26891.486073008302,89449.74665598052,231392.03552291828,67475.78503925544
controle_defasado,C,2020-03-01,2020,3,lat_menor_que_menos35,26100,24385.962780980066,10910.13848023798,19210.452463772304,17716.093987509634,17451.68248953376
controle_defasado,C,2020-03-01,2020,3,lat_menos35_a_menos15,20880,72744.39826114608,9198.322167221775,27335.964824039438,65907.40408422904,18808.59412325443
controle_defasado,C,2020-03-01,2020,3,lat_maior_igual_menos15,31581,148760.19592566992,6783.025425548549,42903.32936816877,147768.5374511796,31215.50842646724
controle_defasado,C,2020-04-01,2020,4,dominio_inteiro,78561,341374.13390057685,11061.791338608129,99322.10579985348,325662.8815393138,67475.78503925544
controle_defasado,C,2020-04-01,2020,4,lat_menor_que_menos35,26100,35908.40312369319,2737.6691158478543,22123.43991358847,25650.453735422398,17451.68248953376
controle_defasado,C,2020-04-01,2020,4,lat_menos35_a_menos15,20880,42813.36575163655,10484.120780022591,20159.082775479605,38491.57250741284,18808.59412325443
controle_defasado,C,2020-04-01,2020,4,lat_maior_igual_menos15,31581,262652.36502524716,-2159.9985572623177,57039.583110785396,261520.85529647858,31215.50842646724
controle_defasado,C,2020-05-01,2020,5,dominio_inteiro,78561,325679.6732899968,16072.956665370479,96172.48564656387,308900.54229411006,67475.78503925544
controle_defasado,C,2020-05-01,2020,5,lat_menor_que_menos35,26100,47227.45494868108,-3988.9330835447427,23636.94984717056,34647.1457577887,17451.68248953376
controle_defasado,C,2020-05-01,2020,5,lat_menos35_a_menos15,20880,23728.44620717924,7998.005158255606,15911.87949181813,20833.302844993035,18808.59412325443
controle_defasado,C,2020-05-01,2020,5,lat_maior_igual_menos15,31581,254723.77213413647,12063.884590659614,56623.65630757519,253420.0936913283,31215.50842646724
controle_defasado,C,2020-06-01,2020,6,dominio_inteiro,78561,188309.3138567385,-4760.941016771399,73078.82250146965,173844.7174468825,67475.78503925544
controle_defasado,C,2020-06-01,2020,6,lat_menor_que_menos35,26100,39782.789577620555,-6208.666141321222,22627.7552312951,28554.009317189928,17451.68248953376
controle_defasado,C,2020-06-01,2020,6,lat_menos35_a_menos15,20880,18059.29527357504,-558.9460373880328,12480.200020251406,15641.010992288193,18808.59412325443
controle_defasado,C,2020-06-01,2020,6,lat_maior_igual_menos15,31581,130467.22900554293,2006.671161937854,37970.867249923154,129649.69713740438,31215.50842646724
controle_defasado,C,2020-07-01,2020,7,dominio_inteiro,78561,210209.9515408445,18937.170170314865,80396.83710792547,188451.2335984007,67475.78503925544
controle_defasado,C,2020-07-01,2020,7,lat_menor_que_menos35,26100,61554.059322284564,-3549.825370885228,29556.94058403664,42533.801003694585,17451.68248953376
controle_defasado,C,2020-07-01,2020,7,lat_menos35_a_menos15,20880,13789.47593826787,4886.508150823552,11008.094842473734,11991.739600698029,18808.59412325443
controle_defasado,C,2020-07-01,2020,7,lat_maior_igual_menos15,31581,134866.41628029203,17600.48739037654,39831.80168141509,133925.69299400804,31215.50842646724
controle_defasado,C,2020-08-01,2020,8,dominio_inteiro,78561,196465.63927157436,1941.5862633591546,68616.53687531817,185497.44101799,67475.78503925544
controle_defasado,C,2020-08-01,2020,8,lat_menor_que_menos35,26100,23771.996814124064,-5860.455479045906,19155.683116320655,16276.156849596207,17451.68248953376
controle_defasado,C,2020-08-01,2020,8,lat_menos35_a_menos15,20880,24758.550394613892,-1398.0306961635717,13741.40680198778,22286.32851645509,18808.59412325443
controle_defasado,C,2020-08-01,2020,8,lat_maior_igual_menos15,31581,147935.0920628364,9200.072438568632,35719.446957009735,146934.9556519387,31215.50842646724
controle_defasado,C,2020-09-01,2020,9,dominio_inteiro,78561,124905.03819336784,26499.94762604047,61546.96067622476,117898.39115865505,67475.78503925544
controle_defasado,C,2020-09-01,2020,9,lat_menor_que_menos35,26100,11379.055541056276,1035.222031901274,13271.133255935829,7893.91076767575,17451.68248953376
controle_defasado,C,2020-09-01,2020,9,lat_menos35_a_menos15,20880,26032.749502016777,10775.284825848521,14543.965391269656,23535.277178003245,18808.59412325443
controle_defasado,C,2020-09-01,2020,9,lat_maior_igual_menos15,31581,87493.23315029478,14689.440768290679,33731.86202901928,86469.20321297605,31215.50842646724
controle_defasado,C,2020-10-01,2020,10,dominio_inteiro,78561,211997.8317546921,29717.625171850592,82097.33039851388,199592.29096743476,67475.78503925544
controle_defasado,C,2020-10-01,2020,10,lat_menor_que_menos35,26100,16779.25737650499,3412.1340124246794,15370.671513962472,11996.084416241805,17451.68248953376
controle_defasado,C,2020-10-01,2020,10,lat_menos35_a_menos15,20880,66976.14948256759,4014.400890116253,23788.304603556826,60692.28891963575,18808.59412325443
controle_defasado,C,2020-10-01,2020,10,lat_maior_igual_menos15,31581,128242.42489561955,22291.090269309654,42938.35428099458,126903.91763155721,31215.50842646724
controle_defasado,C,2020-11-01,2020,11,dominio_inteiro,78561,421106.4439484315,7018.978642641537,109351.27474528035,406363.134496248,67475.78503925544
controle_defasado,C,2020-11-01,2020,11,lat_menor_que_menos35,26100,17387.786792762206,10880.647813343052,15203.545787391186,12868.094353744109,17451.68248953376
controle_defasado,C,2020-11-01,2020,11,lat_menos35_a_menos15,20880,74677.60703343846,11255.645805083921,26066.845651729724,68698.87438092593,18808.59412325443
controle_defasado,C,2020-11-01,2020,11,lat_maior_igual_menos15,31581,329041.05012223084,-15117.31497578544,68080.88330615943,324796.16576157795,31215.50842646724
controle_defasado,C,2020-12-01,2020,12,dominio_inteiro,78561,290260.16113362875,16645.517332486845,91420.87016944721,277555.2293616957,67475.78503925544
controle_defasado,C,2020-12-01,2020,12,lat_menor_que_menos35,26100,10743.214704371303,1368.3244398363934,12704.094139478184,7608.036489560605,17451.68248953376
controle_defasado,C,2020-12-01,2020,12,lat_menos35_a_menos15,20880,80881.93040939466,14222.334097865478,28022.84158641944,73259.8709699965,18808.59412325443
controle_defasado,C,2020-12-01,2020,12,lat_maior_igual_menos15,31581,198635.01601986284,1054.8587947849737,50693.93444354959,196687.32190213865,31215.50842646724
sst_defasada,C,2019-01-01,2019,1,dominio_inteiro,78561,307868.99213278585,21670.111331444637,92145.35400187624,287969.70822744595,67475.78503925544
sst_defasada,C,2019-01-01,2019,1,lat_menor_que_menos35,26100,14314.271101362898,-2879.2034073072937,13848.966456988559,10187.662469666484,17451.68248953376
sst_defasada,C,2019-01-01,2019,1,lat_menos35_a_menos15,20880,152320.09460937773,15251.082884593423,36143.04401818149,137679.91513919504,18808.59412325443
sst_defasada,C,2019-01-01,2019,1,lat_maior_igual_menos15,31581,141234.6264220452,9298.23185415851,42153.343526706194,140102.13061858443,31215.50842646724
sst_defasada,C,2019-02-01,2019,2,dominio_inteiro,78561,203538.53081290508,13739.854567962651,77487.63520048917,191345.70728211297,67475.78503925544
sst_defasada,C,2019-02-01,2019,2,lat_menor_que_menos35,26100,22108.809842171395,3117.94624567196,18000.07397962304,15580.689783739099,17451.68248953376
sst_defasada,C,2019-02-01,2019,2,lat_menos35_a_menos15,20880,48906.046268893995,3661.7335157686975,21059.563685879497,43834.96220935627,18808.59412325443
sst_defasada,C,2019-02-01,2019,2,lat_maior_igual_menos15,31581,132523.6747018397,6960.1748065219945,38427.997534986636,131930.0552890176,31215.50842646724
sst_defasada,C,2019-03-01,2019,3,dominio_inteiro,78561,254506.9696827736,15538.599443288682,85242.20783405272,244321.21374782096,67475.78503925544
sst_defasada,C,2019-03-01,2019,3,lat_menor_que_menos35,26100,17106.593338517778,5683.874516055745,15976.685700002463,12471.7467317177,17451.68248953376
sst_defasada,C,2019-03-01,2019,3,lat_menos35_a_menos15,20880,58524.219459432505,-320.67091961439974,22790.06952844844,53607.54898688245,18808.59412325443
sst_defasada,C,2019-03-01,2019,3,lat_maior_igual_menos15,31581,178876.15688482331,10175.395846847337,46475.45260560182,178241.91802922083,31215.50842646724
sst_defasada,C,2019-04-01,2019,4,dominio_inteiro,78561,244398.24460470755,-2941.9499099823306,80047.77164366216,231698.76396067376,67475.78503925544
sst_defasada,C,2019-04-01,2019,4,lat_menor_que_menos35,26100,24112.262969118274,4530.425714564446,18989.598956253212,17484.722956266764,17451.68248953376
sst_defasada,C,2019-04-01,2019,4,lat_menos35_a_menos15,20880,47633.79910931207,-3596.0758708557337,19869.31078423192,42025.45724542528,18808.59412325443
sst_defasada,C,2019-04-01,2019,4,lat_maior_igual_menos15,31581,172652.18252627726,-3876.2997536910434,41188.86190317701,172188.58375898172,31215.50842646724
sst_defasada,C,2019-05-01,2019,5,dominio_inteiro,78561,267586.6869400238,-3603.7001707653026,83522.4836972629,257166.2040064558,67475.78503925544
sst_defasada,C,2019-05-01,2019,5,lat_menor_que_menos35,26100,15736.859288410325,-164.06279277479845,14814.073244361376,10906.74101867267,17451.68248953376
sst_defasada,C,2019-05-01,2019,5,lat_menos35_a_menos15,20880,39369.751881025484,-5579.578691113789,17326.936173621034,35307.18708853299,18808.59412325443
sst_defasada,C,2019-05-01,2019,5,lat_maior_igual_menos15,31581,212480.07577058795,2139.941313123287,51381.47427928049,210952.27589925018,31215.50842646724
sst_defasada,C,2019-06-01,2019,6,dominio_inteiro,78561,242462.31130590138,6398.110158139556,74966.65746045813,231016.02957448096,67475.78503925544
sst_defasada,C,2019-06-01,2019,6,lat_menor_que_menos35,26100,20520.78102435967,-6260.111432941384,15875.318803817807,15140.142672375225,17451.68248953376
sst_defasada,C,2019-06-01,2019,6,lat_menos35_a_menos15,20880,38270.77418815487,9991.33182227344,17633.467842473867,33141.907403120975,18808.59412325443
sst_defasada,C,2019-06-01,2019,6,lat_maior_igual_menos15,31581,183670.75609338688,2666.8897688075003,41457.87081416644,182733.97949898476,31215.50842646724
sst_defasada,C,2019-07-01,2019,7,dominio_inteiro,78561,177732.64870045157,8717.735781945063,64863.853868860955,168512.29166524712,67475.78503925544
sst_defasada,C,2019-07-01,2019,7,lat_menor_que_menos35,26100,19604.6712917538,-327.5691806956513,15975.341731237953,14159.62479303618,17451.68248953376
sst_defasada,C,2019-07-01,2019,7,lat_menos35_a_menos15,20880,22100.905932952777,4691.527910717017,13751.862073204542,19304.369798135864,18808.59412325443
sst_defasada,C,2019-07-01,2019,7,lat_maior_igual_menos15,31581,136027.071475745,4353.777051923696,35136.65006441844,135048.29707407506,31215.50842646724
sst_defasada,C,2019-08-01,2019,8,dominio_inteiro,78561,171557.33903622554,27867.63773971662,65882.87720830584,162205.64834732976,67475.78503925544
sst_defasada,C,2019-08-01,2019,8,lat_menor_que_menos35,26100,21946.44236617604,5307.462426807259,17175.762240371416,15970.204969672928,17451.68248953376
sst_defasada,C,2019-08-01,2019,8,lat_menos35_a_menos15,20880,18838.597221213917,9755.240908534253,13810.816898466928,16519.896763753677,18808.59412325443
sst_defasada,C,2019-08-01,2019,8,lat_maior_igual_menos15,31581,130772.29944883558,12804.934404375108,34896.29806946749,129715.54661390315,31215.50842646724
sst_defasada,C,2019-09-01,2019,9,dominio_inteiro,78561,154862.4915414781,5372.127589974167,66230.99096864427,144848.193360413,67475.78503925544
sst_defasada,C,2019-09-01,2019,9,lat_menor_que_menos35,26100,21928.365819548882,-1270.2916284780572,16985.1805627718,16153.541934227667,17451.68248953376
sst_defasada,C,2019-09-01,2019,9,lat_menos35_a_menos15,20880,24674.663314955917,4257.426391554341,14855.396421143694,21668.67092345612,18808.59412325443
sst_defasada,C,2019-09-01,2019,9,lat_maior_igual_menos15,31581,108259.4624069733,2384.992826897883,34390.41398472877,107025.98050272919,31215.50842646724
sst_defasada,C,2019-10-01,2019,10,dominio_inteiro,78561,189748.90542059738,23935.609964750092,73293.28999475576,179198.49573758582,67475.78503925544
sst_defasada,C,2019-10-01,2019,10,lat_menor_que_menos35,26100,14215.827325715043,5868.650142318405,12782.010063770935,9946.11975390586,17451.68248953376
sst_defasada,C,2019-10-01,2019,10,lat_menos35_a_menos15,20880,47250.18279257779,12103.438003186206,20682.514235484152,42151.12450933405,18808.59412325443
sst_defasada,C,2019-10-01,2019,10,lat_maior_igual_menos15,31581,128282.89530230452,5963.521819245481,39828.76569550067,127101.25147434586,31215.50842646724
sst_defasada,C,2019-11-01,2019,11,dominio_inteiro,78561,233272.23898327566,12493.421998280148,81033.79465088111,221627.2357776784,67475.78503925544
sst_defasada,C,2019-11-01,2019,11,lat_menor_que_menos35,26100,23444.62842283645,1435.6404533455132,17347.940108701325,16220.95206968893,17451.68248953376
sst_defasada,C,2019-11-01,2019,11,lat_menos35_a_menos15,20880,25296.674671394536,6961.584736896244,15271.394948759358,23073.512810649805,18808.59412325443
sst_defasada,C,2019-11-01,2019,11,lat_maior_igual_menos15,31581,184530.9358890447,4096.196808038391,48414.45959342044,182332.77089733968,31215.50842646724
sst_defasada,C,2019-12-01,2019,12,dominio_inteiro,78561,264405.0263345725,6759.408769163786,88062.8070124178,250279.57917925133,67475.78503925544
sst_defasada,C,2019-12-01,2019,12,lat_menor_que_menos35,26100,30779.439008701753,-5134.261183218028,17227.190003396623,23114.434679167694,17451.68248953376
sst_defasada,C,2019-12-01,2019,12,lat_menos35_a_menos15,20880,52113.82255102598,12947.31445046709,21589.783885987075,47286.94037206098,18808.59412325443
sst_defasada,C,2019-12-01,2019,12,lat_maior_igual_menos15,31581,181511.76477484475,-1053.6444980852739,49245.83312303413,179878.20412802265,31215.50842646724
sst_defasada,C,2020-01-01,2020,1,dominio_inteiro,78561,261515.32873765158,15494.18758615877,83420.7600996386,247115.18340244598,67475.78503925544
sst_defasada,C,2020-01-01,2020,1,lat_menor_que_menos35,26100,11191.493549675772,-448.66627378480854,12772.57493581344,7745.664751302731,17451.68248953376
sst_defasada,C,2020-01-01,2020,1,lat_menos35_a_menos15,20880,111933.73863421893,-3721.0017996205765,28604.08825139211,101799.79430156574,18808.59412325443
sst_defasada,C,2020-01-01,2020,1,lat_maior_igual_menos15,31581,138390.0965537569,19663.855659564153,42044.096912433044,137569.7243495775,31215.50842646724
sst_defasada,C,2020-02-01,2020,2,dominio_inteiro,78561,206935.31126048104,19755.364556940556,78060.94954911643,193992.09553983266,67475.78503925544
sst_defasada,C,2020-02-01,2020,2,lat_menor_que_menos35,26100,17647.460219503086,1867.875978038296,15122.963082408982,12615.906068120847,17451.68248953376
sst_defasada,C,2020-02-01,2020,2,lat_menos35_a_menos15,20880,74584.26094280466,-1303.5056445270864,24254.288042867396,67283.07745574895,18808.59412325443
sst_defasada,C,2020-02-01,2020,2,lat_maior_igual_menos15,31581,114703.59009817328,19190.994223429345,38683.698423840055,114093.11201596286,31215.50842646724
sst_defasada,C,2020-03-01,2020,3,dominio_inteiro,78561,245457.89461932756,28934.220474415954,89617.65920580848,231243.86457462783,67475.78503925544
sst_defasada,C,2020-03-01,2020,3,lat_menor_que_menos35,26100,23249.596468085118,9883.200925627087,18757.39901326413,16887.124475670716,17451.68248953376
sst_defasada,C,2020-03-01,2020,3,lat_menos35_a_menos15,20880,72996.1398002288,8804.828007985923,27381.223545018667,66123.682231768,18808.59412325443
sst_defasada,C,2020-03-01,2020,3,lat_maior_igual_menos15,31581,149212.1583510136,10246.191540802944,43479.03664752569,148233.05786718908,31215.50842646724
sst_defasada,C,2020-04-01,2020,4,dominio_inteiro,78561,345180.3013962992,15262.222615847008,100774.28660008778,329006.7953640611,67475.78503925544
sst_defasada,C,2020-04-01,2020,4,lat_menor_que_menos35,26100,37133.94238463248,2935.5138979879584,22557.142530143912,26482.587476210003,17451.68248953376
sst_defasada,C,2020-04-01,2020,4,lat_menos35_a_menos15,20880,43385.81988907576,11011.147219825547,20522.980228805267,38994.959765947424,18808.59412325443
sst_defasada,C,2020-04-01,2020,4,lat_maior_igual_menos15,31581,264660.53912259085,1315.5614980335017,57694.16384113861,263529.24812190357,31215.50842646724
sst_defasada,C,2020-05-01,2020,5,dominio_inteiro,78561,325132.91889358714,13512.864826249752,95877.12790145593,308096.1270794293,67475.78503925544
sst_defasada,C,2020-05-01,2020,5,lat_menor_que_menos35,26100,48946.46271252226,-5905.652620761914,23791.17493317189,35951.789820940634,17451.68248953376
sst_defasada,C,2020-05-01,2020,5,lat_menos35_a_menos15,20880,22846.780302556763,7292.430036718755,15671.744957713858,20071.77855271525,18808.59412325443
sst_defasada,C,2020-05-01,2020,5,lat_maior_igual_menos15,31581,253339.6758785081,12126.08741029291,56414.20801057018,252072.55870577344,31215.50842646724
sst_defasada,C,2020-06-01,2020,6,dominio_inteiro,78561,190527.816303216,-5567.704782417138,73421.16204002209,175775.5947991693,67475.78503925544
sst_defasada,C,2020-06-01,2020,6,lat_menor_que_menos35,26100,40634.977915300464,-6830.824353802289,22778.410408006435,29106.47966780247,17451.68248953376
sst_defasada,C,2020-06-01,2020,6,lat_menos35_a_menos15,20880,17909.662780514915,-451.0130490891506,12536.53350323327,15507.475784317625,18808.59412325443
sst_defasada,C,2020-06-01,2020,6,lat_maior_igual_menos15,31581,131983.17560740063,1714.132620474302,38106.21812878236,131161.63934704923,31215.50842646724
sst_defasada,C,2020-07-01,2020,7,dominio_inteiro,78561,213833.91729095537,20218.535658852976,81216.25303575602,191541.10548628969,67475.78503925544
sst_defasada,C,2020-07-01,2020,7,lat_menor_que_menos35,26100,62286.92183193298,-2198.1848835719575,29708.801982525478,42794.8640756623,17451.68248953376
sst_defasada,C,2020-07-01,2020,7,lat_menos35_a_menos15,20880,14427.216844015846,5719.592538032237,11486.650021350017,12575.992325853951,18808.59412325443
sst_defasada,C,2020-07-01,2020,7,lat_maior_igual_menos15,31581,137119.77861500657,16697.128004392696,40020.80103188053,136170.24908477347,31215.50842646724
sst_defasada,C,2020-08-01,2020,8,dominio_inteiro,78561,198334.1159726231,1139.1221751751232,68952.85966110896,187573.33246811558,67475.78503925544
sst_defasada,C,2020-08-01,2020,8,lat_menor_que_menos35,26100,23300.919468831526,-5283.329750557938,18946.386622495615,16020.179923753858,17451.68248953376
sst_defasada,C,2020-08-01,2020,8,lat_menos35_a_menos15,20880,24662.178079865364,-1366.1158802365308,13764.428574705615,22193.06143824663,18808.59412325443
sst_defasada,C,2020-08-01,2020,8,lat_maior_igual_menos15,31581,150371.01842392626,7788.567805969591,36242.04446390774,149360.09110611508,31215.50842646724
sst_defasada,C,2020-09-01,2020,9,dominio_inteiro,78561,123493.38213575273,25854.111113675823,61244.710706047095,116590.66344600426,67475.78503925544
sst_defasada,C,2020-09-01,2020,9,lat_menor_que_menos35,26100,11124.594263250896,817.4674310895243,13119.188351267927,7700.611394867866,17451.68248953376
sst_defasada,C,2020-09-01,2020,9,lat_menos35_a_menos15,20880,25811.992282712927,10546.392261948513,14531.097471303823,23356.16628670915,18808.59412325443
sst_defasada,C,2020-09-01,2020,9,lat_maior_igual_menos15,31581,86556.7955897889,14490.251420637785,33594.424883475345,85533.88576442725,31215.50842646724
sst_defasada,C,2020-10-01,2020,10,dominio_inteiro,78561,212827.53855705232,28872.673465250242,82387.49335840864,200188.19562201182,67475.78503925544
sst_defasada,C,2020-10-01,2020,10,lat_menor_que_menos35,26100,17067.006695625612,3128.179463894399,15415.153161997754,12166.867246418795,17451.68248953376
sst_defasada,C,2020-10-01,2020,10,lat_menos35_a_menos15,20880,68160.30795192313,3456.7816047185843,23824.457329406032,61757.18819907369,18808.59412325443
sst_defasada,C,2020-10-01,2020,10,lat_maior_igual_menos15,31581,127600.2239095036,22287.712396637256,43147.88286700487,126264.1401765193,31215.50842646724
sst_defasada,C,2020-11-01,2020,11,dominio_inteiro,78561,425935.94798849325,4302.767527565934,109912.52242618566,410968.4292051992,67475.78503925544
sst_defasada,C,2020-11-01,2020,11,lat_menor_que_menos35,26100,17522.01248139673,11046.136589732561,15264.085239554808,12975.11679128672,17451.68248953376
sst_defasada,C,2020-11-01,2020,11,lat_menos35_a_menos15,20880,75034.69834446823,11035.750346383924,26133.00611875542,69029.91345083051,18808.59412325443
sst_defasada,C,2020-11-01,2020,11,lat_maior_igual_menos15,31581,333379.23716262827,-17779.119408550556,68515.43106787543,328963.39896308206,31215.50842646724
sst_defasada,C,2020-12-01,2020,12,dominio_inteiro,78561,295047.07186009525,12564.393711927647,91477.94266820607,282313.0474489606,67475.78503925544
sst_defasada,C,2020-12-01,2020,12,lat_menor_que_menos35,26100,10677.416327659528,1276.603753311287,12754.602572680027,7535.804293728765,17451.68248953376
sst_defasada,C,2020-12-01,2020,12,lat_menos35_a_menos15,20880,80485.45508839798,13439.86727587297,27860.996707156708,72867.12903969735,18808.59412325443
sst_defasada,C,2020-12-01,2020,12,lat_maior_igual_menos15,31581,203884.20044403776,-2152.077317256612,50862.34338836932,201910.11411553452,31215.50842646724
climatologia,C,2019-01-01,2019,1,dominio_inteiro,78561,337709.8513413746,24150.561004502582,100741.24785853166,317364.0926850967,67475.78503925544
climatologia,C,2019-01-01,2019,1,lat_menor_que_menos35,26100,14901.587675241131,-3164.741459533572,14069.420881465077,10587.618390352452,17451.68248953376
climatologia,C,2019-01-01,2019,1,lat_menos35_a_menos15,20880,152510.9239677052,15580.839622201282,36233.31827929977,137755.0411027252,18808.59412325443
climatologia,C,2019-01-01,2019,1,lat_maior_igual_menos15,31581,170297.33969842835,11734.462841834873,50438.50869776681,169021.43319201906,31215.50842646724
climatologia,C,2019-02-01,2019,2,dominio_inteiro,78561,268263.65189458453,15773.232464539702,89297.28790858097,255357.40632837705,67475.78503925544
climatologia,C,2019-02-01,2019,2,lat_menor_que_menos35,26100,23070.16057107017,4426.460570082068,18251.671732887626,16300.682729362594,17451.68248953376
climatologia,C,2019-02-01,2019,2,lat_menos35_a_menos15,20880,51612.27589281821,2673.726712834905,21571.366775299306,46228.402801567354,18808.59412325443
climatologia,C,2019-02-01,2019,2,lat_maior_igual_menos15,31581,193581.2154306962,8673.045181622729,49474.24940039404,192828.32079744714,31215.50842646724
climatologia,C,2019-03-01,2019,3,dominio_inteiro,78561,336491.4614365721,18854.13737474382,97531.69584493339,325175.3449291726,67475.78503925544
climatologia,C,2019-03-01,2019,3,lat_menor_que_menos35,26100,19637.663508478905,8142.345657259226,17354.5698992908,14231.169034831224,17451.68248953376
climatologia,C,2019-03-01,2019,3,lat_menos35_a_menos15,20880,61220.08852746229,-1420.8769983444363,23057.815660921857,56092.381172956186,18808.59412325443
climatologia,C,2019-03-01,2019,3,lat_maior_igual_menos15,31581,255633.70940063082,12132.66871582903,57119.310284720734,254851.79472138514,31215.50842646724
climatologia,C,2019-04-01,2019,4,dominio_inteiro,78561,338452.360547524,862.117072425317,91233.40344332578,325793.08204583084,67475.78503925544
climatologia,C,2019-04-01,2019,4,lat_menor_que_menos35,26100,25332.5876912783,4477.246882528067,19477.929170638323,18281.37728308466,17451.68248953376
climatologia,C,2019-04-01,2019,4,lat_menos35_a_menos15,20880,42897.54008996585,-4671.421862205025,18774.315870690625,37928.09801694557,18808.59412325443
climatologia,C,2019-04-01,2019,4,lat_maior_igual_menos15,31581,270222.23276627983,1056.2920521022752,52981.15840199683,269583.60674580064,31215.50842646724
climatologia,C,2019-05-01,2019,5,dominio_inteiro,78561,255647.74729078298,-4794.413395746145,82483.44799468713,245145.5755392852,67475.78503925544
climatologia,C,2019-05-01,2019,5,lat_menor_que_menos35,26100,15813.064674526844,1350.6214265227318,14945.961643755436,10995.273180787222,17451.68248953376
climatologia,C,2019-05-01,2019,5,lat_menos35_a_menos15,20880,42385.101119152314,-5342.434566982556,17987.574258121196,37978.59880589736,18808.59412325443
climatologia,C,2019-05-01,2019,5,lat_maior_igual_menos15,31581,197449.5814971038,-802.600255286321,49549.9120928105,196171.70355260064,31215.50842646724
climatologia,C,2019-06-01,2019,6,dominio_inteiro,78561,272032.7730948317,8343.696128884796,79932.52684946498,260748.74550231063,67475.78503925544
climatologia,C,2019-06-01,2019,6,lat_menor_que_menos35,26100,19003.1138972903,-5054.995585262775,15496.500529944897,14064.607634193522,17451.68248953376
climatologia,C,2019-06-01,2019,6,lat_menos35_a_menos15,20880,38203.63117634062,10414.138548244257,17914.049282047432,33090.479343735526,18808.59412325443
climatologia,C,2019-06-01,2019,6,lat_maior_igual_menos15,31581,214826.02802120076,2984.553165903315,46521.97703747265,213593.6585243816,31215.50842646724
climatologia,C,2019-07-01,2019,7,dominio_inteiro,78561,176278.0759120135,8334.36610634718,64416.81542631332,167292.12659855827,67475.78503925544
climatologia,C,2019-07-01,2019,7,lat_menor_que_menos35,26100,19232.184696007156,-321.30846697092056,15882.631517231464,13876.555835408944,17451.68248953376
climatologia,C,2019-07-01,2019,7,lat_menos35_a_menos15,20880,19729.93159876157,2287.0196558376774,12954.243266626261,17164.000547425207,18808.59412325443
climatologia,C,2019-07-01,2019,7,lat_maior_igual_menos15,31581,137315.95961724478,6368.654917480424,35579.94064245559,136251.57021572412,31215.50842646724
climatologia,C,2019-08-01,2019,8,dominio_inteiro,78561,190831.25024629824,29549.00163162453,68931.37163298251,180816.40942017123,67475.78503925544
climatologia,C,2019-08-01,2019,8,lat_menor_que_menos35,26100,23450.635121152627,4782.920839428902,17403.90231370926,17208.199021789922,17451.68248953376
climatologia,C,2019-08-01,2019,8,lat_menos35_a_menos15,20880,20033.391855029546,10476.297752616927,14341.541163174435,17545.598821567986,18808.59412325443
climatologia,C,2019-08-01,2019,8,lat_maior_igual_menos15,31581,147347.22327011608,14289.783039578702,37185.92815609882,146062.61157681333,31215.50842646724
climatologia,C,2019-09-01,2019,9,dominio_inteiro,78561,161573.81308304492,10806.101565275574,68993.49741681083,150928.34048056422,67475.78503925544
climatologia,C,2019-09-01,2019,9,lat_menor_que_menos35,26100,23609.200675960354,-883.232611477375,17822.050087034702,17466.659673263035,17451.68248953376
climatologia,C,2019-09-01,2019,9,lat_menos35_a_menos15,20880,27539.163281199868,6712.161077083787,15997.484781308332,24287.995205608706,18808.59412325443
climatologia,C,2019-09-01,2019,9,lat_maior_igual_menos15,31581,110425.4491258847,4977.173099669162,35173.962548467796,109173.6856016925,31215.50842646724
climatologia,C,2019-10-01,2019,10,dominio_inteiro,78561,188493.5399405468,24860.013877149642,73846.75083679377,178669.31908833203,67475.78503925544
climatologia,C,2019-10-01,2019,10,lat_menor_que_menos35,26100,10645.1168967628,2936.864397317171,11756.578639775515,7442.622743706526,17451.68248953376
climatologia,C,2019-10-01,2019,10,lat_menos35_a_menos15,20880,50893.902498479525,13147.20324862373,22159.6113193263,45474.13861306773,18808.59412325443
climatologia,C,2019-10-01,2019,10,lat_maior_igual_menos15,31581,126954.52054530449,8775.946231208742,39930.560877691954,125752.55773155778,31215.50842646724
climatologia,C,2019-11-01,2019,11,dominio_inteiro,78561,257155.13108365797,10718.451543180676,86424.15345219737,243847.30825772567,67475.78503925544
climatologia,C,2019-11-01,2019,11,lat_menor_que_menos35,26100,27930.506783729033,100.21627923846245,18130.36123022437,19297.171073367936,17451.68248953376
climatologia,C,2019-11-01,2019,11,lat_menos35_a_menos15,20880,29203.844316486313,8731.647106329383,16421.79641496231,26766.522114475018,18808.59412325443
climatologia,C,2019-11-01,2019,11,lat_maior_igual_menos15,31581,200020.77998344263,1886.5881576128304,51871.99580701068,197783.61506988274,31215.50842646724
climatologia,C,2019-12-01,2019,12,dominio_inteiro,78561,306215.86395865784,2099.6523155007744,96097.67427721585,291295.07726520975,67475.78503925544
climatologia,C,2019-12-01,2019,12,lat_menor_que_menos35,26100,31110.407278492832,-6641.252813801169,17132.987995371222,23188.970855205236,17451.68248953376
climatologia,C,2019-12-01,2019,12,lat_menos35_a_menos15,20880,55120.674296003745,14686.121495011845,22579.6376420554,49957.189752336584,18808.59412325443
climatologia,C,2019-12-01,2019,12,lat_maior_igual_menos15,31581,219984.7823841612,-5945.216365709901,56385.048639789224,218148.91665766796,31215.50842646724
climatologia,C,2020-01-01,2020,1,dominio_inteiro,78561,295393.2211672633,8190.439849717426,91054.53365090617,280300.1939992824,67475.78503925544
climatologia,C,2020-01-01,2020,1,lat_menor_que_menos35,26100,12267.814440897255,-2921.581211730838,13409.596490740776,8428.229050911255,17451.68248953376
climatologia,C,2020-01-01,2020,1,lat_menos35_a_menos15,20880,113289.99974682048,-4264.6880267245,28843.073922795593,102941.37992603402,18808.59412325443
climatologia,C,2020-01-01,2020,1,lat_maior_igual_menos15,31581,169835.40697954557,15376.709088172764,48801.863237369806,168930.58502233712,31215.50842646724
climatologia,C,2020-02-01,2020,2,dominio_inteiro,78561,260889.3506005627,14895.703320252593,88668.81747512042,246163.10459721973,67475.78503925544
climatologia,C,2020-02-01,2020,2,lat_menor_que_menos35,26100,18735.404324655854,1822.8190600723028,15631.00231795013,13444.534914396332,17451.68248953376
climatologia,C,2020-02-01,2020,2,lat_menos35_a_menos15,20880,90288.94780045752,-2647.1217521309154,26610.002124071936,81539.14881727034,18808.59412325443
climatologia,C,2020-02-01,2020,2,lat_maior_igual_menos15,31581,151864.9984754493,15720.006012311205,46427.813033098355,151179.42086555308,31215.50842646724
climatologia,C,2020-03-01,2020,3,dominio_inteiro,78561,300275.5124865427,23692.585899218917,100205.21962724626,283743.4656318173,67475.78503925544
climatologia,C,2020-03-01,2020,3,lat_menor_que_menos35,26100,25675.026761648893,10079.735031038523,19724.414277523756,18778.132775719587,17451.68248953376
climatologia,C,2020-03-01,2020,3,lat_menos35_a_menos15,20880,88311.91613319752,10110.096436103806,30403.159015217796,80028.45617884216,18808.59412325443
climatologia,C,2020-03-01,2020,3,lat_maior_igual_menos15,31581,186288.56959169626,3502.7544320765883,50077.64633450471,184936.87667725555,31215.50842646724
climatologia,C,2020-04-01,2020,4,dominio_inteiro,78561,372903.3472250092,5037.278434119653,103231.99148262618,358299.01225226256,67475.78503925544
climatologia,C,2020-04-01,2020,4,lat_menor_que_menos35,26100,30333.546949679807,2325.296046346426,20733.285859376192,21817.06016156659,17451.68248953376
climatologia,C,2020-04-01,2020,4,lat_menos35_a_menos15,20880,48666.86939506802,12111.77744809771,21714.009306533728,43797.65326236842,18808.59412325443
climatologia,C,2020-04-01,2020,4,lat_maior_igual_menos15,31581,293902.9308802613,-9399.795060324483,60784.69631671626,292684.2988283275,31215.50842646724
climatologia,C,2020-05-01,2020,5,dominio_inteiro,78561,339932.13970702677,7122.176341192331,96021.52470161347,322540.74636075477,67475.78503925544
climatologia,C,2020-05-01,2020,5,lat_menor_que_menos35,26100,47851.21037567448,-4325.072085440159,23444.743474543095,35029.62187657862,17451.68248953376
climatologia,C,2020-05-01,2020,5,lat_menos35_a_menos15,20880,27170.455729840724,10523.507434360217,17170.58207326336,23831.372092661593,18808.59412325443
climatologia,C,2020-05-01,2020,5,lat_maior_igual_menos15,31581,264910.47360151156,923.7409922722727,55406.199153807014,263679.75239151454,31215.50842646724
climatologia,C,2020-06-01,2020,6,dominio_inteiro,78561,199136.20495098538,-8932.320106466766,75609.1597142038,184820.14870967704,67475.78503925544
climatologia,C,2020-06-01,2020,6,lat_menor_que_menos35,26100,38320.036709245425,-5608.048487484455,22349.83239787817,27330.00263094078,17451.68248953376
climatologia,C,2020-06-01,2020,6,lat_menos35_a_menos15,20880,18870.8951605702,77.01849209191278,13101.997116508428,16392.404005996275,18808.59412325443
climatologia,C,2020-06-01,2020,6,lat_maior_igual_menos15,31581,141945.27308116975,-3401.290111074224,40157.330199817196,141097.74207273996,31215.50842646724
climatologia,C,2020-07-01,2020,7,dominio_inteiro,78561,190591.14577485138,9495.346330956556,75614.19163199794,171028.04544418625,67475.78503925544
climatologia,C,2020-07-01,2020,7,lat_menor_que_menos35,26100,54682.545404038254,-3292.3053236603737,28307.174234092236,37855.45469296188,17451.68248953376
climatologia,C,2020-07-01,2020,7,lat_menos35_a_menos15,20880,15182.96236125679,7398.963854446076,12262.74776529055,13325.899206829738,18808.59412325443
climatologia,C,2020-07-01,2020,7,lat_maior_igual_menos15,31581,120725.63800955632,5388.687800170854,35044.26963261515,119846.69154439463,31215.50842646724
climatologia,C,2020-08-01,2020,8,dominio_inteiro,78561,218950.33349075334,-2137.0087290932424,73427.71358867874,207155.62093103895,67475.78503925544
climatologia,C,2020-08-01,2020,8,lat_menor_que_menos35,26100,26633.351905398453,-3989.9368265867233,20099.59360897541,18428.34537246932,17451.68248953376
climatologia,C,2020-08-01,2020,8,lat_menos35_a_menos15,20880,23524.459278321134,293.1770250778645,13964.422336356714,21116.78831066274,18808.59412325443
climatologia,C,2020-08-01,2020,8,lat_maior_igual_menos15,31581,168792.52230703374,1559.7510724156164,39363.69764334662,167610.48724790686,31215.50842646724
climatologia,C,2020-09-01,2020,9,dominio_inteiro,78561,140965.61213095387,25939.965014372254,66210.65451488341,132388.20204513345,67475.78503925544
climatologia,C,2020-09-01,2020,9,lat_menor_que_menos35,26100,14484.73172542109,595.4260646700859,14772.543067276478,10001.415236165016,17451.68248953376
climatologia,C,2020-09-01,2020,9,lat_menos35_a_menos15,20880,31776.992393921926,12815.749181331834,16491.398959406884,28808.499430579246,18808.59412325443
climatologia,C,2020-09-01,2020,9,lat_maior_igual_menos15,31581,94703.88801161086,12528.789768370334,34946.71248820005,93578.28737838921,31215.50842646724
climatologia,C,2020-10-01,2020,10,dominio_inteiro,78561,227996.19573441063,26969.688330884994,86267.94030935827,213342.92437406298,67475.78503925544
climatologia,C,2020-10-01,2020,10,lat_menor_que_menos35,26100,19991.33580856434,3575.0022146999836,17036.32691398263,14261.224992927588,17451.68248953376
climatologia,C,2020-10-01,2020,10,lat_menos35_a_menos15,20880,79664.08292727853,3603.261750820995,25940.23888208854,72128.84777235585,18808.59412325443
climatologia,C,2020-10-01,2020,10,lat_maior_igual_menos15,31581,128340.7769985678,19791.424365364015,43291.3745132871,126952.85160877954,31215.50842646724
climatologia,C,2020-11-01,2020,11,dominio_inteiro,78561,472738.730262526,380.6944325849763,117942.14237121659,454888.65231703286,67475.78503925544
climatologia,C,2020-11-01,2020,11,lat_menor_que_menos35,26100,22530.841552143913,13675.32194635272,17655.92827704549,16774.156538606716,17451.68248953376
climatologia,C,2020-11-01,2020,11,lat_menos35_a_menos15,20880,86075.80282504161,11315.892788092078,28313.328420718924,78886.34410261786,18808.59412325443
climatologia,C,2020-11-01,2020,11,lat_maior_igual_menos15,31581,364132.0858853405,-24610.520301859826,71972.88567345217,359228.1516758083,31215.50842646724
climatologia,C,2020-12-01,2020,12,dominio_inteiro,78561,327167.8181757311,2423.989321116009,94207.64214620006,313877.61177219683,67475.78503925544
climatologia,C,2020-12-01,2020,12,lat_menor_que_menos35,26100,10387.823450568623,1933.0822844654322,12426.616008922458,7399.505298897277,17451.68248953376
climatologia,C,2020-12-01,2020,12,lat_menos35_a_menos15,20880,82886.45353696955,12459.457905534306,28418.61266480398,74805.22447726024,18808.59412325443
climatologia,C,2020-12-01,2020,12,lat_maior_igual_menos15,31581,233893.54118819293,-11968.550868883729,53362.41347247362,231672.8819960393,31215.50842646724
